{
  "format_version": "1.13.0",
  "minecraft:entity": {
    "description": {
      "identifier": "darkage:panda_jade",
      "is_spawnable": true,
      "is_summonable": true,
      "is_experimental": false,
         "scripts": {
				"animate": [
					"attack",
          "armor",
          "remove"
				]
			},
			"animations": {
				"attack": "controller.animation.panda.attack",
        "armor": "controller.animation.armor.defense",
        "remove": "controller.animation.remove.structures"
			}
		},
    "component_groups": {
      "minecraft:death": {
        "minecraft:transformation": {
              "into": "darkage:panda_death",
              "delay": 0
        }
     },
      "minecraft:panda_attack1": {
        "minecraft:attack": {
               "damage": 10
               },
               "minecraft:behavior.delayed_attack": {
                "priority": 3,
                "reach_multiplier": 3.5,
                "speed_multiplier": 1.0,
                "attack_duration": 1.24,
                "hit_delay_pct": 0.56,
                "track_target": true
              },
              "minecraft:mark_variant": {
                "value": 1
              }
        },
        "minecraft:panda_attack2": {
          "minecraft:attack": {
                 "damage": 8
                 },
                 "minecraft:behavior.delayed_attack": {
                  "priority": 3,
                  "reach_multiplier": 2.5,
                  "speed_multiplier": 1.0,
                  "attack_duration": 1.28,
                  "hit_delay_pct": 0.64,
                  "track_target": true
                },
                "minecraft:mark_variant": {
                  "value": 2
                }
          },
          "minecraft:panda_attack3": {
            "minecraft:attack": {
                   "damage": 14
                   },
                   "minecraft:behavior.delayed_attack": {
                    "priority": 3,
                    "reach_multiplier": 3.5,
                    "speed_multiplier": 1.0,
                    "attack_duration": 1.04,
                    "hit_delay_pct": 0.64,
                    "track_target": true
                  },
                  "minecraft:mark_variant": {
                    "value": 3
                  }
            }
  },
    "components": {
      "minecraft:experience_reward": {
        "on_death": "query.last_hit_by_player ? 5 + (query.equipment_count * Math.Random(1,2)) : 0"
      },
      "minecraft:type_family": {
        "family": [ "panda", "monster" ]
      },
      "minecraft:health": {
        "value": 300,
        "max": 300
      },
          "minecraft:collision_box": {
            "width": 1.4,
            "height": 4.0
          },
            "minecraft:movement": {
        "value": 0.25
      },
      "minecraft:movement.basic": {
      },
            "minecraft:navigation.walk": {
      "can_path_over_water": true,
        "can_float": true,
        "avoid_water": false,
        "avoid_damage_blocks": false
      },
      "minecraft:can_climb": {
      },
      "minecraft:jump.static": {
      },
      "minecraft:behavior.float": {
                "priority": 20
            },         
            "minecraft:behavior.nearest_attackable_target": {
              "priority": 2,
              "scan_interval": 20,
              "within_radius": 40.0,
              "reselect_targets": true,
              "entity_types": [
                {
                  "filters": {
                    "any_of": [
                      { "test": "is_family", "subject": "other", "value": "player" },
                      { "test": "is_family", "subject": "other", "value": "snowgolem" },
                      { "test": "is_family", "subject": "other", "value": "irongolem" },
                      { "test": "is_family", "subject": "other", "value": "stinky_medical" },
                      { "test": "is_family", "subject": "other", "value": "plague" },
                      { "test": "is_family", "subject": "other", "value": "unbound_elemental" },
                      { "test": "is_family", "subject": "other", "value": "nagars" }
                    ]
                  },
                  "max_dist": 40
                },
                {
                  "filters": {
                    "any_of": [
                      { "test": "is_family", "subject": "other", "value": "villager" },
                      { "test": "is_family", "subject": "other", "value": "wandering_trader" }
                    ]
                  },
                  "max_dist": 40,
                  "must_see": false
                },
                {
                  "filters": {
                    "all_of": [
                      { "test": "is_family", "subject": "other", "value": "baby_turtle" },
                      { "test": "in_water", "subject": "other", "operator": "!=", "value": true }
                    ]
                  },
                  "max_dist": 40
                }
              ],
              "must_see": true,
              "must_see_forget_duration": 0.5
            },
      "minecraft:behavior.look_at_player": {
        "priority": 9,
        "look_distance": 6.0,
        "probability": 7.0
      },
      "minecraft:angry": {
        "duration": 30,
        "broadcast_anger": true,
        "broadcast_anger_on_attack": true,
        "broadcast_anger_on_being_attacked": true,
        "broadcast_range": 30,
        "broadcast_targets": [ 
          "panda"
          ]
        },
      "minecraft:follow_range": {
        "value": 40,
        "max": 40
      },
      "minecraft:damage_sensor": {
        "triggers": {
            "on_damage": { 
              "filters": { 
                "with_damage_fatal": true
            },
             "event": "minecraft:death_event"
            },
             "deals_damage": false
        }
      },
      "minecraft:behavior.random_look_around": {
        "priority": 7
      },
      "minecraft:behavior.look_at_entity": {
        "priority": 9,
        "look_distance": 6.0,
        "probability": 7.0,
        "filters": { "test" :  "is_family", "subject" : "other", "value" :  "mob"}
      },
      "minecraft:behavior.move_towards_restriction": {
        "priority": 4,
        "speed_multiplier": 1
      },
      "minecraft:behavior.random_stroll": {
        "priority": 6,
        "speed_multiplier": 0.7
      },
      "minecraft:knockback_resistance": {
        "value": 1.0
      },
            "minecraft:hurt_on_condition": {
        "damage_conditions": [
          {
            "filters": { "test": "in_lava", "subject": "self", "operator": "==", "value": true },
            "cause": "lava",
            "damage_per_tick": 4
          }
        ]
      },
      "minecraft:behavior.hurt_by_target": {
        "priority": 1,
        "alert_same_type": true,
        "entity_types": {
          "filters": {
            "any_of": [
            {"test": "is_family",
            "subject": "other",
            "operator": "!=",
            "value": "panda"}
            ]
          },
          "max_dist": 64
        }
      },
      "minecraft:physics": {
      },
      "minecraft:pushable": {
                "is_pushable": true,
                "is_pushable_by_piston": true
              }
           },
           
       "events": {  
        "minecraft:entity_spawned": {
          "randomize": [
            {
              "weight": 280,
              "remove": {},
              "add": {
                "component_groups": [
                  "minecraft:panda_attack1"
                ]
              }
            }
          ]
        },
        "minecraft:death_event": {
          "add": { 
            "component_groups": [ 
              "minecraft:death" 
            ]
          }
        },
        "minecraft:panda_attacks": {
          "randomize": [
            {
              "weight": 60,
              "remove": {
              "component_groups": [
              "minecraft:panda_attack2",
              "minecraft:panda_attack3"
                ]
              },
              "add": {
                "component_groups": [
               "minecraft:panda_attack1"
                ]
              }
            },
            {
              "weight": 40,
              "remove": {
              "component_groups": [
              "minecraft:panda_attack1",
              "minecraft:panda_attack3"
                ]
              },
              "add": {
                "component_groups": [
               "minecraft:panda_attack2"
                ]
              }
            },
            {
              "weight": 20,
              "remove": {
              "component_groups": [
              "minecraft:panda_attack1",
              "minecraft:panda_attack2"
                ]
              },
              "add": {
                "component_groups": [
               "minecraft:panda_attack3"
                ]
              }
            }
          ]
        }
    }
  }
}
