{
	"format_version": "1.18.0",
	"minecraft:entity": {
		"description": {
			"identifier": "zk:darkphantom",
			"is_spawnable": true,
			"is_summonable": true,
			"is_experimental": false
		},
		"component_groups": {
			"despawn": {
				"minecraft:instant_despawn": {}
			}
		},
		"components": {
			"minecraft:projectile": {
				"destroy_on_hurt": false,
				"semi_random_diff_damage": false,
				"inertia": 1,
				"liquid_inertia": 1,
				"on_hit": {
					"definition_event": {
						"event_trigger": {
							"event": "hit"
						}
					},
					"mob_effect": {
						"effect": "darkness",
						"duration": 4,
						"amplifier": 3,
						"visible": true
					},
					"impact_damage": {
						"damage": 10,
						"knockback": false,
						"destroy_on_hit": false
					}
				},
				"gravity": 0,
				"power": 1.3
			},
			"minecraft:collision_box": {
				"width": 0.01,
				"height": 0.01
			},
			"minecraft:damage_sensor": {
				"triggers": {
					"cause": "all",
					"deals_damage": false
				}
			},
			"minecraft:physics": {
				"has_gravity": false,
				"has_collision": false
			},
			"minecraft:timer": {
				"time": 7,
				"time_down_event": {
					"event": "hit"
				}
			}
		},
		"events": {
			"hit": {
				"sequence": [
					{
						"run_command": {
							"command": [
								"effect @e[r=1] slowness 5 255 true",
								"particle zk:darkphantomhit ~~~"
							]
						}
					},
					{
						"add": {
							"component_groups": [
								"despawn"
							]
						}
					}
				]
			}
		}
	}
}