{
	"format_version": "1.16.0",
	"minecraft:entity": {
		"description": {
			"identifier": "zk:darknessshot",
			"is_spawnable": false,
			"is_summonable": true,
			"is_experimental": false,
			"runtime_identifier": "minecraft:snowball"
		},
		"component_groups": {
			"despawn": {
				"minecraft:instant_despawn": {}
			}
		},
		"components": {
			"minecraft:projectile": {
				"on_hit": {
					"impact_damage": {
						"damage": 12,
						"destroy_on_hit": true,
						"semi_random_diff_damage": false,
						"max_critical_damage": 15,
						"min_critical_damage": 13
					},
					"stick_in_ground": {
						"shake_time": 0.2
					},
					"mob_effect": {
						"effect": "darkness",
						"duration": 3,
						"amplifier": 5,
						"visible": false
					},
					"definition_event": {
						"event_trigger": {
							"event": "onhit"
						}
					}
				},
				"power": 1.2,
				"gravity": 0,
				"liquid_inertia": 0.2,
				"destroy_on_hurt": false,
				"semi_random_diff_damage": false
			},
			"minecraft:damage_sensor": {
				"triggers": {
					"cause": "all",
					"deals_damage": false
				}
			},
			"minecraft:physics": {
				"has_gravity": false,
				"has_collision": false
			},
			"minecraft:timer": {
				"time": 5,
				"time_down_event": {
					"event": "despawn"
				}
			}
		},
		"events": {
			"onhit": {
				"sequence": [
					{
						"run_command": {
							"command": [
								"playsound zk.darkshothit @a[r=25]"
							]
						}
					}
				]
			},
			"despawn": {
				"sequence": [
					{
						"add": {
							"component_groups": [
								"despawn"
							]
						}
					}
				]
			}
		}
	}
}