{
	"format_version": "1.18.0",
	"minecraft:entity": {
		"description": {
			"identifier": "zk:darkpixie",
			"is_spawnable": true,
			"is_summonable": true,
			"is_experimental": false
		},
		"component_groups": {
			"zk:despawn": {
				"minecraft:instant_despawn": {}
			}
		},
		"components": {
			"minecraft:damage_sensor": {
				"triggers": [
					{
						"cause": "all",
						"deals_damage": false
					}
				]
			},
			"minecraft:projectile": {
				"destroy_on_hurt": true,
				"catch_fire": false,
				"semi_random_diff_damage": false,
				"power": 1.3,
				"inertia": 0.9,
				"gravity": 0,
				"on_hit": {
					"definition_event": {
						"event_trigger": {
							"event": "hit"
						}
					},
					"impact_damage": {
						"damage": 7,
						"knockback": false,
						"destroy_on_hit": true,
						"semi_random_diff_damage": false
					},
					"mob_effect": {
						"effect": "darkness",
						"duration": 2,
						"amplifier": 3,
						"visible": false
					}
				}
			},
			"minecraft:collision_box": {
				"width": 0.1,
				"height": 0.1
			},
			"minecraft:physics": {
				"has_collision": false,
				"has_gravity": false
			},
			"minecraft:entity_sensor": {
				"sensor_range": 10,
				"minimum_count": 1,
				"maximum_count": 999,
				"event_filters": {
					"none_of": [
						{
							"test": "has_tag",
							"subject": "other",
							"value": "darks"
						},
						{
							"test": "has_tag",
							"subject": "other",
							"value": "ally"
						}
					]
				},
				"relative_range": true,
				"event": "target"
			}
		},
		"events": {
			"hit": {
				"sequence": [
					{
						"run_command": {
							"command": [
								"scoreboard players remove @p[tag=darks] darkpixie 70"
							]
						}
					},
					{
						"add": {
							"component_groups": [
								"zk:despawn"
							]
						}
					}
				]
			},
			"target": {
				"sequence": [
					{
						"run_command": {
							"command": [
								"tag @p[tag=dpa] remove dpa"
							]
						}
					}
				]
			}
		}
	}
}