{
	"format_version": "1.18.0",
	"minecraft:entity": {
		"description": {
			"identifier": "zk:darkslash",
			"is_spawnable": false,
			"is_summonable": true,
			"is_experimental": false,
			"runtime_identifier": "minecraft:snowball"
		},
		"component_groups": {
			"despawn": {
				"minecraft:instant_despawn": {}
			}
		},
		"components": {
			"minecraft:projectile": {
				"on_hit": {
					"impact_damage": {
						"damage": 35,
						"destroy_on_hit": false,
						"semi_random_diff_damage": false,
						"max_critical_damage": 30,
						"min_critical_damage": 28
					},
					"mob_effect": {
						"effect": "slowness",
						"duration": 6,
						"amplifier": 3,
						"visible": false
					},
					"definition_event": {
						"event_trigger": {
							"event": "onhit"
						}
					}
				},
				"power": 1.2,
				"gravity": 0,
				"liquid_inertia": 0.8,
				"destroy_on_hurt": false,
				"semi_random_diff_damage": false
			},
			"minecraft:damage_sensor": {
				"triggers": {
					"cause": "all",
					"deals_damage": false
				}
			},
			"minecraft:physics": {
				"has_gravity": false,
				"has_collision": true
			},
			"minecraft:timer": {
				"time": 5,
				"time_down_event": {
					"event": "despawn"
				}
			},
			"minecraft:collision_box": {
				"width": 3,
				"height": 3
			}
		},
		"events": {
			"onhit": {
				"sequence": [
					{
						"run_command": {
							"command": [
								"playsound zk.darkswordhit @a[r=35]"
							]
						}
					}
				]
			},
			"despawn": {
				"sequence": [
					{
						"add": {
							"component_groups": [
								"despawn"
							]
						}
					}
				]
			}
		}
	}
}