{
	"format_version": "1.16.0",
	"minecraft:entity": {
		"description": {
			"identifier": "zk:lightlesswaver",
			"is_spawnable": false,
			"is_summonable": true,
			"is_experimental": false,
			"runtime_identifier": "minecraft:snowball"
		},
		"component_groups": {
			"despawn": {
				"minecraft:instant_despawn": {}
			}
		},
		"components": {
			"minecraft:projectile": {
				"on_hit": {
					"impact_damage": {
						"damage": 16,
						"destroy_on_hit": true,
						"semi_random_diff_damage": false,
						"max_critical_damage": 15,
						"min_critical_damage": 12
					},
					"mob_effect": {
						"effect": "slowness",
						"duration": 6,
						"amplifier": 3,
						"visible": true
					},
					"definition_event": {
						"event_trigger": {
							"event": "onhit"
						}
					}
				},
				"power": 1.5,
				"gravity": 0,
				"liquid_inertia": 0.8,
				"destroy_on_hurt": false,
				"semi_random_diff_damage": false
			},
			"minecraft:physics": {
				"has_gravity": false,
				"has_collision": false
			},
			"minecraft:timer": {
				"time": 5,
				"time_down_event": {
					"event": "despawn"
				}
			}
		},
		"events": {
			"onhit": {
				"sequence": [
					{
						"run_command": {
							"command": [
								"effect @e[r=1,tag=!ally] slowness 3 1 true",
								"playsound zk.darkswordhit @a[r=30]"
							]
						}
					}
				]
			},
			"despawn": {
				"sequence": [
					{
						"add": {
							"component_groups": [
								"despawn"
							]
						}
					}
				]
			}
		}
	}
}