{
	"format_version": "1.18.0",
	"minecraft:entity": {
		"description": {
			"identifier": "zk:phantomvoid",
			"is_spawnable": true,
			"is_summonable": true,
			"is_experimental": false
		},
		"component_groups": {
			"despawn": {
				"minecraft:instant_despawn": {}
			}
		},
		"components": {
			"minecraft:health": {
				"value": 40,
				"max": 40
			},
			"minecraft:movement": {
				"value": 0.4
			},
			"minecraft:behavior.random_stroll": {
				"priority": 4,
				"speed_multiplier": 1
			},
			"minecraft:behavior.look_at_player": {
				"priority": 5,
				"look_distance": 8
			},
			"minecraft:behavior.hurt_by_target": {
				"priority": 3
			},
			"minecraft:behavior.nearest_attackable_target": {
				"priority": 2,
				"entity_types": [
					{
						"filters": {
							"none_of": [
								{
									"test": "has_tag",
									"subject": "other",
									"value": "darks"
								},
								{
									"test": "has_tag",
									"subject": "other",
									"value": "ally"
								},
								{
									"test": "is_family",
									"subject": "other",
									"value": "phantom"
								}
							]
						},
						"max_dist": 30,
						"must_see": false
					}
				],
				"must_reach": true,
				"within_radius": 0,
				"must_see": true
			},
			"minecraft:physics": {
				"has_gravity": false
			},
			"minecraft:follow_range": {
				"value": 64
			},
			"minecraft:underwater_movement": {
				"value": 0.5
			},
			"minecraft:scale": {
				"value": 1.2
			},
			"minecraft:fire_immune": true,
			"minecraft:attack": {
				"damage": 10
			},
			"minecraft:behavior.melee_attack": {
				"priority": 2,
				"speed_multiplier": 1,
				"track_target": true,
				"reach_multiplier": 1.4
			},
			"minecraft:behavior.owner_hurt_by_target": {
				"priority": 1
			},
			"minecraft:behavior.owner_hurt_target": {
				"priority": 2
			},
			"minecraft:damage_sensor": {
				"triggers": [
					{
						"cause": "lightning",
						"deals_damage": false
					},
					{
						"cause": "fire",
						"deals_damage": false
					},
					{
						"cause": "fire_tick",
						"deals_damage": false
					},
					{
						"cause": "suffocation",
						"deals_damage": false
					},
					{
						"cause": "lava",
						"deals_damage": false
					},
					{
						"cause": "drowning",
						"deals_damage": false
					}
				]
			},
			"minecraft:despawn": {
				"despawn_from_distance": {
					"max_distance": 80,
					"min_distance": 70
				}
			},
			"minecraft:type_family": {
				"family": [
					"phantom"
				]
			},
			"minecraft:navigation.hover": {
				"avoid_portals": true,
				"avoid_damage_blocks": true,
				"can_breach": true,
				"can_path_over_water": true,
				"can_float": true,
				"can_path_from_air": true,
				"can_walk": true
			},
			"minecraft:movement.hover": {},
			"minecraft:flying_speed": {
				"value": 0.3
			},
			"minecraft:can_fly": true,
			"minecraft:timer": {
				"time_down_event": {
					"event": "despawn"
				},
				"time": 18
			}
		},
		"events": {
			"despawn": {
				"add": {
					"component_groups": [
						"despawn"
					]
				}
			},
			"minecraft:entity_spawned": {
				"sequence": [
					{
						"run_command": {
							"command": [
								"playanimation @s animation.darkphantom.rise",
								"effect @s slowness 1 255 true"
							]
						}
					}
				]
			}
		}
	}
}