{
	"format_version": "1.16.0",
	"minecraft:entity": {
		"description": {
			"identifier": "zk:restraintsr",
			"is_spawnable": false,
			"is_summonable": true,
			"is_experimental": false
		},
		"component_groups": {
			"despawn": {
				"minecraft:instant_despawn": {}
			}
		},
		"components": {
			"minecraft:physics": {
				"has_gravity": false,
				"has_collision": false
			},
			"minecraft:collision_box": {
				"width": 0,
				"height": 0
			},
			"minecraft:mob_effect": {
				"effect_range": 1,
				"entity_filter": {
					"none_of": [
						{
							"test": "has_tag",
							"subject": "other",
							"value": "dark"
						},
						{
							"test": "has_tag",
							"subject": "other",
							"value": "ally"
						}
					]
				},
				"mob_effect": "blindness"
			},
			"minecraft:pushable": {
				"is_pushable": false,
				"is_pushable_by_piston": false
			},
			"minecraft:damage_sensor": {
				"triggers": {
					"cause": "all",
					"deals_damage": false
				}
			},
			"minecraft:timer": {
				"time": 5,
				"time_down_event": {
					"event": "despawn"
				}
			}
		},
		"events": {
			"despawn": {
				"sequence": [
					{
						"add": {
							"component_groups": [
								"despawn"
							]
						}
					}
				]
			}
		}
	}
}