{
  "format_version": "1.12",
  "minecraft:recipe_shaped": {
    "description": {
      "identifier": "black_legging_5350827e"
    },
    "tags": [
      "crafting_table"
    ],
    "pattern": [
      "ABA",
      " C "
    ],
    "key": {
      "A": {
        "item": "pa:black_ores",
        "data": 0
      },
      "B": {
        "item": "minecraft:netherite_leggings",
        "data": 0
      },
      "C": {
        "item": "pa:black_ores",
        "data": 0
      }
    },
    "result": {
      "item": "pa:black_legging",
      "count": 1
    }
  }
}