{
  "format_version": "1.12",
  "minecraft:recipe_shaped": {
    "description": {
      "identifier": "championpetra_legging_065643d4"
    },
    "tags": [
      "crafting_table"
    ],
    "pattern": [
      "ABA",
      "A  "
    ],
    "key": {
      "A": {
        "item": "pa:championpetra_ores",
        "data": 0
      },
      "B": {
        "item": "minecraft:netherite_leggings",
        "data": 0
      }
    },
    "result": {
      "item": "pa:championpetra_legging",
      "count": 1
    }
  }
}