{
  "format_version": "1.12",
  "minecraft:recipe_shaped": {
    "description": {
      "identifier": "dark_union_ores_32709f19"
    },
    "tags": [
      "crafting_table"
    ],
    "pattern": [
      "A A",
      "BCD",
      "A A"
    ],
    "key": {
      "A": {
        "item": "minecraft:netherite_ingot",
        "data": 0
      },
      "B": {
        "item": "pa:divine_ores",
        "data": 0
      },
      "C": {
        "item": "minecraft:netherstar",
        "data": 0
      },
      "D": {
        "item": "pa:black_ores",
        "data": 0
      }
    },
    "result": {
      "item": "pa:dark_union_ores",
      "count": 1
    }
  }
}