{
  "format_version": "1.12",
  "minecraft:recipe_shaped": {
    "description": {
      "identifier": "golden_underneath_sword_33b0330f"
    },
    "tags": [
      "crafting_table"
    ],
    "pattern": [
      "A",
      "B",
      "B"
    ],
    "key": {
      "A": {
        "item": "minecraft:netherite_sword",
        "data": 0
      },
      "B": {
        "item": "pa:golden_underneath",
        "data": 0
      }
    },
    "result": {
      "item": "pa:golden_underneath_sword",
      "count": 1
    }
  }
}