{
    "format_version": "1.17.0",
    "animation_controllers": {
        "controller.animation.slowness": {
            "initial_state": "default",
            "states": {
                "default": {
                    "transitions": [
                        {
                            "slow": "q.is_item_name_any('slot.weapon.mainhand', 'aw:mace', 'aw:battle_hammer', 'aw:battle_axe', 'aw:magma_battle_axe')"
                        }
                    ]
                },
                "slow": {
                    "transitions": [
                        {
                            "default": "1.0"
                        }
                    ],
                    "on_entry": [
                        "/effect @s slowness 1 1 true"
                    ]
                }
            }
        },
        "controller.animation.jump_boost": {
            "initial_state": "default",
            "states": {
                "default": {
                    "transitions": [
                        {
                            "jump": "q.is_item_name_any('slot.weapon.mainhand', 'aw:great_sword', 'aw:scythe', 'aw:dark_spear', 'aw:legendary_emerald_spear', 'aw:iron_cestus')"
                        }
                    ]
                },
                "jump": {
                    "transitions": [
                        {
                            "default": "1.0"
                        }
                    ],
                    "on_entry": [
                        "/effect @s jump_boost 1 1 true"
                    ]
                }
            }
        },
        "controller.animation.speed": {
            "initial_state": "default",
            "states": {
                "default": {
                    "transitions": [
                        {
                            "speed": "q.is_item_name_any('slot.weapon.mainhand', 'aw:scythe', 'aw:lightning_spear', 'aw:spear_of_light', 'aw:legendary_emerald_spear')"
                        }
                    ]
                },
                "speed": {
                    "transitions": [
                        {
                            "default": "1.0"
                        }
                    ],
                    "on_entry": [
                        "/effect @s speed 1 1 true"
                    ]
                }
            }
        },
        "controller.animation.strength": {
            "initial_state": "default",
            "states": {
                "default": {
                    "transitions": [
                        {
                            "strength": "q.is_item_name_any('slot.weapon.mainhand', 'aw:great_sword', 'aw:battle_axe', 'aw:iron_cestus', 'aw:legendary_emerald_spear')"
                        }
                    ]
                },
                "strength": {
                    "transitions": [
                        {
                            "default": "1.0"
                        }
                    ],
                    "on_entry": [
                        "/effect @s strength 1 1 true"
                    ]
                }
            }
        }
    }
}