{
	"format_version": "1.13.0",
	"minecraft:entity": {
		"description": {
			"identifier": "darkage:calamity_death",
			"is_spawnable": false,
			"is_summonable": true,
			"is_experimental": false,
			"scripts": {
		   "animate": [
			 "float"
		   ]
		 },
		 "animations": {
		       "float": "controller.animation.calamity.float"
			}
		},
		"component_groups": {
			"minecraft:start_death": {
				"minecraft:is_tamed": {
				},
				"minecraft:is_shaking": {
				},
				"minecraft:behavior.knockback_roar": {
					"priority": 1,
					"duration": 1.0,
					"attack_time": 0.5,
					"knockback_damage": 5,
					"knockback_strength": 8,
					"knockback_range": 20,
					"knockback_filters": {
					  "test": "is_family",
					  "subject": "other",
					  "operator": "!=",
					  "value": "calamity"
					},
					"damage_filters": {
					  "test": "is_family",
					  "subject": "other",
					  "operator": "!=",
					  "value": "calamity"
					},
					"cooldown_time": 5.00
				},
				  "minecraft:timer": {
					"time": 4.00,
					"time_down_event": {
						"event": "minecraft:death_two"
					}
			      }
				},
				"minecraft:death_two": {
					"minecraft:is_sheared": {
					},
					  "minecraft:timer": {
						"time": 6.00,
						"time_down_event": {
							"event": "minecraft:death_three"
						}
					  }
					},
			"minecraft:welcome_death": {
				"minecraft:is_sheared": {
				},
				"minecraft:loot": {
					"table": "loot_tables/entities/calamity.json"
				  },
             "minecraft:spawn_entity": [
               {
              "min_wait_time": 0,
              "max_wait_time": 0,
              "single_use": true,
              "spawn_entity": "minecraft:xp_orb",
              "num_to_spawn": 50
             }
           ],
				"minecraft:health": {
                 "value": 0,
                 "max": 0
               }
			}
		},
		"components": {
			"minecraft:damage_sensor": {
				"triggers": [
				 {
				  "on_damage": {},
				  "deals_damage": false
				 }
				]
			   },
			   "minecraft:scale": {
				"value": 5.0
			  },
			"minecraft:health": {
				"min": 1,
                "max": 1,
                "value": 1
			},
			"minecraft:collision_box": {
				"width": 1.4,
				"height": 2.9
			  },
			"minecraft:fire_immune": {
			},
			"minecraft:physics": {
			},
			"minecraft:pushable": {
				"is_pushable": false,
				"is_pushable_by_piston": true
			}
		},
		"events": {
			"minecraft:entity_transformed": {
				"add": {
					"component_groups": [
						"minecraft:start_death"
					]
				}
			},
			"minecraft:death_two": {
				"remove": {
					"component_groups": [
					  "minecraft:start_death"
					]
				  },
				"add": {
					"component_groups": [
						"minecraft:death_two"
					]
				}
			},
			"minecraft:death_three": {
				"remove": {
					"component_groups": [
					  "minecraft:death_two"
					]
				  },
				"add": {
					"component_groups": [
						"minecraft:welcome_death"
					]
				}
			}
		}
	}
}
