{
  "format_version": "1.13.0",
 "minecraft:entity": {
  "description": {
    "identifier": "darkage:tornado",
    "is_spawnable": false,
    "is_summonable": true,
    "is_experimental": false,
    "scripts": {
      "animate": [
        "levitation"
      ]
    },
    "animations": {
      "levitation": "controller.animation.tornado.levitation"
    }
  },
  "component_groups": {
    "minecraft:despawning": {
      "minecraft:despawn": {}
    }
  },
  "components": {
    "minecraft:timer": {
      "time": 15.00,
      "time_down_event": {
        "event": "minecraft:bye_tornado"
       }
    },
    "minecraft:type_family": {
      "family": [ "calamity", "monster" ]
    },
    "minecraft:behavior.knockback_roar": {
      "priority": 1,
      "duration": 1.0,
      "attack_time": 0.5,
      "knockback_damage": 8,
      "knockback_strength": -10,
      "knockback_range": 15,
      "knockback_filters": {
        "test": "is_family",
        "subject": "other",
        "operator": "!=",
        "value": "calamity"
      },
      "damage_filters": {
        "test": "is_family",
        "subject": "other",
        "operator": "!=",
        "value": "calamity"
      },
      "cooldown_time": 0.01
    },
    "minecraft:area_attack" : {
      "damage_range": 4.5,
      "damage_per_tick": 8.5,
      "cause": "contact",
      "entity_filter": {
        "all_of": [
        { "test": "is_family", "subject": "other", "operator": "!=", "value": "calamity" }
       ]
     }
  },
  "minecraft:break_blocks": {
    "breakable_blocks": [
      "bamboo",
      "bamboo_sapling",
      "beetroot",
      "brown_mushroom",
      "carrots",
      "carved_pumpkin",
      "deadbush",
      "double_plant",
      "leaves",
      "leaves2",
      "lit_pumpkin",
      "melon_block",
      "melon_stem",
      "potatoes",
      "pumpkin",
      "log",
      "glass",
      "hay_block",
      "stone_stairs",
      "cobblestone_wall",
      "wooden_slabs",
      "oak_stairs",
      "planks",
      "pumpkin_stem",
      "cobblestone",
      "mossy_cobblestone_stairs",
      "mossy_cobblestone",
      "stained_hardened_clay",
      "red_flower",
      "red_mushroom",
      "reeds",
      "sapling",
      "snow_layer",
      "sweet_berry_bush",
      "tallgrass",
      "turtle_egg",
      "fence",
      "fence_gate",
      "vine",
      "wheat",
      "sandstone",
      "carpet",
      "web",
      "stonebrick"
    ]
  },
  "minecraft:physics": {
  },
    "minecraft:pushable": {
      "is_pushable": false,
      "is_pushable_by_piston": false
    },
   "minecraft:collision_box": {
    "width": 10,
    "height": 40
   },
  "minecraft:damage_sensor": {
    "triggers": [
        {
          "cause": "block_explosion",
          "deals_damage": false
        },
        {
          "cause": "entity_explosion",
          "deals_damage": false
        },
        {
          "cause": "fall",
          "deals_damage": false
        },
        {
          "cause": "attack",
          "deals_damage": false
        },
        {
          "cause": "projectile",
          "deals_damage": false
        }
      ]
    }
  },
  "events": {
    "minecraft:bye_tornado": {
      "add": {
        "component_groups": [
          "minecraft:despawning"
          ]
        }
      }
    }
  }
}
