{
	"format_version": "1.10.0",
	"animation_controllers": {
		"controller.animation.armor.defense": {
			"initial_state": "default",
			"states": {
				"default": {
					"transitions": [
						{
							"defense": "(1.0)"
						}
					]
				},
				"defense": {
					"transitions": [
						{
							"default": "(1.0)"
						}
					],
					"on_entry": [
					 "/effect @s resistance 1 1 true"
					]
				}
			}
		},
		"controller.animation.remove.structures": {
			"initial_state": "default",
			"states": {
				"default": {
					"transitions": [
						{
							"remove": "(1.0)"
						}
					]
				},
				"remove": {
					"transitions": [
						{
							"default": "!(1.0)"
						}
					],
					"on_entry": [
						"/fill ~-1 ~-1 ~-1 ~1 ~1 ~1 air 0 replace mob_spawner"
					]
				}
			}
		},
		"controller.animation.stinky.vision_nocturna": {
			"initial_state": "default",
			"states": {
				"default": {
					"transitions": [
						{
							"vision_nocturna": "query.equipped_item_any_tag('slot.armor.head','stinky_medical_helmet')"
						}
					]
				},
				"vision_nocturna": {
					"transitions": [
						{
							"default": "query.equipped_item_any_tag('slot.armor.head','stinky_medical_helmet')"
						}
					],
					"on_exit": [
					 "/effect @s night_vision 20 1 true"
					]
				}
			}
		},
		"controller.animation.jade_armor.slowness": {
			"initial_state": "default",
			"states": {
				"default": {
					"transitions": [
						{
							"slowness": "query.equipped_item_any_tag('slot.armor.head','jade_armor_head') || query.equipped_item_any_tag('slot.armor.chest','jade_armor_chest') || query.equipped_item_any_tag('slot.armor.legs','jade_armor_legs') || query.equipped_item_any_tag('slot.armor.feet','jade_armor_boots')"
						}
					]
				},
				"slowness": {
					"transitions": [
						{
							"default": "query.equipped_item_any_tag('slot.armor.head','jade_armor_head') || query.equipped_item_any_tag('slot.armor.chest','jade_armor_chest') || query.equipped_item_any_tag('slot.armor.legs','jade_armor_legs') || query.equipped_item_any_tag('slot.armor.feet','jade_armor_boots')"
						}
					],
					"on_exit": [
					 "/effect @s slowness 1 1 true"
					]
				}
			}
		},
		"controller.animation.darkalita_armor.power": {
			"initial_state": "default",
			"states": {
				"default": {
					"transitions": [
						{
							"power": "query.equipped_item_any_tag('slot.armor.head','darkalita_armor_head_two') && query.equipped_item_any_tag('slot.armor.chest','darkalita_armor_chest_two') && query.equipped_item_any_tag('slot.armor.legs','darkalita_armor_legs_two') && query.equipped_item_any_tag('slot.armor.feet','darkalita_armor_feet_two')"
						}
					]
				},
				"power": {
					"transitions": [
						{
							"default": "query.equipped_item_any_tag('slot.armor.head','darkalita_armor_head_two') && query.equipped_item_any_tag('slot.armor.chest','darkalita_armor_chest_two') && query.equipped_item_any_tag('slot.armor.legs','darkalita_armor_legs_two') && query.equipped_item_any_tag('slot.armor.feet','darkalita_armor_feet_two')"
						}
					],
					"on_exit": [
					 "/effect @s resistance 2 1 true",
					 "/effect @s strength 2 1 true",
					 "/effect @s speed  2 1 true",
					 "/effect @s jump_boost 2 1 true",
					 "/effect @s fire_resistance 2 0 true"
					]
				}
			}
		}
	}
}
						