{
	"format_version": "1.10.0",
	"animation_controllers": {
		"controller.animation.calamity.attacks": {
			"initial_state": "default",
			"states": {
				"default": {
					"transitions": [
						{
							"attack": "query.is_delayed_attacking"
						},
						{
							"attack_no_ground": "query.mark_variant == 2 && variable.attack_time"
						},
						{
							"charged_ground": "query.is_charged && query.mark_variant == 1"
						}
					]
				},
				"attack": {
					"transitions": [
						{
							"default": "!query.is_delayed_attacking"
						}
					],
					"on_exit": [
					 "@s minecraft:calamity_mode_attacks"
					]
				},
				"attack_no_ground": {
					"transitions": [
						{
							"default": "query.mark_variant == 2 && !variable.attack_time"
						}
					],
					"on_exit": [
					 "@s minecraft:calamity_mode_attacks"
					]
				},
				"charged_ground": {
					"transitions": [
						{
							"default": "query.mark_variant == 1 && !query.is_charged"
						}
					],
					"on_exit": [
					 "@s minecraft:calamity_mode_attacks"
					]
				}
			}
		},
		"controller.animation.calamity.fall": {
			"initial_state": "default",
			"states": {
				"default": {
					"transitions": [
						{
							"fall": "query.mark_variant == 1 && !query.is_on_ground"
						}
					]
				},
				"fall": {
					"transitions": [
						{
							"default": "query.mark_variant == 1 && !query.is_on_ground"
						}
					],
					"on_exit": [
					   "/effect @s slow_falling 1 1 true"
					]
				}
			}
		},
		"controller.animation.calamity.destroy": {
			"initial_state": "default",
			"states": {
				"default": {
					"transitions": [
						{
							"destroy": "query.mark_variant == 2"
						}
					]
				},
				"destroy": {
					"transitions": [
						{
							"default": "query.mark_variant == 2"
						}
					],
					"on_exit": [
					   "/fill ~-8 ~-1 ~-8 ~8 ~4 ~8 air 0 destroy", 
					   "/kill @e[type=item,r=11]"
					]
				}
			}
		},
		"controller.animation.tornado.levitation": {
			"initial_state": "default",
			"states": {
				"default": {
					"transitions": [
						{
							"levitation": "(1.0)"
						}
					]
				},
				"levitation": {
					"transitions": [
						{
							"default": "(1.0)"
						}
					],
					"on_exit": [
					 "/effect @e[family=!calamity,r=8] levitation 1 40 true",
					 "/fill ~-10 ~ ~-10 ~10 ~40 ~10 air 0 destroy"
					]
				}
			}
		},
		"controller.animation.calamity.float": {
			"initial_state": "default",
			"states": {
				"default": {
					"transitions": [
						{
							"float": "query.is_tamed"
						}
					]
				},
				"float": {
					"transitions": [
						{
							"default": "query.is_tamed"
						}
					],
					"on_exit": [
					 "/tp @s ~ ~0.1 ~",
					 "/tp @s ~ ~0.1 ~",
					 "/tp @s ~ ~0.1 ~"
					]
				}
			}
		}
	}
}			