{
	"format_version": "1.10.0",
	"animation_controllers": {
		"controller.animation.chocurmis.slow_falling": {
			"initial_state": "default",
			"states": {
				"default": {
					"transitions": [
						{
							"slow_falling": "query.is_on_ground"
						}
					]
				},
				"slow_falling": {
					"transitions": [
						{
							"default": "!query.is_on_ground"
						}
					],
					"on_exit": [
					 "/effect @s slow_falling 2 1 true"
					]
				}
			}
		},
		"controller.animation.chocurmis.grass_test": {
			"initial_state": "default",
			"states": {
				"default": {
					"transitions": [
						{
							"grass_test": "query.is_grazing"
						}
					]
				},
				"grass_test": {
					"transitions": [
						{
							"default": "!query.is_grazing"
						}
					],
					"on_exit": [
					 "/effect @s regeneration 10 3"
					]
				}
			}
		}
	}
}
						