{
	"format_version": "1.10.0",
	"animation_controllers": {
		"controller.animation.gravelord.attack": {
			"initial_state": "default",
			"states": {
				"default": {
					"transitions": [
						{
							"attack": "query.is_delayed_attacking"
						}
					]
				},
				"attack": {
					"transitions": [
						{
							"default": "!query.is_delayed_attacking"
						}
					],
					"on_exit": [
					 "@s minecraft:gravelord_attacks"
					]
				}
			}
		},
		"controller.animation.gravelord.charged": {
			"initial_state": "default",
			"states": {
				"default": {
					"transitions": [
						{
							"charged": "query.is_charged"
						}
					]
				},
				"charged": {
					"transitions": [
						{
							"default": "!query.is_charged"
						}
					],
					"on_exit": [
					 "/effect @s slowness 2 2 true",
					 "@s minecraft:gravelord_attacks"
					]
				}
			}
		},
		"controller.animation.gravelord.inmune_wither": {
			"initial_state": "default",
			"states": {
				"default": {
					"transitions": [
						{
							"inmune_wither": "(1.0)"
						}
					]
				},
				"inmune_wither": {
					"transitions": [
						{
							"default": "(1.0)"
						}
					],
					"on_exit": [
					 "/effect @s wither 0 0 true",
					 "/effect @s clear"
					]
				}
			}
		},
		"controller.animation.gravelord.skeletons_death": {
			"initial_state": "default",
			"states": {
				"default": {
					"transitions": [
						{
							"death": "query.is_alive == 0.0 "
						}
					]
				},
				"death": {
					"transitions": [
						{
							"default": "!query.is_alive == 0.0"
						}
					],
					"on_entry": [
						"/summon darkage:skeleton_grave ~~~",
						"/summon darkage:skeleton_grave ~~~",
						"/summon darkage:skeleton_grave ~~~ minecraft:skeleton_roaring"
					]
				}
			}
		},
		"controller.animation.devourer.eat": {
			"initial_state": "default",
			"states": {
				"default": {
					"transitions": [
						{
							"eat": "query.is_eating"
						}
					]
				},
				"eat": {
					"transitions": [
						{
							"default": "!query.is_eating"
						}
					],
					"on_entry": [
						"/effect @s regeneration 10"
					]
				}
			}
		}
	}
}
						