{
	"format_version": "1.10.0",
	"animation_controllers": {
	"controller.animation.plague.target": {
			"initial_state": "default",
               "states": {
                "default": {
                  "animations": [
                        {
               "targeting": "query.has_target"
                         }
                    ]
               }
           }
       },
		"controller.animation.plague.attack": {
			"initial_state": "default",
			"states": {
				"default": {
					"transitions": [
						{
							"attack": "query.is_delayed_attacking"
						}
					]
				},
				"attack": {
					"transitions": [
						{
							"default": "!query.is_delayed_attacking"
						}
					],
					"on_exit": [
					 "@s minecraft:plague_attacks"
					]
				}
			}
		},
		"controller.animation.plague.clear_fire": {
			"initial_state": "default",
			"states": {
				"default": {
					"transitions": [
						{
							"clear": "(1.0)"
						}
					]
				},
				"clear": {
					"transitions": [
						{
							"default": "(1.0)"
						}
					],
					"on_entry": [
					 "/fill ~4 ~ ~-4 ~-4 ~4 ~4 air 0 replace fire"
					]
				}
			}
		},
		"controller.animation.plague.strenght": {
			"initial_state": "default",
			"states": {
				"default": {
					"transitions": [
						{
							"strenght": "query.health <= 50"
						}
					]
				},
				"strenght": {
					"transitions": [
						{
							"default": "!query.health <= 50"
						}
					],
					"on_entry": [
					 "/effect @e[type=darkage:plague] strenght 2 2",
					 "/effect @e[type=darkage:plague] resistance 2 1"
					]
				}
			}
		},
		"controller.animation.plague.sound": {
			"initial_state": "default",
			"states": {
				"default": {
					"transitions": [
						{
							"sound": "query.is_sheared"
						}
					]
				},
				"sound": {
					"transitions": [
						{
							"sound": "!query.is_sheared"
						}
					],
					"on_exit": [
					 "/playsound mob.blaze.hit @a[r=10}"
					]
				}
			}
		},
		"controller.animation.plague.guard": {
			"initial_state": "default",
			"states": {
				"default": {
					"transitions": [
						{
							"guard": "query.is_sheared"
						}
					]
				},
				"guard": {
					"transitions": [
						{
							"default": "query.is_sheared"
						}
					],
					"on_exit": [
					 "/effect @s slowness 1 20 true"
					]
				}
			}
		},
		"controller.animation.medical.transform": {
			"initial_state": "default",
			"states": {
				"default": {
					"transitions": [
						{
							"transform": "query.is_sheared"
						}
					]
				},
				"transform": {
					"transitions": [
						{
							"default": "!query.is_sheared"
						}
					],
					"on_entry": [
						"/summon darkage:plague ~~~",
						"/particle minecraft:huge_explosion_lab_misc_emitter ~ ~1 ~",
						"/particle minecraft:huge_explosion_lab_misc_emitter ~ ~1 ~",
						"/playsound random.explode @a[r=20]",
						"/kill @s"
					]
				}
			}
		},
		"controller.animation.queen_spider.attack": {
			"initial_state": "default",
			"states": {
				"default": {
					"transitions": [
						{
							"attack": "query.is_delayed_attacking"
						}
					]
				},
				"attack": {
					"transitions": [
						{
							"default": "!query.is_delayed_attacking"
						}
					],
					"on_exit": [
					 "@s minecraft:queen_spider_attacks"
					]
				}
			}
		}
	}
}
						