{
	"format_version": "1.10.0",
	"animation_controllers": {
		"controller.animation.ice_golem.attack": {
			"initial_state": "default",
			"states": {
				"default": {
					"transitions": [
						{
							"attack": "query.is_delayed_attacking"
						}
					]
				},
				"attack": {
					"transitions": [
						{
							"default": "!query.is_delayed_attacking"
						}
					],
					"on_exit": [
					 "@s minecraft:ice_golem_attacks"
					]
				}
			}
		},
		"controller.animation.ice_golem.inmune_slowness": {
			"initial_state": "default",
			"states": {
				"default": {
					"transitions": [
						{
							"inmune_slowness": "(1.0)"
						}
					]
				},
				"inmune_slowness": {
					"transitions": [
						{
							"default": "(1.0)"
						}
					],
					"on_exit": [
					 "/effect @s slowness 0 0 true"
					]
				}
			}
		},
		"controller.animation.ice_golem.ice_walk": {
			"initial_state": "default",
			"states": {
				"default": {
					"transitions": [ { "ice_walk" : "(1.0)" }
					],
				"on_entry": [ "/fill ~2 ~-1 ~2 ~-1 ~-1 ~-1 ice 0 replace water",
                                      "/fill ~2 ~-1 ~2 ~-1 ~-1 ~-1 ice 0 replace flowing_water"]
				},
			"ice_walk": {
			  "transitions": [{ "default": "(1.0)" }
			],
			"on_entry": [ "/fill ~2 ~-1 ~2 ~-1 ~-1 ~-1 ice 0 replace water",
			                     "/fill ~2 ~-1 ~2 ~-1 ~-1 ~-1 ice 0 replace flowing_water"]
			    }
			}
		},
		"controller.animation.ice_golem.slowness_attack": {
			"initial_state": "default",
			"states": {
				"default": {
					"transitions": [
						{
							"slowness_attack": "variable.attack_time && query.is_saddled"
						}
					]
				},
				"slowness_attack": {
					"transitions": [
						{
							"default": "variable.attack_time && query.is_saddled"
						}
					],
					"on_exit": [
					 "/effect @e[family=!ice_golem,r=5,c=1] slowness 6 2"
					]
				}
			}
		},
		"controller.animation.ice_golem.summon": {
			"initial_state": "default",
			"states": {
				"default": {
					"transitions": [
						{
							"cast": "query.is_casting"
						}
					]
				},
				"cast": {
					"transitions": [
						{
							"default": "!query.is_casting"
						}
					],
					"on_exit": [
					  "@s minecraft:ice_golem_attacks"
					]
				}
			}
		},
		"controller.animation.ice_golem.sound_death": {
			"initial_state": "default",
			"states": {
				"default": {
					"transitions": [
						{
							"sound_death": "query.is_illager_captain"
						}
					]
				},
				"sound_death": {
					"transitions": [
						{
							"default": "query.is_illager_captain"
						}
					],
					"on_entry": [
					  "/playsound random.glass @a[r=30] ~~~ 1 1"
					]
				}
			}
		},
		"controller.animation.ice_golem.sound_pro": {
			"initial_state": "default",
			"states": {
				"default": {
					"transitions": [
						{
							"sound": "(1.0)"
						}
					]
				},
				"sound": {
					"transitions": [
						{
							"default": "!(1.0)"
						}
					],
					"on_entry": [
					  "/playsound mob.ice_golem.projectile @a[r=30]"
					]
				}
			}
		},
		"controller.animation.ice_golem.bay": {
			"initial_state": "default",
			"states": {
				"default": {
					"transitions": [
						{
							"bay": "query.is_on_ground"
						}
					]
				},
				"bay": {
					"transitions": [
						{
							"default": "(1.0)"
						}
					],
					"on_entry": [
					  "@s bay"
					]
				}
			}
		},
		"controller.animation.ice_golem.effect_pro": {
			"initial_state": "default",
			"states": {
				"default": {
					"transitions": [
						{
							"effect": "(1.0)"
						}
					]
				},
				"effect": {
					"transitions": [
						{
							"default": "(1.0)"
						}
					],
					"on_entry": [
				      "/execute @e[family=!ice_golem,r=1] ~~~ /effect @e[family=!ice_golem,r=1] slowness 10 4"
					]
				}
			}
		}
	}
}
						