{
	"format_version": "1.10.0",
	"animation_controllers": {
		"controller.animation.sentinel.attack": {
			"initial_state": "default",
			"states": {
				"default": {
					"transitions": [
						{
							"attack": "query.is_delayed_attacking && !query.is_illager_captain"
						},
						{
							"attack_no_defense": "query.is_delayed_attacking && query.is_illager_captain"
						}
					]
				},
				"attack": {
					"transitions": [
						{
							"default": "!query.is_delayed_attacking && !query.is_illager_captain"
						}
					],
					"on_entry": [
						"@s minecraft:sentinel_no_defense"
					   ],
					"on_exit": [
					 "@s minecraft:sentinel_attacks",
					 "@s minecraft:sentinel_hurt"
					]
				},
				"attack_no_defense": {
					"transitions": [
						{
							"default": "!query.is_delayed_attacking && query.is_illager_captain"
						}
					],
					"on_entry": [
						"@s minecraft:sentinel_no_defense"
					   ],
					"on_exit": [
					 "@s minecraft:sentinel_attacks"
					]
				}
			}
		},
		"controller.animation.sentinel.charged": {
			"initial_state": "default",
			"states": {
				"default": {
					"transitions": [
						{
							"charged": "query.is_charged"
						}
					]
				},
				"charged": {
					"transitions": [
						{
							"default": "!query.is_charged"
						}
					],
					"on_exit": [
					 "@s minecraft:sentinel_attacks"
					]
				}
			}
		},
		"controller.animation.sentinel.berserk": {
			"initial_state": "default",
			"states": {
				"default": {
					"transitions": [
						{
							"strenght": "query.health <= 150"
						}
					]
				},
				"strenght": {
					"transitions": [
						{
							"default": "!query.health <= 150"
						}
					],
					"on_entry": [
					 "@s minecraft:sentinel_modo_berserk",
					 "/playsound mob.zombie.unfect @a ~~~ 60 0.8"
					]
				}
			}
		},
		"controller.animation.sentinel.hurt": {
			"initial_state": "default",
			"states": {
				"default": {
					"transitions": [
						{
							"strenght": "query.has_target"
						}
					]
				},
				"strenght": {
					"transitions": [
						{
							"default": "!query.has_target"
						}
					],
					"on_entry": [
					 "@s minecraft:sentinel_free"
					]
				}
			}
		},
		"controller.animation.executioner_sentinel.defense": {
			"initial_state": "default",
			"states": {
				"default": {
					"transitions": [
						{
							"defense": "(1.0)"
						}
					]
				},
				"defense": {
					"transitions": [
						{
							"default": "(1.0)"
						}
					],
					"on_entry": [
					 "/effect @s resistance 2 2 true"
					]
				}
			}
		},
		"controller.animation.sentinel.defenseless": {
			"initial_state": "default",
			"states": {
				"default": {
					"transitions": [
						{
							"attack": "!query.is_tamed && variable.attack_time"
						},
						{
							"attack_no_defense": "!query.is_saddled && variable.attack_time && query.is_tamed"
						}
					]
				},
				"attack": {
					"transitions": [
						{
							"default": "!query.is_tamed && !variable.attack_time"
						}
					],
					"on_entry": [
						"@s minecraft:sentinel_no_defense"
					   ],
					"on_exit": [
					 "@s minecraft:sentinel_hurt"
					]
				},
				"attack_no_defense": {
					"transitions": [
						{
							"default": "!variable.attack_time && !query.is_saddled && query.is_tamed"
						}
					],
					"on_entry": [
						"@s minecraft:sentinel_no_defense"
					   ],
					"on_exit": [
						"@s minecraft:sentinel_no_defense"
					]
				}
			}
		}
	}
}
						