{
	"format_version": "1.10.0",
	"animation_controllers": {
	"controller.animation.unbound_elemental.target": {
			"initial_state": "default",
               "states": {
                "default": {
                  "animations": [
                        {
               "targeting": "query.has_target"
                         }
                    ]
               }
           }
       },
		"controller.animation.unbound_elemental.attack": {
			"initial_state": "default",
			"states": {
				"default": {
					"transitions": [
						{
							"attack": "query.is_delayed_attacking"
						}
					]
				},
				"attack": {
					"transitions": [
						{
							"default": "!query.is_delayed_attacking"
						}
					],
					"on_exit": [
					 "@s minecraft:unbound_elemental_attacks"
					]
				}
			}
		},
		"controller.animation.unbound_elemental.clear_fire": {
			"initial_state": "default",
			"states": {
				"default": {
					"transitions": [
						{
							"clear": "(1.0)"
						}
					]
				},
				"clear": {
					"transitions": [
						{
							"default": "(1.0)"
						}
					],
					"on_entry": [
					 "/fill ~4 ~ ~-4 ~-4 ~4 ~4 air 0 replace fire",
					 "/fill ~4 ~ ~-4 ~-4 ~4 ~4 air 0 replace lava"
					]
				}
			}
		},
		"controller.animation.unbound_elemental.charged": {
			"initial_state": "default",
			"states": {
				"default": {
					"transitions": [
						{
							"charged": "query.is_charged && !query.is_tamed"
						}
					]
				},
				"charged": {
					"transitions": [
						{
							"default": "!query.is_charged && !query.is_tamed"
						}
					],
					"on_exit": [
					 "/effect @s slowness 2 2 true",
					 "@s minecraft:unbound_elemental_attacks"
					]
				}
			}
		},
		"controller.animation.unbound_elemental.cast": {
			"initial_state": "default",
			"states": {
				"default": {
					"transitions": [
						{
							"cast": "query.is_casting"
						}
					]
				},
				"cast": {
					"transitions": [
						{
							"default": "!query.is_casting"
						}
					],
					"on_exit": [
					  "@s minecraft:unbound_elemental_attacks"
					]
				}
			}
		},
		"controller.animation.lilunboned_tame.death": {
			"initial_state": "default",
			"states": {
				"default": {
					"transitions": [
						{
							"death": "query.is_tamed"
						}
					]
				},
				"death": {
					"transitions": [
						{
							"default": "query.is_tamed"
						}
					],
					"on_entry": [
					  "/kill @s"
					]
				}
			}
		},
		"controller.animation.unbound_elemental.ultimate": {
			"initial_state": "default",
			"states": {
				"default": {
				   "animations": [
					 {
					 "ultimating": "query.health <= 25"
					  }
				  ]
			}
	   }
  },
		"controller.animation.mercenary.sit": {
			"initial_state": "default",
			"states": {
				"default": {
					"transitions": [
						{
							"sit": "query.is_sitting"
						}
					]
				},
				"sit": {
					"transitions": [
						{
							"default": "(1.0)"
						}
					],
					"on_exit": [
					 "/effect @s slowness 1 10 true"
					]
				}
			}
		},
		"controller.animation.mercenary.crisis": {
			"initial_state": "default",
			"states": {
				"default": {
					"transitions": [
						{
							"crisis": "query.health <= 15"
						}
					]
				},
				"crisis": {
					"transitions": [
						{
							"default": "(1.0)"
						}
					],
					"on_exit": [
					 "/effect @s strength 2 1",
					 "/effect @s speed 2 1",
					 "/effect @s resistance 2 1"
					]
				}
			}
		},
		"controller.animation.mercenary.scape": {
			"initial_state": "default",
			"states": {
				"default": {
					"transitions": [
						{
							"scape": "query.health <= 10 && query.is_saddled"
						}
					]
				},
				"scape": {
					"transitions": [
						{
							"default": "(1.0)"
						}
					],
					"on_exit": [
					 "@s minecraft:mercenary_despawn1"
					]
				}
			}
		},
		"controller.animation.unbound_proyectil_perfect.tp": {
			"initial_state": "default",
			"states": {
				"default": {
					"transitions": [
						{
							"tp": "query.is_saddled"
						}
					]
				},
				"tp": {
					"transitions": [
						{
							"default": "(1.0)"
						}
					],
					"on_exit": [
					 "/tp @s ~ ~ ~"
					]
				}
			}
		}
	}
}
						