{
  "format_version": "1.16.100",
  "minecraft:entity": {
    "description": {
      "identifier": "wesl3y:health",
      "is_spawnable": false,
      "is_summonable": true,
      "is_experimental": false,
      "scripts": {
        "animate": [
          "walk"
        ]
      },
      "animations": {
        "walk": "controller.animation.health_mob"
      }
    },
    "component_groups": {
	  "kill": {
		"minecraft:instant_despawn": {}
	  }
	},
    "components": {
      "minecraft:type_family": {
        "family": [
          "health",
          "attack"
        ]
      },
      "minecraft:collision_box": {
        "width": 0.0001,
        "height": 0.0001
      },
      "minecraft:custom_hit_test": {
        "hitboxes": [
          {
            "pivot": [0, 384, 0],
            "width": 0,
            "height": 0
          }
        ]
      },
      "minecraft:scale": {
        "value": 0
      },
      "minecraft:despawn": {
        "filters": {
          "any_of": [
            { "test": "distance_to_nearest_player", "operator": ">", "value": 32},
            { "test": "inactivity_timer", "value": 2 }
          ]
        }
      },
      "minecraft:damage_sensor": {
        "triggers":[
          {
            "cause": "all",
            "deals_damage": false
          }
        ]
      },
      "minecraft:timer": {
        "time": 0.1,
        "looping": true,
        "time_down_event": {
          "event": "command"
        }
      },
      "minecraft:physics": {
        "has_gravity": false,
        "has_collision": false
      },
      "minecraft:pushable": {
        "is_pushable": false,
        "is_pushable_by_piston": false
      },
      "minecraft:nameable": {
        "always_show": true
      },
      "minecraft:conditional_bandwidth_optimization": {}
    },
    
    "events": {
      "kill": {
        "add": {
          "component_groups": [
            "kill"
          ]
        }
      },
      "command": {
        "run_command": {
          "command": [
            "tp ^^0.07^0.035"
          ]
        }
      }
    }
  }
}