{
  "format_version": "1.16.0",
  "minecraft:entity": {
    "description": {
      "identifier": "minecraft:item",
      "is_spawnable": false,
      "is_summonable": false,
      "is_experimental": false,
      "scripts": {
        "animate": [ "item_root", "item_root" ]
      },
      "animations": {
        "item_root": "controller.animation.item_root"
      }
    },
    "component_groups": {
      "minecraft:timer": {
        "minecraft:variant": {
          "value": 1
        },
        "minecraft:timer": {
          "time": 1.5,
          "looping": true,
          "time_down_event": {
            "event": "minecraft:timer2"
          }
        }
      },
      "minecraft:timer2": {
        "minecraft:variant": {
          "value": 2
        },
        "minecraft:timer": {
          "time": 25.0,
          "looping": true,
          "time_down_event": {
            "event": "minecraft:no_timer"
          }
        }
      },
      "minecraft:grass": {
        "minecraft:transformation": {
          "into": "wesl3y:zero_gravity_long<wesl3y:grass>"
        }
      },
      "minecraft:stone": {
        "minecraft:transformation": {
          "into": "wesl3y:zero_gravity_long<wesl3y:stone>"
        }
      },
      "minecraft:sand": {
        "minecraft:transformation": {
          "into": "wesl3y:zero_gravity_long<wesl3y:sand>"
        }
      },
      "minecraft:planks": {
        "minecraft:transformation": {
          "into": "wesl3y:zero_gravity_long<wesl3y:planks>"
        }
      }
    },
    "components": {
      "minecraft:type_family": {
        "family": [ "item" ]
      },
      "minecraft:collision_box": {
        "height": 0.2, "width": 0.2
      },
      "minecraft:physics": {},
      "minecraft:pushable": {
        "is_pushable": true,
        "is_pushable_by_piston": true
      }
    },
    "events": {
      "minecraft:timer": {
        "run_command": {
          "command": [
            "event entity @s[name=\"Bloco de Grama\"] minecraft:timer_add",
            "event entity @s[name=\"Grass Block\"] minecraft:timer_add",
            "event entity @s[name=\"Terra\"] minecraft:timer_add",
            "event entity @s[name=\"Dirt\"] minecraft:timer_add",
            "event entity @s[name=\"Pedregulho\"] minecraft:timer_add",
            "event entity @s[name=\"Cobblestone\"] minecraft:timer_add",
            "event entity @s[name=\"Pedra\"] minecraft:timer_add",
            "event entity @s[name=\"Stone\"] minecraft:timer_add",
            "event entity @s[name=\"Areia\"] minecraft:timer_add",
            "event entity @s[name=\"Sand\"] minecraft:timer_add",
            "event entity @s[name=\"Tábua de Carvalho\"] minecraft:timer_add",
            "event entity @s[name=\"Planks\"] minecraft:timer_add"
          ]
        }
      },
      "minecraft:timer_add": {
        "add": {
          "component_groups": [
            "minecraft:timer"
          ]
        }
      },
      "minecraft:timer2": {
        "remove": {
          "component_groups": [
            "minecraft:timer"
          ]
        },
        "add": {
          "component_groups": [
            "minecraft:timer2"
          ]
        },
        "run_command": {
          "command": [
            "tag @s add ItemblockZG"
          ]
        }
      },
      "minecraft:no_timer": {
        "remove": {
          "component_groups": [
            "minecraft:timer",
            "minecraft:timer2"
          ]
        },
        "run_command": {
          "command": [
            "tag @s remove ItemblockZG"
          ]
        }
      },
      "minecraft:item": {
        "remove": {
          "component_groups": [
            "minecraft:timer",
            "minecraft:timer2"
          ]
        },
        "run_command": {
          "command": [
            "event entity @s[name=\"Bloco de Grama\"] minecraft:grass",
            "event entity @s[name=\"Grass Block\"] minecraft:grass",
            "event entity @s[name=\"Terra\"] minecraft:grass",
            "event entity @s[name=\"Dirt\"] minecraft:grass",
            "event entity @s[name=\"Pedregulho\"] minecraft:stone",
            "event entity @s[name=\"Cobblestone\"] minecraft:stone",
            "event entity @s[name=\"Pedra\"] minecraft:stone",
            "event entity @s[name=\"Stone\"] minecraft:stone",
            "event entity @s[name=\"Areia\"] minecraft:sand",
            "event entity @s[name=\"Sand\"] minecraft:sand",
            "event entity @s[name=\"Tábua de Carvalho\"] minecraft:planks",
            "event entity @s[name=\"Planks\"] minecraft:planks"
          ]
        }
      },
      "minecraft:grass": {
        "add": {
          "component_groups": [
            "minecraft:grass"
          ]
        }
      },
      "minecraft:stone": {
        "add": {
          "component_groups": [
            "minecraft:stone"
          ]
        }
      },
      "minecraft:sand": {
        "add": {
          "component_groups": [
            "minecraft:sand"
          ]
        }
      },
      "minecraft:planks": {
        "add": {
          "component_groups": [
            "minecraft:planks"
          ]
        }
      },
      "minecraft:despawn": {
        "add": {
          "component_groups": [
            "minecraft:despawn"
          ]
        }
      }
    }
  }
}