{
	"format_version": "1.13.0",
	"minecraft:feature_rules": {
		"description": {
			"identifier": "zk:manapool3",
			"places_feature": "zk:manapool3"
		},
		"conditions": {
			"placement_pass": "surface_pass",
			"minecraft:biome_filter": {
				"any_of": [
					{
						"test": "has_biome_tag",
						"value": "overworld"
					},
					{
						"test": "has_biome_tag",
						"value": "overworld_generation"
					}
				]
			}
		},
		"distribution": {
			"iterations": 1,
			"x": {
				"extent": [
					0,
					23
				],
				"distribution": "uniform"
			},
			"y": "query.heightmap(v.worldx, v.worldz) + -1",
			"z": {
				"extent": [
					0,
					23
				],
				"distribution": "uniform"
			},
			"scatter_chance": {
				"numerator": 1,
				"denominator": 400
			}
		}
	}
}