{
	"format_version": "1.18.0",
	"minecraft:entity": {
		"description": {
			"identifier": "zk:locator",
			"is_spawnable": false,
			"is_summonable": true,
			"is_experimental": false
		},
		"component_groups": {},
		"components": {
			"minecraft:damage_sensor": {
				"triggers": {
					"cause": "all",
					"deals_damage": false
				}
			},
			"minecraft:collision_box": {
				"width": 0,
				"height": 0
			},
			"minecraft:rideable": {
				"family_types": [
					"player"
				],
				"seat_count": 1,
				"seats": [
					{
						"position": [
							0,
							0.2,
							0
						]
					}
				],
				"crouching_skip_interact": true,
				"interact_text": "action.interact.ride.minecart",
				"rider_can_interact": true
			},
			"minecraft:despawn": {
				"despawn_from_distance": {
					"max_distance": 150,
					"min_distance": 100
				}
			}
		},
		"events": {
			"locate": {
				"run_command": {
					"command": [
						"function locate"
					]
				}
			}
		}
	}
}