{
	"format_version": "1.16.0",
	"minecraft:entity": {
		"description": {
			"identifier": "zk:nekroheaddesign",
			"is_spawnable": true,
			"is_summonable": true,
			"is_experimental": false
		},
		"component_groups": {},
		"components": {
			"minecraft:collision_box": {
				"width": 0.6,
				"height": 0.6
			},
			"minecraft:pushable": {
				"is_pushable": false,
				"is_pushable_by_piston": false
			},
			"minecraft:damage_sensor": {
				"triggers": [
					{
						"cause": "all",
						"deals_damage": false
					}
				]
			},
			"minecraft:loot": {},
			"minecraft:type_family": {
				"family": [
					"none"
				]
			},
			"minecraft:knockback_resistance": {
				"value": 50,
				"max": 50
			},
			"minecraft:physics": {
				"has_collision": false,
				"has_gravity": false
			}
		},
		"events": {}
	}
}