{
	"format_version": "1.16.0",
	"minecraft:entity": {
		"description": {
			"identifier": "zk:protector",
			"is_spawnable": false,
			"is_summonable": true,
			"is_experimental": false
		},
		"component_groups": {},
		"components": {
			"minecraft:damage_sensor": {
				"triggers": {
					"cause": "all",
					"deals_damage": false
				}
			},
			"minecraft:collision_box": {
				"width": 0,
				"height": 0
			},
			"minecraft:tick_world": {
				"radius": 4000,
				"never_despawn": true,
				"distance_to_players": 4000
			}
		},
		"events": {}
	}
}