{
	"format_version": "1.18.20",
	"minecraft:entity": {
		"description": {
			"identifier": "zk:shiftedskeleton",
			"is_spawnable": true,
			"is_summonable": true,
			"is_experimental": false
		},
		"component_groups": {
			"minecraft:lightning_immune": {
				"minecraft:damage_sensor": {
					"triggers": {
						"on_damage": {
							"filters": {
								"other_with_families": "lightning"
							}
						},
						"deals_damage": false
					}
				}
			},
			"minecraft:ranged_attack": {
				"minecraft:behavior.ranged_attack": {
					"priority": 0,
					"attack_radius": 20,
					"attack_interval": 0.5
				},
				"minecraft:shooter": {
					"def": "zk:timedarrow"
				}
			}
		},
		"components": {
			"minecraft:is_hidden_when_invisible": {},
			"minecraft:experience_reward": {
				"on_death": "query.last_hit_by_player?5+(query.equipment_count*math.random(2,5)):1"
			},
			"minecraft:equip_item": {},
			"minecraft:collision_box": {
				"width": 0.6,
				"height": 1.9
			},
			"minecraft:type_family": {
				"family": [
					"monster",
					"shifted"
				]
			},
			"minecraft:breathable": {
				"total_supply": 15,
				"suffocate_time": 0,
				"breathes_water": true
			},
			"minecraft:health": {
				"value": 25,
				"max": 25
			},
			"minecraft:hurt_on_condition": {
				"damage_conditions": [
					{
						"filters": {
							"test": "in_lava",
							"subject": "self",
							"operator": "==",
							"value": true
						},
						"cause": "lava",
						"damage_per_tick": 4
					}
				]
			},
			"minecraft:loot": {
				"table": "loot_tables/shiftedskeleton.json"
			},
			"minecraft:movement": {
				"value": 0.3
			},
			"minecraft:navigation.walk": {
				"is_amphibious": true,
				"avoid_water": true,
				"can_swim": true,
				"can_walk": true,
				"can_jump": true
			},
			"minecraft:movement.basic": {},
			"minecraft:jump.static": {},
			"minecraft:can_climb": {},
			"minecraft:nameable": {},
			"minecraft:equipment": {
				"table": "loot_tables/entities/skeleton_gear.json"
			},
			"minecraft:shooter": {
				"def": "zk:timedarrow"
			},
			"minecraft:despawn": {
				"despawn_from_distance": {}
			},
			"minecraft:shareables": {
				"items": [
					{
						"item": "minecraft:netherite_sword",
						"want_amount": 1,
						"surplus_amount": 1,
						"priority": 0
					},
					{
						"item": "minecraft:diamond_sword",
						"want_amount": 1,
						"surplus_amount": 1,
						"priority": 1
					},
					{
						"item": "minecraft:iron_sword",
						"want_amount": 1,
						"surplus_amount": 1,
						"priority": 2
					},
					{
						"item": "minecraft:stone_sword",
						"want_amount": 1,
						"surplus_amount": 1,
						"priority": 3
					},
					{
						"item": "minecraft:golden_sword",
						"want_amount": 1,
						"surplus_amount": 1,
						"priority": 4
					},
					{
						"item": "minecraft:wooden_sword",
						"want_amount": 1,
						"surplus_amount": 1,
						"priority": 5
					},
					{
						"item": "minecraft:bow",
						"want_amount": 1,
						"surplus_amount": 1,
						"priority": 6
					},
					{
						"item": "minecraft:netherite_helmet",
						"want_amount": 1,
						"surplus_amount": 1,
						"priority": 0
					},
					{
						"item": "minecraft:diamond_helmet",
						"want_amount": 1,
						"surplus_amount": 1,
						"priority": 1
					},
					{
						"item": "minecraft:iron_helmet",
						"want_amount": 1,
						"surplus_amount": 1,
						"priority": 2
					},
					{
						"item": "minecraft:chainmail_helmet",
						"want_amount": 1,
						"surplus_amount": 1,
						"priority": 3
					},
					{
						"item": "minecraft:golden_helmet",
						"want_amount": 1,
						"surplus_amount": 1,
						"priority": 4
					},
					{
						"item": "minecraft:leather_helmet",
						"want_amount": 1,
						"surplus_amount": 1,
						"priority": 5
					},
					{
						"item": "minecraft:turtle_helmet",
						"want_amount": 1,
						"surplus_amount": 1,
						"priority": 6
					},
					{
						"item": "minecraft:skull:0",
						"want_amount": 1,
						"surplus_amount": 1,
						"priority": 7
					},
					{
						"item": "minecraft:skull:1",
						"want_amount": 1,
						"surplus_amount": 1,
						"priority": 7
					},
					{
						"item": "minecraft:carved_pumpkin",
						"want_amount": 1,
						"surplus_amount": 1,
						"priority": 7
					},
					{
						"item": "minecraft:netherite_chestplate",
						"want_amount": 1,
						"surplus_amount": 1,
						"priority": 0
					},
					{
						"item": "minecraft:diamond_chestplate",
						"want_amount": 1,
						"surplus_amount": 1,
						"priority": 1
					},
					{
						"item": "minecraft:iron_chestplate",
						"want_amount": 1,
						"surplus_amount": 1,
						"priority": 2
					},
					{
						"item": "minecraft:chainmail_chestplate",
						"want_amount": 1,
						"surplus_amount": 1,
						"priority": 3
					},
					{
						"item": "minecraft:golden_chestplate",
						"want_amount": 1,
						"surplus_amount": 1,
						"priority": 4
					},
					{
						"item": "minecraft:leather_chestplate",
						"want_amount": 1,
						"surplus_amount": 1,
						"priority": 5
					},
					{
						"item": "minecraft:netherite_leggings",
						"want_amount": 1,
						"surplus_amount": 1,
						"priority": 0
					},
					{
						"item": "minecraft:diamond_leggings",
						"want_amount": 1,
						"surplus_amount": 1,
						"priority": 1
					},
					{
						"item": "minecraft:iron_leggings",
						"want_amount": 1,
						"surplus_amount": 1,
						"priority": 2
					},
					{
						"item": "minecraft:chainmail_leggings",
						"want_amount": 1,
						"surplus_amount": 1,
						"priority": 3
					},
					{
						"item": "minecraft:golden_leggings",
						"want_amount": 1,
						"surplus_amount": 1,
						"priority": 4
					},
					{
						"item": "minecraft:leather_leggings",
						"want_amount": 1,
						"surplus_amount": 1,
						"priority": 5
					},
					{
						"item": "minecraft:netherite_boots",
						"want_amount": 1,
						"surplus_amount": 1,
						"priority": 0
					},
					{
						"item": "minecraft:diamond_boots",
						"want_amount": 1,
						"surplus_amount": 1,
						"priority": 1
					},
					{
						"item": "minecraft:iron_boots",
						"want_amount": 1,
						"surplus_amount": 1,
						"priority": 2
					},
					{
						"item": "minecraft:chainmail_boots",
						"want_amount": 1,
						"surplus_amount": 1,
						"priority": 3
					},
					{
						"item": "minecraft:golden_boots",
						"want_amount": 1,
						"surplus_amount": 1,
						"priority": 4
					},
					{
						"item": "minecraft:leather_boots",
						"want_amount": 1,
						"surplus_amount": 1,
						"priority": 5
					}
				]
			},
			"minecraft:behavior.ranged_attack": {
				"priority": 0,
				"attack_radius": 20,
				"attack_interval": 0.5
			},
			"minecraft:behavior.hurt_by_target": {
				"priority": 1
			},
			"minecraft:behavior.nearest_attackable_target": {
				"priority": 2,
				"must_see": true,
				"reselect_targets": true,
				"entity_types": [
					{
						"filters": {
							"test": "is_family",
							"subject": "other",
							"value": "player"
						},
						"max_dist": 14
					},
					{
						"filters": {
							"test": "is_family",
							"subject": "other",
							"value": "irongolem"
						},
						"max_dist": 14
					}
				]
			},
			"minecraft:behavior.equip_item": {
				"priority": 3
			},
			"minecraft:behavior.random_stroll": {
				"priority": 6,
				"speed_multiplier": 1
			},
			"minecraft:behavior.look_at_player": {
				"priority": 7,
				"look_distance": 8
			},
			"minecraft:behavior.random_look_around": {
				"priority": 8
			},
			"minecraft:physics": {},
			"minecraft:pushable": {
				"is_pushable": true,
				"is_pushable_by_piston": false
			},
			"minecraft:conditional_bandwidth_optimization": {},
			"minecraft:timer": {
				"time": 10,
				"time_down_event": {
					"event": "arrowrain"
				}
			}
		},
		"events": {
			"minecraft:entity_spawned": {
				"add": {
					"component_groups": [
						"minecraft:ranged_attack"
					]
				}
			},
			"minecraft:spring_trap": {
				"add": {
					"component_groups": [
						"minecraft:lightning_immune"
					]
				}
			},
			"arrowrain": {
				"sequence": [
					{
						"run_command": {
							"command": [
								"tag @p[r=15,m=!c] add arrowrain",
								"scoreboard players set @p[r=15,m=!c] arrowrain 40",
								"playanimation @s animation.shiftedskeleton.arrowrain",
								"execute @p[r=15,m=!c] ~~1~ particle zk:surge",
								"playsound break.amethyst_block @p[r=15,m=!c]"
							]
						}
					}
				]
			}
		}
	}
}