{
	"format_version": "1.16.0",
	"minecraft:entity": {
		"description": {
			"identifier": "zk:shiftedcreeper",
			"is_spawnable": true,
			"is_summonable": true,
			"is_experimental": false
		},
		"component_groups": {
			"minecraft:exploding": {
				"minecraft:explode": {
					"fuse_length": 0.5,
					"fuse_lit": true,
					"power": 5,
					"causes_fire": false,
					"destroy_affected_by_griefing": true
				}
			},
			"minecraft:forced_exploding": {
				"minecraft:target_nearby_sensor": {},
				"minecraft:explode": {
					"fuse_length": 0.3,
					"fuse_lit": true,
					"power": 6,
					"causes_fire": false,
					"destroy_affected_by_griefing": true
				},
				"minecraft:on_target_escape": {}
			}
		},
		"components": {
			"minecraft:is_hidden_when_invisible": {},
			"minecraft:experience_reward": {
				"on_death": "query.last_hit_by_player?5:2"
			},
			"minecraft:type_family": {
				"family": [
					"monster",
					"shifted"
				]
			},
			"minecraft:breathable": {
				"total_supply": 30,
				"suffocate_time": 0
			},
			"minecraft:collision_box": {
				"width": 0.6,
				"height": 1.8
			},
			"minecraft:movement": {
				"value": 0.4
			},
			"minecraft:navigation.walk": {
				"can_path_over_water": true
			},
			"minecraft:movement.basic": {},
			"minecraft:jump.static": {},
			"minecraft:can_climb": {},
			"minecraft:loot": {
				"table": "loot_tables/shiftedcreeper.json"
			},
			"minecraft:health": {
				"value": 30,
				"max": 30
			},
			"minecraft:hurt_on_condition": {
				"damage_conditions": [
					{
						"filters": {
							"test": "in_lava",
							"subject": "self",
							"operator": "==",
							"value": true
						},
						"cause": "lava",
						"damage_per_tick": 4
					}
				]
			},
			"minecraft:attack": {
				"damage": 6
			},
			"minecraft:target_nearby_sensor": {
				"inside_range": 3,
				"outside_range": 6,
				"must_see": true,
				"on_inside_range": {
					"event": "minecraft:start_exploding",
					"target": "self"
				},
				"on_outside_range": {
					"event": "minecraft:stop_exploding",
					"target": "self"
				},
				"on_vision_lost_inside_range": {
					"event": "minecraft:stop_exploding",
					"target": "self"
				}
			},
			"minecraft:despawn": {
				"despawn_from_distance": {}
			},
			"minecraft:behavior.float": {
				"priority": 0
			},
			"minecraft:behavior.melee_attack": {
				"priority": 4,
				"speed_multiplier": 2,
				"track_target": true,
				"reach_multiplier": 0
			},
			"minecraft:behavior.random_stroll": {
				"priority": 5,
				"speed_multiplier": 1
			},
			"minecraft:behavior.look_at_player": {
				"priority": 6,
				"look_distance": 8
			},
			"minecraft:behavior.random_look_around": {
				"priority": 6
			},
			"minecraft:behavior.nearest_attackable_target": {
				"priority": 1,
				"must_see": false,
				"must_see_forget_duration": 3,
				"entity_types": [
					{
						"filters": {
							"test": "is_family",
							"subject": "other",
							"value": "player"
						},
						"max_dist": 25
					}
				]
			},
			"minecraft:behavior.hurt_by_target": {
				"priority": 2
			},
			"minecraft:physics": {},
			"minecraft:pushable": {
				"is_pushable": true,
				"is_pushable_by_piston": false
			},
			"minecraft:on_target_escape": {
				"event": "minecraft:stop_exploding",
				"target": "self"
			},
			"minecraft:conditional_bandwidth_optimization": {}
		},
		"events": {
			"minecraft:start_exploding": {
				"sequence": [
					{
						"filters": {
							"test": "has_component",
							"operator": "!=",
							"value": "minecraft:is_charged"
						},
						"add": {
							"component_groups": [
								"minecraft:exploding"
							]
						}
					}
				]
			},
			"minecraft:stop_exploding": {
				"remove": {
					"component_groups": [
						"minecraft:exploding"
					]
				}
			}
		}
	}
}