{
	"format_version": "1.18.20",
	"minecraft:entity": {
		"description": {
			"identifier": "zk:shiftedspider",
			"is_spawnable": true,
			"is_summonable": true,
			"is_experimental": false
		},
		"component_groups": {
			"minecraft:spider_jockey": {
				"minecraft:addrider": {
					"entity_type": "zk:shiftedskeleton"
				},
				"minecraft:rideable": {
					"seat_count": 1,
					"family_types": [
						"skeleton"
					],
					"seats": {
						"position": [
							0,
							0.54,
							0
						]
					}
				}
			},
			"minecraft:spider_stray_jockey": {
				"minecraft:addrider": {
					"entity_type": "zk:shiftedskeleton"
				},
				"minecraft:rideable": {
					"seat_count": 1,
					"family_types": [
						"skeleton"
					],
					"seats": {
						"position": [
							0,
							0.54,
							0
						]
					}
				}
			}
		},
		"components": {
			"minecraft:is_hidden_when_invisible": {},
			"minecraft:experience_reward": {
				"on_death": "query.last_hit_by_player?12+(query.equipment_count*math.random(2,6)):2"
			},
			"minecraft:nameable": {},
			"minecraft:type_family": {
				"family": [
					"monster",
					"shifted"
				]
			},
			"minecraft:breathable": {
				"total_supply": 30,
				"suffocate_time": 0
			},
			"minecraft:loot": {
				"table": "loot_tables/shiftedspider.json"
			},
			"minecraft:collision_box": {
				"width": 1.4,
				"height": 0.9
			},
			"minecraft:health": {
				"value": 28,
				"max": 28
			},
			"minecraft:movement": {
				"value": 0.37
			},
			"minecraft:navigation.climb": {
				"can_path_over_water": true
			},
			"minecraft:movement.basic": {},
			"minecraft:jump.static": {},
			"minecraft:can_climb": {},
			"minecraft:attack": {
				"damage": 5
			},
			"minecraft:despawn": {
				"despawn_from_distance": {}
			},
			"minecraft:behavior.float": {
				"priority": 1
			},
			"minecraft:behavior.mount_pathing": {
				"priority": 5,
				"speed_multiplier": 1.25,
				"target_dist": 0,
				"track_target": true
			},
			"minecraft:behavior.random_stroll": {
				"priority": 6,
				"speed_multiplier": 0.8
			},
			"minecraft:behavior.look_at_player": {
				"priority": 7,
				"look_distance": 6,
				"probability": 0.02
			},
			"minecraft:behavior.random_look_around": {
				"priority": 7
			},
			"minecraft:behavior.hurt_by_target": {
				"priority": 1
			},
			"minecraft:rideable": {
				"seat_count": 1,
				"family_types": [
					"zombie"
				],
				"seats": {
					"position": [
						0,
						0.54,
						-0.1
					]
				}
			},
			"minecraft:physics": {},
			"minecraft:pushable": {
				"is_pushable": true,
				"is_pushable_by_piston": true
			},
			"minecraft:conditional_bandwidth_optimization": {},
			"minecraft:behavior.melee_attack": {
				"priority": 1,
				"speed_multiplier": 1.2,
				"track_target": true
			},
			"minecraft:behavior.nearest_attackable_target": {
				"priority": 1,
				"set_persistent": true,
				"entity_types": [
					{
						"filters": {
							"test": "is_family",
							"subject": "other",
							"value": "monster",
							"operator": "!="
						},
						"max_dist": 16,
						"must_see": false,
						"check_if_outnumbered": true
					}
				],
				"persist_time": 4
			}
		},
		"events": {}
	}
}