{
	"format_version": "1.18.0",
	"minecraft:entity": {
		"description": {
			"identifier": "zk:timedarrow",
			"is_spawnable": false,
			"is_summonable": true,
			"is_experimental": false,
			"runtime_identifier": "minecraft:arrow"
		},
		"component_groups": {
			"minecraft:hard_arrow": {
				"minecraft:projectile": {
					"on_hit": {
						"impact_damage": {
							"damage": [
								1,
								5
							],
							"knockback": true,
							"semi_random_diff_damage": false,
							"destroy_on_hit": true
						},
						"stick_in_ground": {
							"shake_time": 0.35
						},
						"arrow_effect": {}
					},
					"hit_sound": "bow.hit",
					"power": 1.6,
					"gravity": 0.05,
					"uncertainty_base": 16,
					"uncertainty_multiplier": 4,
					"anchor": 1,
					"should_bounce": true,
					"offset": [
						0,
						-0.1,
						0
					]
				}
			},
			"despawn": {
				"minecraft:instant_despawn": {}
			}
		},
		"components": {
			"minecraft:collision_box": {
				"width": 0.25,
				"height": 0.25
			},
			"minecraft:hurt_on_condition": {
				"damage_conditions": [
					{
						"filters": {
							"test": "in_lava",
							"subject": "self",
							"operator": "==",
							"value": true
						},
						"cause": "lava",
						"damage_per_tick": 4
					}
				]
			},
			"minecraft:projectile": {
				"on_hit": {
					"impact_damage": {
						"damage": [
							1,
							4
						],
						"knockback": true,
						"semi_random_diff_damage": false,
						"destroy_on_hit": true
					},
					"stick_in_ground": {
						"shake_time": 0.35
					},
					"arrow_effect": {}
				},
				"hit_sound": "bow.hit",
				"power": 1.6,
				"gravity": 0.05,
				"uncertainty_base": 16,
				"uncertainty_multiplier": 4,
				"anchor": 1,
				"should_bounce": true,
				"offset": [
					0,
					-0.1,
					0
				]
			},
			"minecraft:physics": {},
			"minecraft:pushable": {
				"is_pushable": false,
				"is_pushable_by_piston": true
			},
			"minecraft:conditional_bandwidth_optimization": {
				"default_values": {
					"max_optimized_distance": 80,
					"max_dropped_ticks": 7,
					"use_motion_prediction_hints": true
				}
			},
			"minecraft:timer": {
				"time": 1.5,
				"time_down_event": {
					"event": "despawn"
				}
			},
			"minecraft:damage_sensor": {
				"triggers": [
					{
						"cause": "all",
						"deals_damage": false
					}
				]
			},
			"minecraft:type_family": {
				"family": [
					"none"
				]
			}
		},
		"events": {
			"minecraft:entity_spawned": {
				"sequence": [
					{
						"filters": {
							"test": "is_difficulty",
							"value": "hard"
						},
						"add": {
							"component_groups": [
								"minecraft:hard_arrow"
							]
						}
					}
				]
			},
			"despawn": {
				"add": {
					"component_groups": [
						"despawn"
					]
				}
			}
		}
	}
}