{
	"format_version": "1.10.0",
	"minecraft:entity": {
		"description": {
			"identifier": "zk:ghoulzombiez",
			"is_spawnable": false,
			"is_summonable": true,
			"is_experimental": false
		},
		"component_groups": {
			"minecraft:can_have_equipment": {
				"minecraft:equipment": {
					"table": "loot_tables/entities/zombie_equipment.json"
				}
			},
			"minecraft:zombie_baby": {
				"minecraft:experience_reward": {
					"on_death": "query.last_hit_by_player?12+(query.equipment_count*math.random(1,3)):0"
				},
				"minecraft:is_baby": {},
				"minecraft:scale": {
					"value": 0.5
				},
				"minecraft:movement": {
					"max": 0.35,
					"value": 0.35
				}
			},
			"minecraft:zombie_adult": {
				"minecraft:behavior.mount_pathing": {
					"speed_multiplier": 1.25,
					"priority": 2,
					"target_dist": 0,
					"track_target": true
				},
				"minecraft:rideable": {
					"family_types": [
						"zombie",
						"monster"
					],
					"seat_count": 1,
					"seats": {
						"position": [
							0,
							1.1,
							-0.35
						],
						"lock_rider_rotation": 0
					}
				},
				"minecraft:movement": {
					"max": 0.23,
					"value": 0.23
				}
			},
			"minecraft:zombie_jockey": {
				"minecraft:behavior.find_mount": {
					"within_radius": 16,
					"priority": 1
				}
			},
			"despawn": {
				"minecraft:instant_despawn": {}
			}
		},
		"components": {
			"minecraft:behavior.random_look_around": {
				"priority": 7
			},
			"minecraft:behavior.random_stroll": {
				"speed_multiplier": 1,
				"priority": 6
			},
			"minecraft:jump.static": {},
			"minecraft:health": {
				"max": 25,
				"value": 25
			},
			"minecraft:behavior.melee_attack": {
				"track_target": true,
				"speed_multiplier": 1
			},
			"minecraft:behavior.look_at_player": {
				"look_distance": 6,
				"probability": 0.02,
				"priority": 7
			},
			"minecraft:movement": {
				"max": 0.35,
				"value": 0.35
			},
			"minecraft:breathable": {
				"totalSupply": 15,
				"breathesWater": true,
				"generatesBubbles": false,
				"breathesAir": true,
				"suffocateTime": -1
			},
			"minecraft:experience_reward": {
				"on_bred": "10",
				"on_death": "query.last_hit_by_player?0:0"
			},
			"minecraft:can_climb": {},
			"minecraft:physics": {},
			"minecraft:type_family": {
				"family": [
					"soulz"
				]
			},
			"minecraft:attack": {
				"damage": 10
			},
			"minecraft:movement.basic": {},
			"minecraft:loot": {
				"table": "loot_tables/entities/zombie.json"
			},
			"minecraft:navigation.walk": {
				"can_pass_doors": true,
				"can_walk": true,
				"can_break_doors": true,
				"is_amphibious": true,
				"can_swim": true
			},
			"minecraft:behavior.hurt_by_target": {
				"priority": 3
			},
			"minecraft:behavior.nearest_attackable_target": {
				"priority": 2,
				"must_see": true,
				"reselect_targets": true,
				"within_radius": 25,
				"must_see_forget_duration": 17,
				"entity_types": [
					{
						"filters": {
							"none_of": [
								{
									"test": "has_tag",
									"subject": "other",
									"value": "soulz",
									"operator": "=="
								},
								{
									"test": "has_tag",
									"subject": "other",
									"value": "ally"
								},
								{
									"test": "is_family",
									"subject": "other",
									"value": "soulz"
								},
								{
									"test": "is_family",
									"subject": "other",
									"value": "animal"
								}
							]
						},
						"max_dist": 40,
						"must_see": true
					}
				],
				"must_reach": true
			},
			"minecraft:scale": {
				"value": 1
			},
			"minecraft:collision_box": {
				"height": 1.8,
				"width": 0.5
			},
			"minecraft:behavior.move_towards_restriction": {
				"speed_multiplier": 1,
				"priority": 5
			},
			"minecraft:underwater_movement": {
				"value": 0.3
			},
			"minecraft:behavior.owner_hurt_by_target": {
				"priority": 1
			},
			"minecraft:behavior.owner_hurt_target": {
				"priority": 2
			},
			"minecraft:fall_damage": {
				"value": 0
			},
			"minecraft:equip_item": {},
			"minecraft:timer": {
				"time": 12,
				"time_down_event": {
					"event": "despawn"
				}
			}
		},
		"events": {
			"minecraft:entity_spawned": {
				"randomize": [
					{
						"add": {
							"component_groups": [
								"minecraft:zombie_adult",
								"minecraft:can_have_equipment"
							]
						},
						"remove": {},
						"weight": 380
					},
					{
						"add": {
							"component_groups": [
								"minecraft:zombie_baby",
								"minecraft:can_have_equipment"
							]
						},
						"remove": {},
						"weight": 17
					},
					{
						"add": {
							"component_groups": [
								"minecraft:zombie_baby",
								"minecraft:zombie_jockey",
								"minecraft:can_have_equipment"
							]
						},
						"remove": {},
						"weight": 3
					}
				]
			},
			"minecraft:as_adult": {
				"add": {
					"component_groups": [
						"minecraft:zombie_adult"
					]
				}
			},
			"minecraft:as_baby": {
				"add": {
					"component_groups": [
						"minecraft:zombie_baby"
					]
				}
			},
			"on:death": {
				"run_command": {
					"command": []
				}
			},
			"on:hurt": {
				"run_command": {
					"command": []
				}
			},
			"on:hurt_by_player": {
				"run_command": {
					"command": []
				}
			},
			"on:ignite": {
				"run_command": {
					"command": []
				}
			},
			"on:target_acquired": {
				"run_command": {
					"command": []
				}
			},
			"on:target_escape": {
				"run_command": {
					"command": []
				}
			},
			"on:wake_with_owner": {
				"run_command": {
					"command": []
				}
			},
			"despawn": {
				"add": {
					"component_groups": [
						"despawn"
					]
				}
			}
		}
	}
}