{
	"format_version": "1.18.0",
	"minecraft:entity": {
		"description": {
			"identifier": "zk:necromancerdup",
			"is_spawnable": false,
			"is_summonable": true,
			"is_experimental": false
		},
		"component_groups": {
			"summon": {
				"minecraft:timer": {
					"time": 10,
					"time_down_event": {
						"event": "shoot"
					}
				},
				"minecraft:behavior.summon_entity": {
					"priority": 2,
					"summon_choices": [
						{
							"min_activation_range": 0,
							"max_activation_range": 50,
							"cooldown_time": 1,
							"weight": 3,
							"cast_duration": 2,
							"particle_color": "#FF664D59",
							"start_sound_event": "cast.spell",
							"sequence": [
								{
									"shape": "circle",
									"target": "self",
									"base_delay": 1,
									"delay_per_summon": 0.2,
									"num_entities_spawned": 2,
									"entity_type": "zk:soulzombie",
									"size": 1.5,
									"entity_lifespan": -1,
									"sound_event": "prepare.attack"
								},
								{
									"shape": "circle",
									"target": "self",
									"base_delay": 0.15,
									"delay_per_summon": 0.1,
									"num_entities_spawned": 1,
									"entity_type": "zk:soulzombie",
									"size": 2.5,
									"entity_lifespan": -1
								}
							]
						},
						{
							"min_activation_range": 0,
							"max_activation_range": 50,
							"weight": 3,
							"cooldown_time": 1,
							"cast_duration": 2,
							"particle_color": "#FF664D59",
							"start_sound_event": "cast.spell",
							"sequence": [
								{
									"shape": "line",
									"target": "player",
									"base_delay": 1,
									"delay_per_summon": 0.05,
									"num_entities_spawned": 4,
									"entity_type": "zk:soulexploder",
									"size": 20,
									"entity_lifespan": -1
								}
							]
						},
						{
							"weight": 2,
							"cooldown_time": 1,
							"cast_duration": 2,
							"particle_color": "#FFB3B3CC",
							"sequence": [
								{
									"shape": "circle",
									"target": "player",
									"delay_per_summon": 0.05,
									"base_delay": 2,
									"num_entities_spawned": 3,
									"entity_type": "zk:soulzombie",
									"summon_cap": 100,
									"size": 1,
									"sound_event": "prepare.summon",
									"entity_lifespan": -1
								}
							],
							"filters": {
								"any_of": [
									{
										"test": "is_family",
										"subject": "other",
										"value": "player"
									}
								]
							}
						}
					]
				}
			},
			"shoot": {
				"minecraft:timer": {
					"time_down_event": {
						"event": "endshoot"
					},
					"time": 15
				},
				"minecraft:behavior.ranged_attack": {
					"priority": 1,
					"attack_interval": 0.1,
					"attack_radius": 40,
					"burst_shots": 8,
					"burst_interval": 2,
					"speed_multiplier": 1,
					"set_persistent": false,
					"target_in_sight_time": 2
				}
			}
		},
		"components": {
			"minecraft:is_hidden_when_invisible": {},
			"minecraft:type_family": {
				"family": [
					"monster",
					"mob",
					"boss"
				]
			},
			"minecraft:collision_box": {
				"width": 1.5,
				"height": 2
			},
			"minecraft:health": {
				"value": 100
			},
			"minecraft:hurt_on_condition": {
				"damage_conditions": [
					{
						"filters": {
							"test": "in_lava",
							"subject": "self",
							"operator": "==",
							"value": true
						},
						"cause": "lava",
						"damage_per_tick": 4
					}
				]
			},
			"minecraft:damage_sensor": {
				"triggers": [
					{
						"cause": "wither",
						"deals_damage": false
					},
					{
						"cause": "fall",
						"deals_damage": false
					},
					{
						"cause": "suffocation",
						"deals_damage": false
					},
					{
						"cause": "thorns",
						"deals_damage": false
					}
				]
			},
			"minecraft:movement": {
				"value": 0.2
			},
			"minecraft:experience_reward": {
				"on_death": "query.last_hit_by_player?12+(query.equipment_count*math.random(10,15)):0"
			},
			"minecraft:flying_speed": {
				"value": 0.2
			},
			"minecraft:navigation.hover": {
				"can_path_over_water": true,
				"can_sink": false,
				"can_pass_doors": false,
				"can_path_from_air": true,
				"avoid_water": true,
				"avoid_damage_blocks": true,
				"avoid_sun": false
			},
			"minecraft:movement.hover": {},
			"minecraft:jump.static": {},
			"minecraft:can_fly": {},
			"minecraft:physics": {
				"has_gravity": false
			},
			"minecraft:pushable": {
				"is_pushable": true,
				"is_pushable_by_piston": true
			},
			"minecraft:conditional_bandwidth_optimization": {},
			"minecraft:behavior.float": {
				"priority": 7
			},
			"minecraft:behavior.look_at_player": {
				"priority": 8,
				"target_distance": 6,
				"probability": 0.02
			},
			"minecraft:follow_range": 60,
			"minecraft:behavior.random_look_around": {
				"priority": 8
			},
			"minecraft:behavior.random_hover": {
				"priority": 9,
				"xz_dist": 8,
				"y_dist": 8,
				"y_offset": -1,
				"interval": 1,
				"hover_height": [
					1,
					4
				]
			},
			"minecraft:behavior.nearest_attackable_target": {
				"set_persistent": false,
				"priority": 2,
				"entity_types": [
					{
						"must_see": false,
						"max_dist": 40,
						"filters": {
							"any_of": [
								{
									"test": "is_family",
									"subject": "other",
									"value": "player"
								}
							]
						}
					}
				],
				"must_reach": true,
				"must_see": true,
				"within_radius": 40,
				"reselect_targets": true
			},
			"minecraft:on_target_acquired": {},
			"minecraft:shooter": {
				"def": "zk:soulskullr"
			},
			"minecraft:behavior.hurt_by_target": {
				"priority": 1,
				"entity_types": [
					{
						"filters": {
							"any_of": [
								{
									"test": "is_family",
									"subject": "other",
									"value": "player"
								}
							]
						}
					}
				],
				"alert_same_type": true
			},
			"minecraft:boss": {
				"name": "§1Soul Wanderer",
				"hud_range": 60
			},
			"minecraft:scale": {
				"value": 1
			},
			"minecraft:knockback_resistance": {
				"value": 20
			}
		},
		"events": {
			"summonward": {
				"sequence": [
					{
						"trigger": {
							"event": "ward"
						}
					}
				]
			},
			"ward": {
				"sequence": [
					{
						"run_command": {
							"command": [
								"execute @e[type=player,r=35] ~~~ summon zk:soulwarden"
							]
						}
					}
				]
			},
			"minecraft:entity_spawned": {
				"add": {
					"component_groups": [
						"shoot"
					]
				}
			},
			"endshoot": {
				"randomize": [
					{
						"sequence": [
							{
								"remove": {
									"component_groups": [
										"shoot"
									]
								}
							},
							{
								"add": {
									"component_groups": [
										"summon"
									]
								}
							}
						],
						"weight": 5
					},
					{
						"weight": 3,
						"run_command": {
							"command": [
								"summon zk:soulpush",
								"particle zk:soulknock",
								"playsound zk.nekropulse @a[r=30]",
								"playanimation @s animation.necromancer.roar"
							]
						}
					}
				]
			},
			"shoot": {
				"sequence": [
					{
						"remove": {
							"component_groups": [
								"summon"
							]
						}
					},
					{
						"add": {
							"component_groups": [
								"shoot"
							]
						}
					}
				]
			}
		}
	}
}