{
	"format_version": "1.18.0",
	"minecraft:entity": {
		"description": {
			"identifier": "zk:necromancer",
			"is_spawnable": true,
			"is_summonable": true,
			"is_experimental": false
		},
		"component_groups": {
			"summon": {
				"minecraft:timer": {
					"time": 25,
					"time_down_event": {
						"event": "shoot"
					}
				},
				"minecraft:behavior.summon_entity": {
					"priority": 0,
					"summon_choices": [
						{
							"min_activation_range": 6,
							"max_activation_range": 60,
							"cooldown_time": 1.5,
							"weight": 3,
							"cast_duration": 2,
							"particle_color": "#FF664D59",
							"start_sound_event": "cast.spell",
							"sequence": [
								{
									"shape": "circle",
									"target": "self",
									"base_delay": 1,
									"delay_per_summon": 0.2,
									"num_entities_spawned": 4,
									"entity_type": "zk:soulzombie",
									"size": 3,
									"entity_lifespan": 25,
									"sound_event": "prepare.attack"
								},
								{
									"shape": "circle",
									"target": "self",
									"base_delay": 0.15,
									"delay_per_summon": 0.1,
									"num_entities_spawned": 3,
									"entity_type": "zk:soulzombie",
									"size": 2.5,
									"entity_lifespan": 20
								}
							]
						},
						{
							"min_activation_range": 5,
							"max_activation_range": 60,
							"weight": 2,
							"cooldown_time": 0,
							"cast_duration": 2,
							"particle_color": "#FF664D59",
							"start_sound_event": "cast.spell",
							"sequence": [
								{
									"shape": "line",
									"target": "self",
									"base_delay": 1,
									"delay_per_summon": 0.1,
									"num_entities_spawned": 25,
									"entity_type": "zk:soulexploder",
									"size": 20,
									"entity_lifespan": -1
								},
								{
									"shape": "circle",
									"target": "self",
									"base_delay": 1,
									"delay_per_summon": 0.05,
									"num_entities_spawned": 5,
									"entity_type": "zk:soulexploder",
									"size": 20,
									"entity_lifespan": -1
								}
							]
						}
					]
				}
			},
			"spawn": {
				"minecraft:environment_sensor": {
					"triggers": [
						{
							"filters": [
								{
									"all_of": [
										{
											"test": "actor_health",
											"subject": "self",
											"value": 400,
											"operator": "<="
										}
									]
								}
							],
							"event": "summonward"
						}
					]
				}
			},
			"shoot": {
				"minecraft:timer": {
					"time_down_event": {
						"event": "endshoot"
					},
					"time": 10
				},
				"minecraft:behavior.ranged_attack": {
					"priority": 1,
					"attack_interval": 1.5,
					"attack_radius": 80,
					"attack_radius_min": 3,
					"speed_multiplier": 1.2
				}
			},
			"begin": {
				"minecraft:timer": {
					"time": 2,
					"time_down_event": {
						"event": "begin"
					}
				}
			},
			"properties": {
				"minecraft:movement": {
					"value": 0.25
				},
				"minecraft:flying_speed": {
					"value": 0.25
				},
				"minecraft:navigation.hover": {
					"can_path_over_water": false,
					"can_sink": false,
					"can_pass_doors": false,
					"can_path_from_air": true,
					"avoid_water": true,
					"avoid_damage_blocks": true,
					"avoid_sun": false
				},
				"minecraft:movement.hover": {},
				"minecraft:jump.static": {},
				"minecraft:can_fly": {},
				"minecraft:behavior.random_look_around": {
					"priority": 8
				},
				"minecraft:behavior.random_hover": {
					"priority": 6,
					"xz_dist": 4,
					"y_dist": 3,
					"y_offset": -1,
					"interval": 3,
					"hover_height": [
						1,
						6
					]
				},
				"minecraft:behavior.move_towards_target": {
					"priority": 2,
					"within_radius": 5
				},
				"minecraft:mob_effect": {
					"effect_range": 3,
					"effect_time": 30,
					"mob_effect": "wither",
					"cooldown_time": 3,
					"entity_filter": {
						"all_of": [
							{
								"test": "is_family",
								"subject": "other",
								"value": "player"
							}
						]
					}
				},
				"minecraft:behavior.nearest_attackable_target": {
					"set_persistent": true,
					"priority": 1,
					"entity_types": [
						{
							"must_see": false,
							"max_dist": 100,
							"filters": {
								"all_of": [
									{
										"test": "is_family",
										"subject": "other",
										"value": "player"
									}
								]
							}
						}
					],
					"must_reach": true,
					"must_see": false,
					"within_radius": 100
				},
				"minecraft:shooter": {
					"def": "zk:soulskullr"
				}
			}
		},
		"components": {
			"minecraft:is_hidden_when_invisible": {},
			"minecraft:type_family": {
				"family": [
					"monster",
					"mob",
					"boss"
				]
			},
			"minecraft:collision_box": {
				"width": 1.2,
				"height": 2.5
			},
			"minecraft:health": {
				"value": 900
			},
			"minecraft:hurt_on_condition": {
				"damage_conditions": [
					{
						"filters": {
							"test": "in_lava",
							"subject": "self",
							"operator": "==",
							"value": true
						},
						"cause": "lava",
						"damage_per_tick": 4
					}
				]
			},
			"minecraft:damage_sensor": {
				"triggers": [
					{
						"cause": "wither",
						"deals_damage": false
					},
					{
						"cause": "fall",
						"deals_damage": false
					},
					{
						"cause": "suffocation",
						"deals_damage": false
					},
					{
						"cause": "thorns",
						"deals_damage": false
					}
				]
			},
			"minecraft:physics": {
				"has_gravity": false,
				"has_collision": true
			},
			"minecraft:pushable": {
				"is_pushable": true,
				"is_pushable_by_piston": true
			},
			"minecraft:conditional_bandwidth_optimization": {},
			"minecraft:behavior.float": {
				"priority": 7
			},
			"minecraft:behavior.hurt_by_target": {
				"priority": 4,
				"entity_types": [
					{
						"filters": {
							"none_of": [
								{
									"test": "is_family",
									"subject": "other",
									"value": "monster"
								}
							]
						}
					}
				]
			},
			"minecraft:boss": {
				"name": "§1Soul Wanderer",
				"hud_range": 100,
				"should_darken_sky": true
			},
			"minecraft:follow_range": 80,
			"minecraft:scale": {
				"value": 1.2
			},
			"minecraft:knockback_resistance": {
				"value": 1
			},
			"minecraft:on_death": {
				"event": "dead"
			}
		},
		"events": {
			"summonward": {
				"sequence": [
					{
						"trigger": {
							"event": "ward"
						}
					}
				]
			},
			"ward": {
				"sequence": [
					{
						"run_command": {
							"command": [
								"execute @e[type=player,r=100,m=!c] ~~~ summon zk:soulwardene",
								"playanimation @s animation.necromancer.ward"
							]
						}
					},
					{
						"remove": {
							"component_groups": [
								"spawn"
							]
						}
					}
				]
			},
			"minecraft:entity_spawned": {
				"sequence": [
					{
						"add": {
							"component_groups": [
								"begin"
							]
						}
					},
					{
						"run_command": {
							"command": [
								"execute @s ~~~ particle zk:essenceecro",
								"execute @s ~0.5~~ particle zk:essenceecror",
								"playanimation @s animation.necromancer.rise",
								"playsound zk.nekrorise @a[r=30]"
							]
						}
					}
				]
			},
			"endshoot": {
				"randomize": [
					{
						"sequence": [
							{
								"remove": {
									"component_groups": [
										"shoot"
									]
								}
							},
							{
								"add": {
									"component_groups": [
										"summon"
									]
								}
							},
							{
								"run_command": {
									"command": [
										"playsound zk.nekrocast @a[r=20]"
									]
								}
							}
						],
						"weight": 5
					},
					{
						"run_command": {
							"command": [
								"execute @s ^^5^5 summon zk:soulswitchur",
								"execute @e[type=zk:soulswitchur] ~~~ particle zk:soulswitchur",
								"gamerule sendcommandfeedback false",
								"tag @p[m=!c] add swit",
								"scoreboard players set @p[tag=swit] swit 105",
								"playsound zk.soul.switch @a[r=40]"
							]
						},
						"weight": 2
					},
					{
						"weight": 4,
						"sequence": [
							{
								"run_command": {
									"command": [
										"summon zk:soulpush",
										"particle zk:soulknock",
										"playsound zk.nekropulse @a[r=30]",
										"playanimation @s animation.necromancer.roar"
									]
								}
							}
						]
					},
					{
						"weight": 1,
						"sequence": [
							{
								"run_command": {
									"command": [
										"summon zk:necromancerdup",
										"playsound zk.soul.shot @a[r=30]",
										"execute @e[r=3,type=zk:necromancerdup] ~~2~ particle zk:souldup"
									]
								}
							}
						]
					}
				]
			},
			"shoot": {
				"sequence": [
					{
						"remove": {
							"component_groups": [
								"summon"
							]
						}
					},
					{
						"add": {
							"component_groups": [
								"shoot"
							]
						}
					}
				]
			},
			"begin": {
				"sequence": [
					{
						"remove": {
							"component_groups": [
								"begin"
							]
						}
					},
					{
						"add": {
							"component_groups": [
								"spawn",
								"shoot",
								"properties"
							]
						}
					}
				]
			},
			"dead": {
				"sequence": [
					{
						"run_command": {
							"command": [
								"summon zk:necromancerdead"
							]
						}
					}
				]
			}
		}
	}
}