{
	"format_version": "1.19.0",
	"minecraft:entity": {
		"description": {
			"identifier": "zk:necromancerdead",
			"is_summonable": true,
			"is_spawnable": false
		},
		"component_groups": {},
		"components": {
			"minecraft:loot": {
				"table": "loot_tables/nekro.json"
			},
			"minecraft:collision_box": {
				"width": 0,
				"height": 0
			},
			"minecraft:physics": {
				"has_gravity": true
			},
			"minecraft:pushable": {
				"is_pushable": false,
				"is_pushable_by_piston": false
			},
			"minecraft:experience_reward": {
				"on_death": 60
			},
			"minecraft:damage_sensor": {
				"triggers": [
					{
						"cause": "all",
						"deals_damage": false
					}
				]
			},
			"minecraft:scale": {
				"value": 1.5
			},
			"minecraft:timer": {
				"time": 6,
				"time_down_event": {
					"event": "die"
				}
			}
		},
		"events": {
			"minecraft:entity_spawned": {
				"sequence": [
					{
						"run_command": {
							"command": [
								"playanimation @s animation.necromancer.ndying"
							]
						}
					}
				]
			},
			"die": {
				"sequence": [
					{
						"run_command": {
							"command": [
								"kill @s"
							]
						}
					}
				]
			}
		}
	}
}