{
	"format_version": "1.18.0",
	"minecraft:entity": {
		"description": {
			"identifier": "zk:soulexploder",
			"is_spawnable": false,
			"is_summonable": true,
			"is_experimental": false
		},
		"component_groups": {
			"despawn_time": {
				"minecraft:instant_despawn": {}
			},
			"explode": {
				"minecraft:explode": {
					"fuse_lit": true,
					"power": 6,
					"causes_fire": false,
					"breaks_blocks": false
				}
			}
		},
		"components": {
			"minecraft:damage_sensor": {
				"triggers": [
					{
						"cause": "all",
						"deals_damage": false
					}
				]
			},
			"minecraft:timer": {
				"looping": false,
				"time": 2,
				"time_down_event": {
					"event": "explode"
				}
			},
			"minecraft:type_family": {
				"family": [
					"monster",
					"none"
				]
			},
			"minecraft:collision_box": {
				"width": 0,
				"height": 2
			},
			"minecraft:scale": {
				"value": 1
			},
			"minecraft:pushable": {
				"is_pushable": false,
				"is_pushable_by_piston": false
			},
			"minecraft:physics": {}
		},
		"events": {
			"explode": {
				"sequence": [
					{
						"run_command": {
							"command": [
								"particle zk:soulexploded ~~~",
								"effect @e[r=20,type=zk:necromancer] resistance 1 255 true",
								"effect @e[r=20,type=zk:soulwardene] resistance 1 255 true",
								"effect @e[r=20,type=zk:necromancerdup] resistance 1 255 true",
								"effect @e[r=20,type=zk:soulzombie] resistance 1 255 true",
								"playsound zk.soul.explode @a[r=20]"
							]
						}
					},
					{
						"add": {
							"component_groups": [
								"explode"
							]
						}
					}
				]
			}
		}
	}
}