{
	"format_version": "1.16.0",
	"minecraft:entity": {
		"description": {
			"identifier": "zk:soulswitchur",
			"is_spawnable": false,
			"is_summonable": true,
			"is_experimental": false
		},
		"component_groups": {
			"despawn": {
				"minecraft:instant_despawn": {}
			}
		},
		"components": {
			"minecraft:pushable": {
				"is_pushable": false,
				"is_pushable_by_piston": false
			},
			"minecraft:health": {
				"min": 99999,
				"max": 99999
			},
			"minecraft:damage_sensor": {
				"triggers": {
					"cause": "all",
					"deals_damage": false
				}
			},
			"minecraft:timer": {
				"time": 10,
				"time_down_event": {
					"event": "despawn"
				}
			},
			"minecraft:collision_box": {
				"width": 0.2,
				"height": 0.2
			},
			"minecraft:type_family": {
				"family": [
					"none"
				]
			}
		},
		"events": {
			"despawn": {
				"sequence": [
					{
						"run_command": {
							"command": [
								"gamerule sendcommandfeedback true"
							]
						}
					},
					{
						"add": {
							"component_groups": [
								"despawn"
							]
						}
					}
				]
			}
		}
	}
}