{
	"format_version": "1.18.0",
	"minecraft:entity": {
		"description": {
			"identifier": "zk:soulpush",
			"is_spawnable": false,
			"is_summonable": true,
			"is_experimental": false
		},
		"component_groups": {
			"despawn": {
				"minecraft:instant_despawn": {}
			}
		},
		"components": {
			"minecraft:pushable": {
				"is_pushable": false,
				"is_pushable_by_piston": false
			},
			"minecraft:health": {
				"min": 99999,
				"max": 99999
			},
			"minecraft:damage_sensor": {
				"triggers": {
					"cause": "all",
					"deals_damage": false
				}
			},
			"minecraft:collision_box": {
				"width": 0.2,
				"height": 0.2
			},
			"minecraft:behavior.knockback_roar": {
				"priority": 0,
				"attack_time": 0.2,
				"knockback_damage": 14,
				"duration": 0.2,
				"knockback_strength": 10,
				"knockback_range": 20,
				"knockback_filters": {
					"any_of": [
						{
							"test": "is_family",
							"subject": "other",
							"value": "player"
						}
					]
				},
				"on_roar_end": {
					"event": "despawn"
				}
			},
			"minecraft:type_family": {
				"family": [
					"none"
				]
			}
		},
		"events": {
			"despawn": {
				"add": {
					"component_groups": [
						"despawn"
					]
				}
			}
		}
	}
}