{
	"format_version": "1.18.0",
	"minecraft:entity": {
		"description": {
			"identifier": "zk:soulwardene",
			"runtime_identifier": "minecraft:warden",
			"is_spawnable": false,
			"is_summonable": true,
			"is_experimental": false
		},
		"component_groups": {
			"emerging": {
				"minecraft:behavior.emerge": {
					"duration": 7,
					"on_done": {
						"event": "minecraft:emerged",
						"target": "self"
					}
				}
			},
			"pushable": {
				"minecraft:pushable": {
					"is_pushable": true,
					"is_pushable_by_piston": true
				}
			},
			"despawn": {
				"minecraft:instant_despawn": {}
			}
		},
		"components": {
			"minecraft:attack": {
				"damage": 16
			},
			"minecraft:behavior.sonic_boom": {
				"priority": 1,
				"duration": 3,
				"speed_multiplier": 1.2,
				"attack_damage": 15,
				"attack_range_horizontal": 15,
				"attack_range_vertical": 20,
				"attack_cooldown": 1,
				"knockback_vertical_strength": 3,
				"knockback_horizontal_strength": 2.5,
				"knockback_height_cap": 0.5,
				"duration_until_attack_sound": 1.7,
				"charge_sound": "sonic_charge",
				"attack_sound": "sonic_boom"
			},
			"minecraft:is_hidden_when_invisible": {},
			"minecraft:breathable": {
				"total_supply": 15,
				"suffocate_time": 0
			},
			"minecraft:navigation.walk": {
				"can_path_over_water": true,
				"can_path_over_lava": true,
				"avoid_damage_blocks": true
			},
			"minecraft:movement.basic": {},
			"minecraft:jump.static": {},
			"minecraft:can_climb": {},
			"minecraft:collision_box": {
				"width": 0.9,
				"height": 2.9
			},
			"minecraft:type_family": {
				"family": [
					"monster"
				]
			},
			"minecraft:health": {
				"value": 5000,
				"max": 5000
			},
			"minecraft:movement": {
				"value": 0.45
			},
			"minecraft:knockback_resistance": {
				"value": 1
			},
			"minecraft:behavior.melee_attack": {
				"priority": 1,
				"speed_multiplier": 1.2,
				"melee_fov": 360
			},
			"minecraft:ambient_sound_interval": {
				"value": 2,
				"range": 4,
				"event_name": "ambient",
				"event_names": [
					{
						"event_name": "angry",
						"condition": "query.anger_level(this)>=80"
					},
					{
						"event_name": "agitated",
						"condition": "query.anger_level(this)>=40"
					}
				]
			},
			"minecraft:heartbeat": {
				"interval": "2-math.clamp(query.anger_level/80*1.5,0,1.5)"
			},
			"minecraft:follow_range": 90,
			"minecraft:behavior.follow_mob": {
				"priority": 5,
				"search_range": 30,
				"start_distance": 8,
				"stop_distance": 2
			},
			"minecraft:behavior.random_stroll": {
				"priority": 9,
				"speed_multiplier": 0.5
			},
			"minecraft:behavior.random_look_around": {
				"priority": 11
			},
			"minecraft:physics": {},
			"minecraft:fire_immune": {},
			"minecraft:behavior.nearest_attackable_target": {
				"priority": 1,
				"must_reach": true,
				"must_see": true,
				"must_see_forget_duration": 20,
				"within_radius": 250,
				"entity_types": {
					"filters": {
						"any_of": [
							{
								"test": "is_family",
								"subject": "other",
								"value": "player"
							}
						]
					},
					"max_dist": 250
				}
			},
			"minecraft:experience_reward": {
				"on_death": "query.last_hit_by_player?12+(query.equipment_count*math.random(10,25)):0"
			},
			"minecraft:timer": {
				"time": [
					70,
					80
				],
				"time_down_event": {
					"event": "despawn"
				}
			}
		},
		"events": {
			"minecraft:spawn_emerging": {
				"add": {
					"component_groups": [
						"emerging"
					]
				}
			},
			"minecraft:emerged": {
				"add": {
					"component_groups": [
						"pushable"
					]
				},
				"remove": {
					"component_groups": [
						"emerging"
					]
				}
			},
			"minecraft:entity_spawned": {
				"sequence": [
					{
						"add": {
							"component_groups": [
								"pushable"
							]
						}
					},
					{
						"run_command": {
							"command": [
								"playsound zk.soul.warden"
							]
						}
					}
				]
			},
			"on_digging_event": {
				"remove": {
					"component_groups": [
						"pushable"
					]
				}
			},
			"despawn": {
				"add": {
					"component_groups": [
						"despawn"
					]
				}
			}
		}
	}
}