{
	"format_version": "1.18.0",
	"minecraft:entity": {
		"description": {
			"identifier": "zk:soulexplode",
			"is_spawnable": false,
			"is_summonable": true,
			"is_experimental": false
		},
		"component_groups": {
			"despawn_time": {
				"minecraft:instant_despawn": {}
			},
			"explode": {
				"minecraft:explode": {
					"fuse_lit": true,
					"power": 7,
					"causes_fire": false,
					"breaks_blocks": false,
					"destroy_affected_by_griefing": true
				}
			}
		},
		"components": {
			"minecraft:damage_sensor": {
				"triggers": [
					{
						"cause": "all",
						"deals_damage": false
					}
				]
			},
			"minecraft:timer": {
				"looping": false,
				"time": 2,
				"time_down_event": {
					"event": "explode"
				}
			},
			"minecraft:type_family": {
				"family": [
					"soul",
					"none"
				]
			},
			"minecraft:collision_box": {
				"width": 0,
				"height": 2
			},
			"minecraft:scale": {
				"value": 1
			},
			"minecraft:pushable": {
				"is_pushable": false,
				"is_pushable_by_piston": false
			},
			"minecraft:physics": {},
			"minecraft:behavior.nearest_attackable_target": {
				"entity_types": [
					{
						"filters": {
							"any_of": [
								{
									"test": "has_tag",
									"value": "soulz",
									"subject": "other",
									"operator": "!="
								}
							]
						}
					}
				]
			}
		},
		"events": {
			"explode": {
				"sequence": [
					{
						"add": {
							"component_groups": [
								"explode"
							]
						}
					},
					{
						"run_command": {
							"command": [
								"particle zk:soulexploded ~~~",
								"effect @e[r=10,tag=soul] resistance 1 255 true"
							]
						}
					}
				]
			}
		}
	}
}