{
	"format_version": "1.10.0",
	"minecraft:entity": {
		"description": {
			"identifier": "zk:soulswitch",
			"is_spawnable": false,
			"is_summonable": true,
			"is_experimental": false,
			"runtime_identifier": "minecraft:snowball"
		},
		"component_groups": {
			"despawn": {
				"minecraft:instant_despawn": {}
			}
		},
		"components": {
			"minecraft:projectile": {
				"on_hit": {
					"impact_damage": {
						"damage": 18,
						"knockback": true,
						"semi_random_diff_damage": false,
						"destroy_on_hit": true
					},
					"arrow_effect": {},
					"teleport_owner": {},
					"definition_event": {
						"event_trigger": {
							"event": "on:hit"
						}
					}
				},
				"power": 1,
				"angleoffset": 0,
				"gravity": 0,
				"shoot_sound": "sw_airwand_shot"
			},
			"minecraft:physics": {
				"has_collision": true,
				"has_gravity": true
			},
			"minecraft:timer": {
				"time": 3,
				"time_down_event": {
					"event": "despawn"
				}
			},
			"minecraft:type_family": {
				"family": [
					"none"
				]
			}
		},
		"events": {
			"on:hit": {
				"run_command": {
					"command": [
						"function soulswitch2"
					]
				}
			},
			"despawn": {
				"add": {
					"component_groups": [
						"despawn"
					]
				}
			}
		}
	}
}