{
	"format_version": "1.16.0",
	"minecraft:entity": {
		"description": {
			"identifier": "zk:soulskullr",
			"is_spawnable": false,
			"is_summonable": true,
			"is_experimental": false,
			"runtime_identifier": "minecraft:snowball"
		},
		"component_groups": {
			"despawn": {
				"minecraft:instant_despawn": {}
			}
		},
		"components": {
			"minecraft:projectile": {
				"on_hit": {
					"impact_damage": {
						"damage": 10,
						"knockback": true,
						"destroy_on_hit": true,
						"semi_random_diff_damage": true
					},
					"mob_effect": {
						"effect": "wither",
						"visible": true,
						"durationeasy": 100,
						"durationnormal": 200,
						"durationhard": 300
					}
				},
				"power": 1.2,
				"gravity": 0,
				"hit_sound": "bow.hit"
			},
			"minecraft:physics": {
				"has_collision": true,
				"has_gravity": false
			},
			"minecraft:timer": {
				"time": 10,
				"time_down_event": {
					"event": "despawn"
				}
			},
			"minecraft:type_family": {
				"family": [
					"none",
					"proj"
				]
			}
		},
		"events": {
			"despawn": {
				"add": {
					"component_groups": [
						"despawn"
					]
				}
			}
		}
	}
}