{
  "format_version": "1.16.100",
  "minecraft:block": {
    "description": {
      "identifier": "darkage:cross",
      "category": "Nature",
      "register_to_creative_menu": true,
      "properties": {
        "block:rotation": [
          0,
          1,
          2,
          3,
          4,
          5,
          6
        ]
      }
    },
    "components": {
      "minecraft:destroy_time": 1.0,
      "minecraft:explosion_resistance": 1.0,
      "minecraft:block_light_absorption": 0.0,
      "minecraft:block_light_emission": 0.0,
      "minecraft:material_instances": {
        "*": {
          "texture": "stonebrick_mossy",
          "render_method": "alpha_test"
        }
      },
      "minecraft:on_interact": {
        "event": "interact"
      },
      "minecraft:on_player_placing": {
        "event": "update_rotation"
      },
      "minecraft:entity_collision": {
				"origin": [
					-8,
					0,
					-8
				],
				"size": [
					16,
					16,
					16
				]
			},
			"minecraft:pick_collision": {
				"origin": [
					-8,
					0,
					-8
				],
				"size": [
					16,
					16,
					16
				]
			},
      "minecraft:geometry": "geometry.cross"
    },
		  "events": {
        "minecraft:summon_mobs": {
          "randomize": [
            {
              "weight": 80,
              "run_command": {
                "command": [ 
                  "summon zombie ~~~",
                  "playsound random.fizz @a[r=15]",
                  "particle minecraft:death_explosion_emitter ~ ~1 ~"
                ]
              }
            },
            {
              "weight": 50,
              "run_command": {
                "command": [ 
                  "summon skeleton ~~~",
                  "playsound random.fizz @a[r=15]",
                  "particle minecraft:death_explosion_emitter ~ ~1 ~"
                ]
              }
            },
            {
              "weight": 30,
              "run_command": {
                "command": [ 
                  "summon darkage:ghost ~~~",
                  "playsound random.fizz @a[r=15]",
                  "particle minecraft:death_explosion_emitter ~ ~1 ~"
                ]
              }
            },
            {
              "weight": 10,
              "run_command": {
                "command": [ 
                  "summon darkage:ghost2 ~~~",
                  "playsound random.fizz @a[r=15]",
                  "particle minecraft:death_explosion_emitter ~ ~1 ~"
                ]
              }
            }
          ]
        },
        "update_rotation": {
          "set_block_property": {
            "block:rotation": "query.cardinal_facing_2d"
          }
        },
		    "interact": {
        "sequence": [
          {
            "condition": "query.get_equipped_item_name == 'ectoplasma'",
            "run_command": {
              "command": [ 
                "summon darkage:ghost ~~~",
                "playsound random.fuse @a[r=15]",
                "particle minecraft:death_explosion_emitter ~ ~1 ~",
                "setblock ~~~ air"
              ]
            }
          },
          {
            "condition": "query.get_equipped_item_name == 'human_flesh'",
            "run_command": {
              "command": [ 
                "summon darkage:ghost2 ~~~",
                "playsound random.fuse @a[r=15]",
                "particle minecraft:death_explosion_emitter ~ ~1 ~",
                "setblock ~~~ air"
              ]
            }
          }
        ]
      }
    },
    "permutations": [
      {
        "condition": "query.block_property('block:rotation') == 2",
        "components": {
          "minecraft:rotation": [
            0,
            0,
            0
          ]
        }
      },
      {
        "condition": "query.block_property('block:rotation') == 3",
        "components": {
          "minecraft:rotation": [
            0,
            -180,
            0
          ]
        }
      },
      {
        "condition": "query.block_property('block:rotation') == 4",
        "components": {
          "minecraft:rotation": [
            0,
            90,
            0
          ]
        }
      },
      {
        "condition": "query.block_property('block:rotation') == 5",
        "components": {
          "minecraft:rotation": [
            0,
            -90,
            0
          ]
        }
      }
    ]
  }
}
