{
  "format_version": "1.16.100",
  "minecraft:block": {
    "description": {
      "identifier": "darkage:grass_ash",
      "category": "Nature",
      "register_to_creative_menu": true
    },
    "components": {
      "minecraft:loot": "loot_tables/blocks/grass_ash.json",
      "minecraft:destroy_time": 0.3,
      "minecraft:friction": 0.7,
      "minecraft:map_color": "#FFFFFF",
      "minecraft:explosion_resistance": 1.0,
      "minecraft:block_light_absorption": 0.0,
      "minecraft:block_light_emission": 0.0,
      "minecraft:on_player_placing": {
        "event": "update_rotation"
      }
    },
    "events": {
    }
  }
}