{
  "format_version": "1.13.0",
  "minecraft:entity": {
    "description": {
      "identifier": "darkage:chocurmis",
      "is_spawnable": true,
      "is_summonable": true,
      "is_experimental": false,
      "scripts": {
     "animate": [
       "slow_falling",
       "grass_test"
     ]
   },
   "animations": {
     "slow_falling": "controller.animation.chocurmis.slow_falling",
     "grass_test": "controller.animation.chocurmis.grass_test"
   }
 },
    "component_groups": {
      "minecraft:chocurmis_baby": {
        "minecraft:is_baby": {
        },
        "minecraft:scale_by_age": {
          "start_scale": 0.8,
          "end_scale": 2.0
        },
        "minecraft:ageable": {
          "duration": 1200,
          "feed_items": [
            {
              "item": "carrot",
              "growth": 0.016667
            }
         ],
          "grow_up": {
            "event": "minecraft:ageable_grow_up",
            "target": "self"
          }
        },
        "minecraft:behavior.follow_parent": {
          "priority": 4,
          "speed_multiplier": 1.0
        }
      },

      "minecraft:chocurmis_adult": {
        "minecraft:experience_reward": {
          "on_bred": "Math.Random(1,7)",
          "on_death": "query.last_hit_by_player ? Math.Random(1,3) : 0"
        },
        "minecraft:loot": {
          "table": "loot_tables/entities/chocurmis.json"
        },
        "minecraft:behavior.run_around_like_crazy": {
          "priority": 1,
          "speed_multiplier": 1.2
        },
        "minecraft:behavior.breed": {
          "priority": 2,
          "speed_multiplier": 1.0
        }
      },

      "minecraft:chocurmis_wild": {
        "minecraft:rideable": {
          "seat_count": 1,
          "family_types": [
            "player",
            "zombie"
          ],
          "interact_text": "action.interact.mount",
          "seats": {
            "position": [ 0.0, 1.1, 0.0 ]
          }
        },
        "minecraft:behavior.avoid_mob_type": {
          "priority": 1,
          "entity_types": [
            {
              "filters": { "test": "is_family", "subject": "other", "value": "player" },
              "max_dist": 40,
              "walk_speed_multiplier": 2.0,
              "sprint_speed_multiplier": 1.5
            },
            {
              "filters": { "test": "is_family", "subject": "other", "value": "plague" },
              "max_dist": 40,
              "walk_speed_multiplier": 2.0,
              "sprint_speed_multiplier": 1.5
            },
            {
              "filters": { "test": "is_family", "subject": "other", "value": "devourer" },
              "max_dist": 40,
              "walk_speed_multiplier": 2.0,
              "sprint_speed_multiplier": 1.5
            }
          ],
          "probability_per_strength": 0.14
        },
        "minecraft:behavior.mount_pathing": {
          "priority": 3,
          "speed_multiplier": 1.8,
          "target_dist": 0.0,
          "track_target": true
        },
        "minecraft:tamemount": {
          "min_temper": 0,
          "max_temper": 100,
          "feed_text": "action.interact.feed",
          "ride_text": "action.interact.mount",
          "feed_items": [
            {
              "item": "potato",
              "temper_mod": 4
            }
          ],
          "auto_reject_items": [
            {
              "item": "diamond_helmet"
            },
            {
              "item": "saddle"
            }
          ],
          "tame_event": {
            "event": "minecraft:on_tame",
            "target": "self"
           }
        }
     },

     "minecraft:chocurmis_tamed": {
      "minecraft:is_tamed": {
      },
      "minecraft:rideable": {
        "seat_count": 1,
        "crouching_skip_interact": true,
        "family_types": [
          "player"
        ],
        "interact_text": "action.interact.ride.chocurmis",
        "seats": {
          "position": [ 0.0, 1.1, 0.0 ]
        }
      },
      "minecraft:healable": {
        "items": [
          {
            "item": "minecraft:wheat_seeds",
            "heal_amount": 5
          },      
          {
            "item": "minecraft:melon_slice",
            "heal_amount": 10
          },
          {
            "item": "minecraft:apple",
            "heal_amount": 10
          },
          {
            "item": "minecraft:potato",
            "heal_amount": 10
          }
        ]
      },
      "minecraft:interact": {
        "interactions": [
          {
            "play_sounds": "armor.equip_generic",
            "on_interact": {
              "filters": {
                "all_of": [
                  { "test" :  "is_family", "subject" : "other", "value" :  "player"},
                  { "test" :  "has_equipment", "domain": "hand","subject" : "other", "value" : "chest"}
                ]
              },
              "event": "minecraft:on_chest",
              "target": "self"
            },
            "use_item": true,
            "interact_text": "action.interact.attachchest"
          }
        ]
      },    
      "minecraft:inventory": {
        "inventory_size": 16,
        "container_type": "horse"
      },
      "minecraft:breedable": {
        "require_tame": true,
        "inherit_tamed": false,
        "breeds_with": [
          {
            "mate_type": "darkage:chocurmis",
            "baby_type": "darkage:chocurmis",
            "breed_event": {
              "event": "minecraft:entity_born",
              "target": "baby"
            }
          }
        ],
        "breed_items": [
          "carrot"
        ]
      },
      "minecraft:behavior.tempt": {
        "priority": 5,
        "speed_multiplier": 1.2,
        "items": [
          "carrot",
          "potato",
          "apple",
          "melon_slice",
          "wheat_seeds"
        ]
      }
    },
    "minecraft:chocurmis_saddled": {
      "minecraft:is_saddled": {
      },
      "minecraft:input_ground_controlled": {
      },
      "minecraft:can_power_jump": {
      },
      "minecraft:horse.jump_strength": {
        "value": 1.3
      },
      "minecraft:behavior.player_ride_tamed": {
      }
    },
    "minecraft:chocurmis_chested":{
      "minecraft:is_chested": {}
      }
  },

    "components": {
      "minecraft:type_family": {
        "family": [ "chocurmis", "mob" ]
      },
      "minecraft:attack": {
        "damage": 3
      },
      "minecraft:equippable": {
        "slots": [
          {
            "slot": 0,
            "item": "saddle",
            "accepted_items": ["saddle"],
            "on_equip": {
              "event": "minecraft:chocurmis_saddled"
            },
            "on_unequip": {
              "event": "minecraft:chocurmis_unsaddled"
               }
            },
            {
              "slot": 1,
             "item": "diamond_helmet",
             "accepted_items": [
               "diamond_helmet"
             ]
           }
         ]
      },
      "minecraft:scale": {
        "value": 2.0
      },
      "minecraft:behavior.melee_attack": {
        "priority": 4,
        "target_dist": 1.2,
        "speed_multiplier": 1.2,
        "track_target": true
        },
      "minecraft:health": {
        "value": 40,
        "max": 40
      },
      "minecraft:follow_range": {
        "value": 50,
        "max": 50
      },
      "minecraft:collision_box": {
        "width": 1,
        "height": 2
      },
      "minecraft:navigation.walk": {
        "can_path_over_water": true,
        "avoid_water": true,
        "avoid_damage_blocks": true
      },
            "minecraft:movement": {
        "value": 0.28
      },
      "minecraft:movement.basic": {
      },
      "minecraft:can_climb": {
      },
      "minecraft:jump.static": {
      },
      "minecraft:behavior.float": {
                "priority": 20
            },         
      "minecraft:damage_sensor": {
        "triggers": [
              {
                "cause": "fall",
               "deals_damage": false
                }
          ]
      },
            "minecraft:hurt_on_condition": {
        "damage_conditions": [
          {
            "filters": { "test": "in_lava", "subject": "self", "operator": "==", "value": true },
            "cause": "lava",
            "damage_per_tick": 4
          }
        ]
      },
      "minecraft:behavior.random_stroll": {
        "priority": 7,
        "speed_multiplier": 0.8
      },
      "minecraft:behavior.look_at_player": {
        "priority": 8,
        "look_distance": 6.0,
        "probability": 0.02
      },
      "minecraft:leashable": {
        "soft_distance": 4.0,
        "hard_distance": 6.0,
        "max_distance": 10.0
      },
      "minecraft:behavior.random_look_around": {
        "priority": 9
      },
      "minecraft:physics": {
      },
      "minecraft:pushable": {
                "is_pushable": false,
                "is_pushable_by_piston": true
              }
           },
           
       "events": {
        "minecraft:entity_spawned": {
          "randomize": [
            {
              "weight": 90,
              "remove": {},
              "add": {
                "component_groups": [
                  "minecraft:chocurmis_adult",
                  "minecraft:chocurmis_wild"
                ]
              }
            },
            {
              "weight": 20,
              "remove": {},
              "add": {
                "component_groups": [
                  "minecraft:chocurmis_baby"
                ]
              }
            }
          ]
        },
        "minecraft:entity_born": {
          "add": {
            "component_groups": [
              "minecraft:chocurmis_baby"
            ]
          }
        },
        "minecraft:on_tame": {
          "remove": {
            "component_groups": [
              "minecraft:chocurmis_wild"
            ]
          },
          "add": {
            "component_groups": [
              "minecraft:chocurmis_tamed"
            ]
          }
        },
        "minecraft:chocurmis_saddled": {
          "add": {
            "component_groups": [
              "minecraft:chocurmis_saddled"
            ]
          }
        },
        "minecraft:chocurmis_unsaddled": {
          "remove": {
            "component_groups": [
              "minecraft:chocurmis_saddled"
            ]
          }
        },
             "minecraft:on_chest": {
          "add": {
            "component_groups": [
              "minecraft:chocurmis_chested"
            ]
          }
        },
        "minecraft:ageable_grow_up": {
          "remove": {
            "component_groups": [
              "minecraft:chocurmis_baby"
            ]
          },
          "add": {
            "component_groups": [
              "minecraft:chocurmis_adult",
              "minecraft:chocurmis_wild"
            ]
          }
        }
    }
  }
}
