{
	"format_version": "1.16.0",
	"minecraft:entity": {
		"description": {
			"identifier": "zk:bombbig",
			"is_spawnable": false,
			"is_summonable": true,
			"is_experimental": false
		},
		"component_groups": {
			"explode": {
				"minecraft:explode": {
					"fuse_lit": true,
					"power": 6,
					"causes_fire": false,
					"breaks_blocks": true,
					"destroy_affected_by_griefing": true
				}
			}
		},
		"components": {
			"minecraft:projectile": {
				"on_hit": {
					"impact_damage": {
						"damage": 8,
						"knockback": true,
						"destroy_on_hit": false
					}
				},
				"gravity": 0.15,
				"power": 2,
				"inertia": 0.99,
				"liquid_inertia": 1
			},
			"minecraft:physics": {
				"has_collision": true,
				"has_gravity": true
			},
			"minecraft:timer": {
				"time": 2,
				"time_down_event": {
					"event": "explode"
				}
			},
			"minecraft:damage_sensor": {
				"triggers": {
					"cause": "all",
					"deals_damage": false
				}
			},
			"minecraft:scale": {
				"value": 2
			},
			"minecraft:type_family": {
				"family": [
					"none"
				]
			}
		},
		"events": {
			"explode": {
				"sequence": [
					{
						"add": {
							"component_groups": [
								"explode"
							]
						}
					},
					{
						"run_command": {
							"command": [
								"particle zk:fireexplosionr"
							]
						}
					}
				]
			}
		}
	}
}