{
	"format_version": "1.10.0",
	"minecraft:entity": {
		"description": {
			"identifier": "zk:explodingfireworksh",
			"is_spawnable": false,
			"is_summonable": true,
			"is_experimental": false,
			"runtime_identifier": "minecraft:snowball"
		},
		"components": {
			"minecraft:projectile": {
				"on_hit": {
					"impact_damage": {
						"damage": 4,
						"knockback": true,
						"should_bounce": true
					},
					"particle_on_hit": {
						"particle_type": "fireexplosionr"
					},
					"definition_event": {
						"event_trigger": {
							"event": "explode"
						}
					}
				},
				"hit_sound": "bullet.hit",
				"crit_particle_on_hurt": true,
				"power": 1.6,
				"gravity": 0,
				"uncertainty_base": 16,
				"uncertainty_multiplier": 4,
				"anchor": 1,
				"offset": [
					0,
					-0.1,
					0
				]
			},
			"minecraft:physics": {
				"has_collision": false
			},
			"minecraft:conditional_bandwidth_optimization": {
				"default_values": {
					"max_optimized_distance": 80,
					"max_dropped_ticks": 7,
					"use_motion_prediction_hints": true
				}
			},
			"minecraft:timer": {
				"time": 10,
				"time_down_event": {
					"event": "despawn"
				}
			},
			"minecraft:type_family": {
				"family": [
					"none",
					"proj"
				]
			}
		},
		"component_groups": {
			"explode": {
				"minecraft:explode": {
					"fuse_lit": true,
					"power": 3,
					"causes_fire": false,
					"breaks_blocks": true,
					"destroy_affected_by_griefing": true
				}
			},
			"despawn": {
				"minecraft:instant_despawn": {}
			}
		},
		"events": {
			"explode": {
				"sequence": [
					{
						"add": {
							"component_groups": [
								"explode"
							]
						}
					}
				]
			},
			"minecraft:entity_spawned": {
				"run_command": {
					"command": [
						"playsound zk.firework @a[r=40] ~~~"
					]
				}
			},
			"despawn": {
				"add": {
					"component_groups": [
						"despawn"
					]
				}
			}
		}
	}
}