{
	"format_version": "1.17.10",
	"minecraft:entity": {
		"description": {
			"identifier": "zk:explodingmite",
			"is_spawnable": true,
			"is_summonable": true,
			"is_experimental": false
		},
		"components": {
			"minecraft:is_hidden_when_invisible": {},
			"minecraft:experience_reward": {
				"on_death": "query.last_hit_by_player?3:0"
			},
			"minecraft:breathable": {
				"total_supply": 15,
				"suffocate_time": 0
			},
			"minecraft:nameable": {},
			"minecraft:collision_box": {
				"width": 0.4,
				"height": 0.3
			},
			"minecraft:movement": {
				"value": 0.25
			},
			"minecraft:navigation.walk": {
				"can_path_over_water": true
			},
			"minecraft:movement.basic": {},
			"minecraft:jump.static": {},
			"minecraft:can_climb": {},
			"minecraft:health": {
				"value": 50,
				"max": 50
			},
			"minecraft:hurt_on_condition": {
				"damage_conditions": [
					{
						"filters": {
							"test": "in_lava",
							"subject": "self",
							"operator": "==",
							"value": true
						},
						"cause": "lava",
						"damage_per_tick": 4
					}
				]
			},
			"minecraft:attack": {
				"damage": 2
			},
			"minecraft:despawn": {
				"despawn_from_distance": {}
			},
			"minecraft:behavior.float": {
				"priority": 0
			},
			"minecraft:behavior.melee_attack": {
				"priority": 3,
				"track_target": true
			},
			"minecraft:behavior.nearest_attackable_target": {
				"priority": 5,
				"must_see": true,
				"within_radius": 16,
				"entity_types": [
					{
						"filters": {
							"any_of": [
								{
									"none_of": [
										{
											"test": "has_tag",
											"subject": "other",
											"value": "demolisher"
										},
										{
											"test": "has_tag",
											"subject": "other",
											"value": "ally"
										}
									]
								}
							]
						},
						"max_dist": 16
					}
				]
			},
			"minecraft:behavior.random_stroll": {
				"priority": 6,
				"speed_multiplier": 1
			},
			"minecraft:physics": {},
			"minecraft:pushable": {
				"is_pushable": true,
				"is_pushable_by_piston": true
			},
			"minecraft:conditional_bandwidth_optimization": {},
			"minecraft:block_climber": {},
			"minecraft:timer": {
				"time": 8,
				"time_down_event": {
					"event": "explode"
				}
			},
			"minecraft:damage_sensor": {
				"triggers": {
					"cause": "entity_explosion",
					"deals_damage": false
				}
			}
		},
		"component_groups": {
			"explode": {
				"minecraft:explode": {
					"fuse_lit": true,
					"power": 10,
					"causes_fire": false,
					"destroy_affected_by_griefing": true,
					"fire_affected_by_griefing": true
				}
			}
		},
		"events": {
			"explode": {
				"sequence": [
					{
						"add": {
							"component_groups": [
								"explode"
							]
						}
					},
					{
						"run_command": {
							"command": [
								"particle zk:fireexplosionr"
							]
						}
					}
				]
			}
		}
	}
}