{
	"format_version": "1.16.0",
	"minecraft:entity": {
		"description": {
			"identifier": "zk:explodingfireworksv",
			"is_spawnable": false,
			"is_summonable": true,
			"is_experimental": false
		},
		"component_groups": {
			"explode": {
				"minecraft:explode": {
					"fuse_lit": true,
					"power": 3,
					"causes_fire": true,
					"breaks_blocks": true
				}
			}
		},
		"components": {
			"minecraft:projectile": {
				"on_hit": {
					"impact_damage": {
						"damage": 5,
						"knockback": true,
						"destroy_on_hit": true
					},
					"definition_event": {
						"event_trigger": {
							"event": "explode"
						}
					}
				},
				"gravity": 0,
				"power": 2,
				"inertia": 0.99,
				"liquid_inertia": 1
			},
			"minecraft:physics": {
				"has_collision": true,
				"has_gravity": true
			}
		},
		"events": {
			"explode": {
				"add": {
					"component_groups": [
						"explode"
					]
				}
			}
		}
	}
}