{
	"format_version": "1.16.0",
	"minecraft:entity": {
		"description": {
			"identifier": "zk:followingmite",
			"is_spawnable": false,
			"is_summonable": true,
			"is_experimental": false
		},
		"component_groups": {
			"explode": {
				"minecraft:explode": {
					"breaks_blocks": true,
					"power": 4,
					"fuse_lit": true,
					"causes_fire": true
				}
			}
		},
		"components": {
			"minecraft:movement": {
				"value": 0.4
			},
			"minecraft:navigation.walk": {
				"can_path_over_water": true
			},
			"minecraft:movement.basic": {},
			"minecraft:jump.static": {},
			"minecraft:can_climb": {},
			"minecraft:collision_box": {
				"width": 0,
				"height": 0
			},
			"minecraft:damage_sensor": {
				"triggers": {
					"cause": "all",
					"deals_damage": false
				}
			}
		},
		"events": {
			"minecraft:entity_spawned": {
				"run_command": {
					"command": [
						"playsound"
					]
				}
			},
			"explode": {
				"add": {
					"component_groups": [
						"explode"
					]
				}
			}
		}
	}
}