{
	"format_version": "1.16.0",
	"minecraft:entity": {
		"description": {
			"identifier": "zk:tntwallen",
			"is_spawnable": false,
			"is_summonable": true,
			"is_experimental": false,
			"runtime_identifier": "minecraft:snowball"
		},
		"component_groups": {
			"explode": {
				"minecraft:explode": {
					"fuse_lit": true,
					"power": 20,
					"fire_affected_by_griefing": true,
					"breaks_blocks": true,
					"causes_fire": true,
					"destroy_affected_by_griefing": true
				}
			}
		},
		"components": {
			"minecraft:projectile": {
				"on_hit": {
					"impact_damage": {
						"damage": 10,
						"destroy_on_hit": false,
						"knockback": true
					}
				},
				"power": 3,
				"gravity": 0
			},
			"minecraft:physics": {
				"has_collision": true,
				"has_gravity": true
			},
			"minecraft:timer": {
				"time": 5,
				"time_down_event": {
					"event": "explode"
				}
			}
		},
		"events": {
			"explode": {
				"sequence": [
					{
						"add": {
							"component_groups": [
								"explode"
							]
						}
					},
					{
						"run_command": {
							"command": [
								"particle zk:fireexplosionb"
							]
						}
					}
				]
			}
		}
	}
}