{
	"format_version": "1.16.0",
	"minecraft:entity": {
		"description": {
			"identifier": "zk:endbullet",
			"is_spawnable": false,
			"is_summonable": true,
			"is_experimental": false,
			"runtime_identifier": "minecraft:snowball"
		},
		"component_groups": {
			"zk:despawn": {
				"minecraft:instant_despawn": {}
			}
		},
		"components": {
			"minecraft:projectile": {
				"power": 1.3,
				"is_dangerous": true,
				"gravity": 0,
				"liquid_inertia": 0,
				"destroy_on_hurt": false,
				"semi_random_diff_damage": false,
				"catch_fire": false,
				"shoot_target": true,
				"on_hit": {
					"definition_event": {
						"event_trigger": {
							"event": "zk:hit"
						}
					},
					"impact_damage": {
						"damage": 7,
						"knockback": false,
						"semi_random_diff_damage": false,
						"destroy_on_hit": true,
						"max_critical_damage": 9,
						"min_critical_damage": 8
					},
					"stick_in_ground": {
						"shake_time": 0.1
					}
				}
			},
			"minecraft:collision_box": {
				"width": 0.3,
				"height": 0.3
			},
			"minecraft:damage_sensor": {
				"triggers": [
					{
						"cause": "all",
						"deals_damage": false
					}
				]
			},
			"minecraft:physics": {
				"has_gravity": true,
				"has_collision": true
			},
			"minecraft:scale": {
				"value": 2
			},
			"minecraft:timer": {
				"time": 4,
				"time_down_event": {
					"event": "despawn"
				}
			},
			"minecraft:type_family": {
				"family": [
					"none"
				]
			}
		},
		"events": {
			"zk:hit": {
				"sequence": [
					{
						"run_command": {
							"command": [
								"playsound block.end_portal_frame.fill @p ~~~",
								"execute @s ~~~ particle zk:endcubehit ~~~",
								"summon zk:endarea ~~~"
							]
						}
					}
				]
			},
			"despawn": {
				"add": {
					"component_groups": [
						"zk:despawn"
					]
				}
			}
		}
	}
}