{
	"format_version": "1.16.0",
	"minecraft:entity": {
		"description": {
			"identifier": "zk:endsprotection",
			"is_spawnable": false,
			"is_summonable": true,
			"is_experimental": false
		},
		"component_groups": {
			"zk:despawn": {
				"minecraft:instant_despawn": {}
			}
		},
		"components": {
			"minecraft:collision_box": {
				"width": 0,
				"height": 0
			},
			"minecraft:timer": {
				"time": 6,
				"time_down_event": {
					"event": "despawn"
				}
			},
			"minecraft:damage_sensor": {
				"triggers": [
					{
						"cause": "all",
						"deals_damage": false
					}
				]
			}
		},
		"events": {
			"despawn": {
				"add": {
					"component_groups": [
						"zk:despawn"
					]
				}
			}
		}
	}
}