{
  "format_version": "1.13.0",
  "minecraft:entity": {
    "description": {
      "identifier": "darkage:ice_minigolem",
      "is_spawnable": false,
      "is_summonable": true,
      "is_experimental": false,
      "scripts": {
     "animate": [
       "inmune_slowness",
       "ice_walk"

     ]
   },
   "animations": {
     "inmune_slowness": "controller.animation.ice_golem.inmune_slowness",
     "ice_walk": "controller.animation.ice_golem.ice_walk"
   }
 },
    "component_groups": {
  },
    "components": {
      "minecraft:experience_reward": {
        "on_death": "query.last_hit_by_player ? 5 + (query.equipment_count * Math.Random(1,2)) : 0"
      },
      "minecraft:type_family": {
        "family": [ "ice_golem", "monster" ]
      },
      "minecraft:is_baby": {
      },
      "minecraft:health": {
        "value": 40,
        "max": 40
      },
      "minecraft:attack": {
        "damage": 4,
        "effect_name": "slowness",
        "effect_duration": 10
        },
        "minecraft:navigation.generic": {
          "is_amphibious": true,
          "can_path_over_water": false,
          "can_pass_doors": true,
          "can_open_doors": true,
          "can_swim": true,
          "can_walk": true,
          "avoid_water": false,
          "avoid_damage_blocks": true
        },
        "minecraft:annotation.open_door": {
        },
        "minecraft:behavior.move_indoors": {
          "priority": 4,
          "speed_multiplier": 0.8
        },
        "minecraft:behavior.restrict_open_door": {
          "priority": 5
        },
        "minecraft:behavior.melee_attack": {
          "priority": 4,
          "target_dist": 1.2,
          "speed_multiplier": 1.2,
          "track_target": true
          },
          "minecraft:collision_box": {
            "width": 0.6,
            "height": 1.9
          },
            "minecraft:movement": {
        "value": 0.30
      },
      "minecraft:movement.basic": {

      },
      "minecraft:can_climb": {
      },
      "minecraft:jump.static": {
      },
      "minecraft:behavior.float": {
                "priority": 20
            },         
            "minecraft:behavior.nearest_attackable_target": {
              "priority": 2,
              "scan_interval": 20,
              "within_radius": 40.0,
              "reselect_targets": true,
              "entity_types": [
                {
                  "filters": {
                    "any_of": [
                      { "test": "is_family", "subject": "other", "value": "player" },
                      { "test": "is_family", "subject": "other", "value": "snowgolem" },
                      { "test": "is_family", "subject": "other", "value": "irongolem" },
                      { "test": "is_family", "subject": "other", "value": "nagars" },
                      { "test": "is_family", "subject": "other", "value": "mercenary" },
                      { "test": "is_family", "subject": "other", "value": "codrus" },
                      { "test": "is_family", "subject": "other", "value": "unbound_elemental" },
                      { "test": "is_family", "subject": "other", "value": "panda" }
                    ]
                  },
                  "max_dist": 40
                },
                {
                  "filters": {
                    "any_of": [
                      { "test": "is_family", "subject": "other", "value": "villager" },
                      { "test": "is_family", "subject": "other", "value": "wandering_trader" }
                    ]
                  },
                  "max_dist": 40,
                  "must_see": false
                },
                {
                  "filters": {
                    "all_of": [
                      { "test": "is_family", "subject": "other", "value": "baby_turtle" },
                      { "test": "in_water", "subject": "other", "operator": "!=", "value": true }
                    ]
                  },
                  "max_dist": 40
                }
              ],
              "must_see": true,
              "must_see_forget_duration": 0.5
            },
      "minecraft:behavior.look_at_player": {
        "priority": 9,
        "look_distance": 6.0,
        "probability": 7.0
      },
      "minecraft:angry": {
        "duration": 30,
        "broadcast_anger": true,
        "broadcast_anger_on_attack": true,
        "broadcast_anger_on_being_attacked": true,
        "broadcast_range": 30,
        "broadcast_targets": [ 
          "ice_golem"
          ]
        },
      "minecraft:follow_range": {
        "value": 40,
        "max": 40
      },
      "minecraft:behavior.follow_parent": {
        "priority": 4,
        "speed_multiplier": 1.0
        },
      "minecraft:damage_sensor": {
        "triggers": [
          {
          "cause": "fall",
          "deals_damage": false
          },
          {
            "cause": "freezing",
            "deals_damage": false
          }
        ]
      },
      "minecraft:behavior.random_look_around": {
        "priority": 7
      },
      "minecraft:behavior.look_at_entity": {
        "priority": 9,
        "look_distance": 6.0,
        "probability": 7.0,
        "filters": { "test" :  "is_family", "subject" : "other", "value" :  "mob"}
      },
      "minecraft:behavior.move_towards_restriction": {
        "priority": 4,
        "speed_multiplier": 1
      },
      "minecraft:behavior.random_stroll": {
        "priority": 6,
        "speed_multiplier": 0.7
      },
      "minecraft:knockback_resistance": {
        "value": 1.0
      },
            "minecraft:hurt_on_condition": {
        "damage_conditions": [
          {
            "filters": { "test": "in_lava", "subject": "self", "operator": "==", "value": true },
            "cause": "lava",
            "damage_per_tick": 4
          }
        ]
      },
      "minecraft:behavior.hurt_by_target": {
        "priority": 1,
        "alert_same_type": true,
        "entity_types": {
          "filters": {
            "any_of": [
            {"test": "is_family",
            "subject": "other",
            "operator": "!=",
            "value": "ice_golem"}
            ]
          },
          "max_dist": 64
        }
      },
      "minecraft:physics": {
      },
      "minecraft:pushable": {
                "is_pushable": false,
                "is_pushable_by_piston": true
              }
           },
           
       "events": {
    }
  }
}
