{
  "format_version": "1.14.0",
  "minecraft:entity": {
	"description": {
      "identifier": "darkage:devourer_egg",
         "is_spawnable":true,
         "is_summonable":true,
         "is_experimental":false,
         "scripts": {
           "animate": [
             "remove"
           ]
        },
        "animations": {
           "remove": "controller.animation.remove.structures"
         }
		},
		"component_groups": {
      "minecraft:transformation_devourer_baby": {
      "minecraft:transformation": {
        "into": "darkage:devourer<minecraft:spawn_baby>",
        "transformation_sound": "convert_to_drowned",
        "drop_equipment": false,
        "delay": {
          "value": 15
        }
      }
    }
	},
    "components": {
      "minecraft:health": {
        "value": 10,
      	"max": 10
      },
      "minecraft:collision_box": {
        "width": 1.0,
        "height": 1.0
      },
	    "minecraft:physics": {
      },
      "minecraft:loot": {
        "table": "loot_tables/entities/spawn_egg.json"
      },
      "minecraft:timer": {
        "time": 180.00,
        "time_down_event": {
          "event": "minecraft:transform_baby"
            }
          },
      "minecraft:pushable": {
        "is_pushable": false,
        "is_pushable_by_piston": true
      }
    },

    "events": {
      "minecraft:transform_baby": {
        "add": {
          "component_groups": [
            "minecraft:transformation_devourer_baby"
          ]
        }
      }
     }
  }
}