{
  "format_version": "1.16.0",
  "minecraft:entity": {
    "description": {
      "identifier": "wesl3y:dabi",
      "is_spawnable": true,
      "is_summonable": true,
      "is_experimental": false,
      "animations": {
        "death": "controller.animation.despawn_health",
        "quirk": "controller.animation.quirk_mob",
        "dabi": "controller.animation.dabi",
        "timer.0_25": "animation.timer.0_25",
        "timer.0_5": "animation.timer.0_5",
        "timer.2_0": "animation.timer.2_0",
        "combo1": "animation.dabi.combo1",
        "combo2": "animation.dabi.combo2",
        "combo3": "animation.dabi.combo3"
      },
      "scripts": {
        "animate": [
          "death",
          "quirk",
          "dabi"
        ]
      }
    },
    "component_groups": {
      "wesl3y:despawn":{
        "minecraft:instant_despawn": {}
      },
      "default": {
        "minecraft:knockback_resistance": {
          "value": 0
        },
        "minecraft:movement": {
          "value": 0.3
        },
        "minecraft:flying_speed": {
          "value": 0.3
        },
        "minecraft:behavior.hurt_by_target": {
          "priority": 1
        },
        "minecraft:behavior.random_stroll": {
          "priority": 7,
          "speed_multiplier": 1
        },
        "minecraft:behavior.look_at_player": {
          "priority": 8,
          "look_distance": 6,
          "probability": 0.02
        },
        "minecraft:behavior.random_look_around": {
          "priority": 9
        },
        "minecraft:target_nearby_sensor": {
          "inside_range": 4.0,
          "outside_range": 5.0,
          "on_inside_range": {
            "event": "no_alcance",
            "target": "self"
          },
          "on_outside_range": {
            "event": "fora_do_alcance",
            "target": "self"
          }
        }
      },
      "defeat": {
        "minecraft:timer": {
          "time": [7, 7],
          "looping": true,
          "time_down_event": {
            "event": "wesl3y:despawn"
          }
        }
      },
      "no_alcance": {
        "minecraft:variant": {
          "value": 0
        }
      },
      "fora_do_alcance": {
        "minecraft:variant": {
          "value": 1
        }
      },
      "dboa": {
        "minecraft:mark_variant": {
          "value": 0
        },
        "minecraft:behavior.melee_attack": {
          "priority": 1,
          "speed_multiplier": 1.2,
          "track_target": true
        },
        "minecraft:timer": {
          "time": [ 5, 7 ],
          "looping": true,
          "time_down_event": {
            "event": "random_event"
          }
        }
      },
      "combo1": {
        "minecraft:mark_variant": {
          "value": 1
        }
      },
      "combo2": {
        "minecraft:mark_variant": {
          "value": 2
        }
      },
      "combo3": {
        "minecraft:mark_variant": {
          "value": 3
        }
      },
      "attack": {
        "minecraft:out_of_control":{},
        "minecraft:behavior.melee_attack": {
          "priority": 1,
          "speed_multiplier": 1.6,
          "track_target": true,
          "reach_multiplier": 0.0
        },
        "minecraft:timer": {
          "time": 1.75,
          "looping": true,
          "time_down_event": {
            "event": "dboa"
          }
        }
      },
      "jet_burn": {
        "minecraft:shooter": {
          "def": "wesl3y:dabi_attack<wesl3y:jet_burn>"
        },
        "minecraft:is_stunned": {},
        "minecraft:behavior.ranged_attack": {
          "burst_shots": 1,
          "burst_interval": 1,
          "charge_charged_trigger": 0,
          "charge_shoot_trigger": 0.25,
          "attack_interval_min": 1,
          "attack_interval_max": 1,
          "attack_radius": 24.0
        }
      },
      "prominence_burn": {
        "minecraft:shooter": {
          "def": "wesl3y:dabi_attack<wesl3y:prominence_burn>"
        },
        "minecraft:is_stunned": {},
        "minecraft:behavior.ranged_attack": {
          "burst_shots": 1,
          "burst_interval": 1,
          "charge_charged_trigger": 0,
          "charge_shoot_trigger": 0.25,
          "attack_interval_min": 1,
          "attack_interval_max": 1,
          "attack_radius": 24.0
        }
      }
    },

    "components": {
      "minecraft:experience_reward": {
        "on_death": "query.last_hit_by_player ? 10 : 5"
      },
      "minecraft:type_family": {
        "family": [ "dabi", "villain", "quirk_cremation", "mob" ]
      },
      "minecraft:boss": {
        "should_darken_sky":false,
        "hud_range": 8,
        "name": "§cDabi"
      },
      "minecraft:breathable": {
        "total_supply": 15,
        "suffocate_time": 0
      },
      "minecraft:nameable": {},
      "minecraft:collision_box": {
        "width": 0.6,
        "height": 1.8
      },
      "minecraft:health": {
        "value": 600,
        "min": 1
      },
      "minecraft:attack": {
        "damage": 5
      },
      "minecraft:scale": {
        "value": 1.0
      },
      "minecraft:follow_range": {
        "value": 32,
        "max": 32
      },
      "minecraft:equipment": {
        "table": "loot_tables/equip/dabi.json"
      },
      "minecraft:damage_sensor": {
        "triggers": [
          {
            "on_damage": {
              "filters": {
                "any_of": [
                  {"test":"has_damage","value":"fall"},
                  {"test":"is_family","subject":"other","value":"hero"},
                  {
                    "all_of": [
                      {"test":"is_family","subject":"other","value":"dabi"},
                      {"test":"is_family","subject":"other","value":"attack"}
                    ]
                  }
                ]
              }
            },
            "deals_damage": false
          },
          {
            "on_damage": {
              "filters": {
                "all_of": [
                  {"test":"has_damage","value":"fatal"}
                ]
              },
              "event": "kill"
            }
          }
        ]
      },
      "minecraft:hurt_on_condition": {
        "damage_conditions": [
          {
            "filters": { "test": "in_lava", "subject": "self", "operator": "==", "value": true },
            "cause": "lava",
            "damage_per_tick": 4
          }
        ]
      },
      "minecraft:navigation.walk": {
        "can_path_over_lava": true,
        "is_amphibious": true,
        "can_pass_doors":true,
        "can_walk":true,
        "can_open_doors": true,
        "can_path_over_water": true,
        "can_walk_in_lava": false,
        "avoid_water": true
      },
      "minecraft:behavior.float": {
        "priority": 0
      },
      "minecraft:movement.basic": {},
      "minecraft:jump.static": {},
      "minecraft:can_climb": {},
      "minecraft:physics": {},
      "minecraft:pushable": {
        "is_pushable": true,
        "is_pushable_by_piston": true
      },
      "minecraft:conditional_bandwidth_optimization": {}
    },

    "events": {
      "minecraft:entity_spawned": {
        "add": {
          "component_groups": [
            "dboa",
            "default"
          ]
	    },
	    "run_command": {
	      "command": [
	        "tag @s add quirk_cremation2"
	      ]
        }
      },
      "wesl3y:despawn": {
        "add": {
          "component_groups": [
            "wesl3y:despawn"
          ]
        }
      },
      "kill": {
        "add": {
          "component_groups": [
            "defeat"
          ]
        },
        "remove": {
          "component_groups": [
            "default",
            "dboa",
            "combo1",
            "combo2",
            "combo3",
            "attack",
            "jet_burn",
            "prominence_burn"
          ]
        },
        "run_command": {
          "command": [
            "scoreboard players add @s xp 120",
            "scoreboard players add @s xp_quirk 60",
            "tag @s[tag=dabi_mission] add finish_mission"
          ],
          "target": "other"
        }
      },
      "no_alcance": {
        "add": {
          "component_groups": [
            "no_alcance"
          ]
        },
        "remove": {
          "component_groups": [
            "fora_do_alcance"
          ]
        }
      },
      "fora_do_alcance": {
        "add": {
          "component_groups": [
            "fora_do_alcance"
          ]
        },
        "remove": {
          "component_groups": [
            "no_alcance"
          ]
        }
      },
      "dboa": {
        "add": {
          "component_groups": [
            "dboa"
          ]
        },
        "remove": {
          "component_groups": [
            "attack",
            "jet_burn",
            "prominence_burn",
            "combo1",
            "combo2",
            "combo3"
          ]
        }
      },
      "jet_burn": {
        "add": {
          "component_groups": [
            "jet_burn"
          ]
        },
        "remove": {
          "component_groups": [
            "dboa",
            "attack",
            "combo1",
            "combo2",
            "combo3"
          ]
        }
      },
      "prominence_burn": {
        "add": {
          "component_groups": [
            "prominence_burn"
          ]
        },
        "remove": {
          "component_groups": [
            "dboa",
            "attack",
            "combo1",
            "combo2",
            "combo3"
          ]
        }
      },
      "random_event": {
        "sequence": [
          {
            "randomize": [
              {
                "weight": 35,
                "filters": {
                  "all_of": [
                    {"test": "has_tag", "operator": "==", "value": "quirk_cremation2"},
                    {"test": "has_tag", "operator": "!=", "value": "empty"},
                    {"test": "has_target", "subject": "self", "value": true},
                    {"test": "is_variant", "subject": "self", "value": 0}
                  ]
                },
                "add": {
                  "component_groups": [
                    "combo1"
                  ]
                },
                "remove": {
                  "component_groups": [
                    "dboa",
                    "attack"
                  ]
                }
              },
              {
                "weight": 25,
                "filters": {
                  "all_of": [
                    {"test": "has_tag", "operator": "==", "value": "quirk_cremation2"},
                    {"test": "has_tag", "operator": "!=", "value": "empty"},
                    {"test": "has_target", "subject": "self", "value": true},
                    {"test": "is_variant", "subject": "self", "value": 1}
                  ]
                },
                "add": {
                  "component_groups": [
                    "combo2"
                  ]
                },
                "remove": {
                  "component_groups": [
                    "dboa",
                    "attack"
                  ]
                }
              },
              {
                "weight": 25,
                "filters": {
                  "all_of": [
                    {"test": "has_tag", "operator": "==", "value": "quirk_cremation2"},
                    {"test": "has_tag", "operator": "!=", "value": "empty"},
                    {"test": "has_target", "subject": "self", "value": true},
                    {"test": "is_variant", "subject": "self", "value": 1}
                  ]
                },
                "add": {
                  "component_groups": [
                    "combo3"
                  ]
                },
                "remove": {
                  "component_groups": [
                    "dboa",
                    "attack"
                  ]
                }
              }
            ]
          }
        ]
      }
    }
  }
}