{
  "format_version": "1.16.0",
  "minecraft:entity": {
    "description": {
      "identifier": "wesl3y:deku_attack",
      "is_spawnable": false,
      "is_summonable": true,
      "is_experimental": false,
      "runtime_identifier": "minecraft:snowball"
    },
	"component_groups": {
	  "wesl3y:despawn": {
        "minecraft:instant_despawn": {}
      },
	  "wesl3y:detroit_smash": {
	    "minecraft:variant": {
	      "value": 1
	    },
        "minecraft:type_family": {
          "family": [ "detroit_smash", "deku", "projectile", "attack" ]
        },
        "minecraft:scale": {
          "value": 1.5
        },
        "minecraft:transformation": {
          "into": "wesl3y:despawn",
          "delay": 1.5
        },
        "minecraft:projectile": {
          "on_hit": {
            "impact_damage": {
              "damage": 10,
              "destroy_on_hit": false
            },
            "definition_event": {}
          },
          "power": 1.25,
          "gravity": 0,
          "angle_offset": 0.0,
          "inertia": 1,
		  "uncertaintyBase": 0,
          "liquid_inertia": 1,
          "offset": [0, 1, 0]
        }
	  },
	  "wesl3y:delaware_smash": {
	    "minecraft:variant": {
	      "value": 2
	    },
        "minecraft:type_family": {
          "family": [ "delaware_smash", "deku", "projectile", "attack" ]
        },
        "minecraft:scale": {
          "value": 1.0
        },
        "minecraft:transformation": {
          "into": "wesl3y:despawn",
          "delay": 1.5
        },
        "minecraft:projectile": {
          "on_hit": {
            "impact_damage": {
              "damage": 9,
              "destroy_on_hit": false
            },
            "definition_event": {
              "affectProjectile": true,
              "eventTrigger": {
			    "event": "wesl3y:despawn",
			    "target": "self"
			  }
            }
          },
          "power": 1.5,
          "gravity": 0,
          "angle_offset": 0.0,
          "inertia": 1,
		  "uncertaintyBase": 0,
          "liquid_inertia": 1,
          "offset": [0, 1, 0]
        }
	  },
	  "wesl3y:100_detroit_smash": {
	    "minecraft:variant": {
	      "value": 3
	    },
        "minecraft:type_family": {
          "family": [ "100_detroit_smash", "deku", "projectile", "attack" ]
        },
        "minecraft:scale": {
          "value": 1.5
        },
        "minecraft:transformation": {
          "into": "wesl3y:despawn",
          "delay": 1.5
        },
        "minecraft:projectile": {
          "on_hit": {
            "impact_damage": {
              "damage": 11,
              "destroy_on_hit": false
            },
            "definition_event": {}
          },
          "power": 1.25,
          "gravity": 0,
          "angle_offset": 0.0,
          "inertia": 1,
		  "uncertaintyBase": 0,
          "liquid_inertia": 1,
          "offset": [0, 1, 0]
        }
	  }
	},
    "components": {
      "minecraft:transformation": {
        "into": "wesl3y:despawn",
        "delay": 5.0
      },
      "minecraft:despawn": {
        "filters": {
          "any_of": [
            { "test": "distance_to_nearest_player", "operator": ">", "value": 32}
          ]
        }
      },
      "minecraft:damage_sensor": {
        "triggers":[
          {
            "cause": "all",
            "deals_damage": false
          }
        ]
      },
      "minecraft:timer": {
        "time": 0.1,
        "looping": true,
        "time_down_event": {
          "event": "wesl3y:command"
        }
      },
      "minecraft:physics": {},
      "minecraft:pushable": {
        "is_pushable": false,
        "is_pushable_by_piston": true
      },
      "minecraft:conditional_bandwidth_optimization": {
        "default_values": {
          "max_optimized_distance": 80,
          "max_dropped_ticks": 10,
          "use_motion_prediction_hints": true
        }
      }
    },
	
	"events": {
	  "wesl3y:detroit_smash": {
        "add": {
          "component_groups": [
            "wesl3y:detroit_smash"
          ]
        }
	  },
	  "wesl3y:delaware_smash": {
        "add": {
          "component_groups": [
            "wesl3y:delaware_smash"
          ]
        }
	  },
	  "wesl3y:100_detroit_smash": {
        "add": {
          "component_groups": [
            "wesl3y:100_detroit_smash"
          ]
        }
	  },
      "wesl3y:command": {
        "sequence": [
          {
            "filters": {
              "test": "is_family",
              "value": "detroit_smash"
            },
            "run_command": {
              "command": [
                "damage @e[r=3.5,family=!attack,family=!quirk_one_for_all] 10 entity_attack entity @e[type=wesl3y:deku]",
                "damage @e[r=3.5,family=!attack,family=!quirk_one_for_all] 14 entity_attack entity @e[type=wesl3y:deku_dark]",
                "summon wesl3y:deku_attack2 ~~~ ~ ~ wesl3y:detroit_smash"
              ]
            }
          },
          {
            "filters": {
              "test": "is_family",
              "value": "delaware_smash"
            },
            "run_command": {
              "command": [
                "damage @e[r=2,family=!attack,family=!quirk_one_for_all] 9 entity_attack entity @e[type=wesl3y:deku]",
                "damage @e[r=2,family=!attack,family=!quirk_one_for_all] 13 entity_attack entity @e[type=wesl3y:deku_dark]"
              ]
            }
          },
          {
            "filters": {
              "test": "is_family",
              "value": "100_detroit_smash"
            },
            "run_command": {
              "command": [
                "damage @e[r=4.5,family=!attack,family=!quirk_one_for_all] 11 entity_attack entity @e[type=wesl3y:deku]",
                "damage @e[r=4.5,family=!attack,family=!quirk_one_for_all] 15 entity_attack entity @e[type=wesl3y:deku_dark]",
                "summon wesl3y:deku_attack2 ~~~ ~ ~ wesl3y:100_detroit_smash"
              ]
            }
          }
        ]
      },
	  "wesl3y:despawn": {
	    "add": {
	      "component_groups": [
	        "wesl3y:despawn"
	      ]
	    }
	  }
	}
  }
}