{
  "format_version": "1.16.0",
  "minecraft:entity": {
    "description": {
      "identifier": "wesl3y:overhaul",
      "is_spawnable": true,
      "is_summonable": true,
      "is_experimental": false,
      "animations": {
        "death": "controller.animation.despawn_health",
        "quirk": "controller.animation.quirk_mob",
        "timer.0_25": "animation.timer.0_25",
        "timer.0_5": "animation.timer.0_5",
        "timer.2_0": "animation.timer.2_0"
      },
      "scripts": {
        "animate": [
          "death",
          "quirk",
          "overhaul"
        ]
      }
    },
    "component_groups": {
      "wesl3y:despawn":{
        "minecraft:instant_despawn": {}
      },
      "default": {
        "minecraft:knockback_resistance": {
          "value": 0
        },
        "minecraft:movement": {
          "value": 0.3
        },
        "minecraft:flying_speed": {
          "value": 0.3
        },
        "minecraft:behavior.hurt_by_target": {
          "priority": 1
        },
        "minecraft:behavior.random_stroll": {
          "priority": 7,
          "speed_multiplier": 1
        },
        "minecraft:behavior.look_at_player": {
          "priority": 8,
          "look_distance": 6,
          "probability": 0.02
        },
        "minecraft:behavior.random_look_around": {
          "priority": 9
        },
        "minecraft:target_nearby_sensor": {
          "inside_range": 4.0,
          "outside_range": 5.0,
          "on_inside_range": {
            "event": "no_alcance",
            "target": "self"
          },
          "on_outside_range": {
            "event": "fora_do_alcance",
            "target": "self"
          }
        }
      },
      "defeat": {
        "minecraft:timer": {
          "time": [7, 7],
          "looping": true,
          "time_down_event": {
            "event": "wesl3y:despawn"
          }
        }
      },
      "no_alcance": {
        "minecraft:variant": {
          "value": 0
        }
      },
      "fora_do_alcance": {
        "minecraft:variant": {
          "value": 1
        }
      },
      "dboa": {
        "minecraft:mark_variant": {
          "value": 0
        },
        "minecraft:behavior.melee_attack": {
          "priority": 1,
          "speed_multiplier": 1.2,
          "track_target": true
        },
        "minecraft:timer": {
          "time": [ 5, 7 ],
          "looping": true,
          "time_down_event": {
            "event": "random_event"
          }
        }
      },
      "combo1": {
        "minecraft:mark_variant": {
          "value": 1
        }
      },
      "combo2": {
        "minecraft:mark_variant": {
          "value": 2
        }
      },
      "combo3": {
        "minecraft:mark_variant": {
          "value": 3
        }
      },
      "attack": {
        "minecraft:out_of_control":{},
        "minecraft:behavior.melee_attack": {
          "priority": 1,
          "speed_multiplier": 1.6,
          "track_target": true,
          "reach_multiplier": 0.0
        },
        "minecraft:timer": {
          "time": 1.75,
          "looping": true,
          "time_down_event": {
            "event": "dboa"
          }
        }
      }
    },

    "components": {
      "minecraft:experience_reward": {
        "on_death": "query.last_hit_by_player ? 10 : 5"
      },
      "minecraft:type_family": {
        "family": [ "overhaul", "villain", "quirk_overhaul", "mob" ]
      },
      "minecraft:boss": {
        "should_darken_sky":false,
        "hud_range": 8,
        "name": "§cOverhaul"
      },
      "minecraft:breathable": {
        "total_supply": 15,
        "suffocate_time": 0
      },
      "minecraft:nameable": {},
      "minecraft:collision_box": {
        "width": 0.6,
        "height": 1.8
      },
      "minecraft:health": {
        "value": 800,
        "min": 1
      },
      "minecraft:attack": {
        "damage": 5
      },
      "minecraft:scale": {
        "value": 1.0
      },
      "minecraft:follow_range": {
        "value": 32,
        "max": 32
      },
      "minecraft:equipment": {
        "table": "loot_tables/equip/overhaul.json"
      },
      "minecraft:damage_sensor": {
        "triggers": [
          {
            "on_damage": {
              "filters": {
                "any_of": [
                  {"test":"has_damage","value":"fall"},
                  {"test":"is_family","subject":"other","value":"hero"},
                  {
                    "all_of": [
                      {"test":"is_family","subject":"other","value":"overhaul"},
                      {"test":"is_family","subject":"other","value":"attack"}
                    ]
                  }
                ]
              }
            },
            "deals_damage": false
          },
          {
            "on_damage": {
              "filters": {
                "all_of": [
                  {"test":"has_damage","value":"fatal"}
                ]
              },
              "event": "kill"
            }
          }
        ]
      },
      "minecraft:hurt_on_condition": {
        "damage_conditions": [
          {
            "filters": { "test": "in_lava", "subject": "self", "operator": "==", "value": true },
            "cause": "lava",
            "damage_per_tick": 4
          }
        ]
      },
      "minecraft:navigation.walk": {
        "can_path_over_lava": true,
        "is_amphibious": true,
        "can_pass_doors":true,
        "can_walk":true,
        "can_open_doors": true,
        "can_path_over_water": true,
        "can_walk_in_lava": false,
        "avoid_water": true
      },
      "minecraft:behavior.float": {
        "priority": 0
      },
      "minecraft:movement.basic": {},
      "minecraft:jump.static": {},
      "minecraft:can_climb": {},
      "minecraft:physics": {},
      "minecraft:pushable": {
        "is_pushable": true,
        "is_pushable_by_piston": true
      },
      "minecraft:conditional_bandwidth_optimization": {}
    },

    "events": {
      "minecraft:entity_spawned": {
        "add": {
          "component_groups": [
            "dboa",
            "default"
          ]
	    },
	    "run_command": {
	      "command": [
	        "tag @s add quirk_overhaul2"
	      ]
        }
      },
      "wesl3y:despawn": {
        "add": {
          "component_groups": [
            "wesl3y:despawn"
          ]
        }
      },
      "defeat": {
        "add": {
          "component_groups": [
            "defeat"
          ]
        },
        "remove": {
          "component_groups": [
            "default",
            "dboa",
            "attack"
          ]
        },
        "run_command": {
          "command": [
            "effect @s clear"
          ]
        }
      },
      "kill": {
        "run_command": {
          "command": [
            "effect @s clear",
            "damage @s 100",
            "scoreboard players add @s xp 150",
            "scoreboard players add @s xp_quirk 80",
            "tag @s[tag=overhaul_mission] add finish_mission"
          ],
          "target": "other"
        }
      },
      "no_alcance": {
        "add": {
          "component_groups": [
            "no_alcance"
          ]
        },
        "remove": {
          "component_groups": [
            "fora_do_alcance"
          ]
        }
      },
      "fora_do_alcance": {
        "add": {
          "component_groups": [
            "fora_do_alcance"
          ]
        },
        "remove": {
          "component_groups": [
            "no_alcance"
          ]
        }
      },
      "dboa": {
        "add": {
          "component_groups": [
            "dboa"
          ]
        },
        "remove": {
          "component_groups": [
            "attack"
          ]
        }
      },
      "random_event": {
        "sequence": [
          {
            "randomize": [
              {
                "weight": 25,
                "filters": {
                  "all_of": [
                    {"test": "has_tag", "operator": "==", "value": "quirk_overhaul2"},
                    {"test": "has_tag", "operator": "!=", "value": "empty"},
                    {"test": "has_target", "subject": "self", "value": true},
                    {"test": "is_variant", "subject": "self", "value": 0}
                  ]
                },
                "run_command": {
                  "command": [
                    "execute positioned ^^1^3.5 run effect @e[type=!item,family=!attack,r=3.25] wither 3 1 true",
                    "execute positioned ^^1^3.5 at @e[type=!item,family=!attack,r=3.25] run particle wesl3y:overhaul_damage ~~2~",
                    "execute positioned ^^1^3.5 run damage @e[type=!item,family=!attack,r=3.25] 11 suicide entity @s"
                  ]
                }
              },
              {
                "weight": 30,
                "filters": {
                  "all_of": [
                    {"test": "has_tag", "operator": "==", "value": "quirk_overhaul2"},
                    {"test": "has_tag", "operator": "!=", "value": "empty"}
                  ]
                },
                "run_command": {
                  "command": [
                    "particle wesl3y:overhaul_regen",
                    "effect @s regeneration 2 4 true"
                  ]
                }
              },
              {
                "weight": 25,
                "filters": {
                  "all_of": [
                    {"test": "has_tag", "operator": "==", "value": "quirk_overhaul2"},
                    {"test": "has_tag", "operator": "!=", "value": "empty"},
                    {"test": "has_target", "subject": "self", "value": true},
                    {"test": "is_variant", "subject": "self", "value": 0}
                  ]
                },
                "run_command": {
                  "command": [
                    "tp @s ^^^ ~ 0",
                    "summon wesl3y:overhaul_attack ^^^3 facing ^^^90 wesl3y:overhaul_destroy1"
                  ]
                }
              },
              {
                "weight": 25,
                "filters": {
                  "all_of": [
                    {"test": "has_tag", "operator": "==", "value": "quirk_overhaul2"},
                    {"test": "has_tag", "operator": "!=", "value": "empty"},
                    {"test": "has_target", "subject": "self", "value": true},
                    {"test": "is_variant", "subject": "self", "value": 0}
                  ]
                },
                "run_command": {
                  "command": [
                    "tp @s ^^^ ~ 0",
                    "summon wesl3y:overhaul_attack ^^^3 facing ^^^90 wesl3y:overhaul_destroy1",
                    "summon wesl3y:overhaul_attack ^3^^3 facing ^90^^90 wesl3y:overhaul_destroy1",
                    "summon wesl3y:overhaul_attack ^3^^ facing ^90^^ wesl3y:overhaul_destroy1",
                    "summon wesl3y:overhaul_attack ^-3^^3 facing ^-90^^90 wesl3y:overhaul_destroy1",
                    "summon wesl3y:overhaul_attack ^^^-3 facing ^^^-90 wesl3y:overhaul_destroy1",
                    "summon wesl3y:overhaul_attack ^3^^-3 facing ^90^^-90 wesl3y:overhaul_destroy1",
                    "summon wesl3y:overhaul_attack ^-3^^ facing ^-90^^ wesl3y:overhaul_destroy1",
                    "summon wesl3y:overhaul_attack ^-3^^-3 facing ^-90^^-90 wesl3y:overhaul_destroy1"
                  ]
                }
              }
            ]
          }
        ]
      }
    }
  }
}