{
  "format_version": "1.16.0",
  "minecraft:entity": {
    "description": {
      "identifier": "wesl3y:shigaraki_attack2",
      "is_spawnable": false,
      "is_summonable": true,
      "is_experimental": false
    },
	"component_groups": {
	  "wesl3y:despawn": {
        "minecraft:instant_despawn": {}
	  },
	  "wesl3y:air_cannon": {
        "minecraft:type_family": {
          "family": [ "air_cannon", "shigaraki", "knockback", "attack" ]
        },
        "minecraft:scale": {
          "value": 1.0
        },
        "minecraft:transformation": {
          "into": "wesl3y:despawn",
          "delay": 1.0
        }
      },
	  "wesl3y:jump_cannon": {
        "minecraft:type_family": {
          "family": [ "jump_cannon", "shigaraki", "knockback", "attack" ]
        },
        "minecraft:scale": {
          "value": 1.0
        },
        "minecraft:transformation": {
          "into": "wesl3y:despawn",
          "delay": 0.25
        },
        "minecraft:explode": {
          "fuseLength": 0.1,
          "fuseLit": true,
          "power": 6.5,
          "breaks_blocks": true
        }
	  }
	},
    "components": {
      "minecraft:transformation": {
        "into": "wesl3y:despawn",
        "delay": 5.0
      },
      "minecraft:despawn": {
        "filters": {
          "any_of": [
            { "test": "distance_to_nearest_player", "operator": ">", "value": 32}
          ]
        }
      },
      "minecraft:damage_sensor": {
        "triggers":[
          {
            "cause": "all",
            "deals_damage": false
          }
        ]
      },
      "minecraft:timer": {
        "time": 0.1,
        "looping": true,
        "time_down_event": {
          "event": "wesl3y:command"
        }
      },
      "minecraft:physics": {},
      "minecraft:pushable": {
        "is_pushable": false,
        "is_pushable_by_piston": true
      },
      "minecraft:conditional_bandwidth_optimization": {
        "default_values": {
          "max_optimized_distance": 80,
          "max_dropped_ticks": 10,
          "use_motion_prediction_hints": true
        }
      }
    },
	
	"events": {
      "wesl3y:command": {
        "sequence": [
          {
            "filters": {
              "test": "is_family",
              "value": "air_cannon"
            },
            "run_command": {
              "command": [
                "damage @e[r=3.5,family=!attack,family=!shigaraki] 19 entity_attack entity @e[type=wesl3y:shigaraki]"
              ]
            }
          }
        ]
      },
	  "wesl3y:air_cannon": {
	    "add": {
	      "component_groups": [
	        "wesl3y:air_cannon"
	      ]
	    }
	  },
	  "wesl3y:jump_cannon": {
	    "add": {
	      "component_groups": [
	        "wesl3y:jump_cannon"
	      ]
	    },
	    "run_command": {
	      "command": [
	        "particle wesl3y:jump_cannon_explosion",
	        "particle wesl3y:jump_cannon_explosion2"
	      ]
	    }
	  },
	  "wesl3y:despawn": {
	    "add": {
	      "component_groups": [
	        "wesl3y:despawn"
	      ]
	    }
	  }
	}
  }
}