{
  "format_version": "1.13.0",
 "minecraft:entity": {
  "description": {
    "identifier": "darkage:gravelord_projectile",
    "is_spawnable": false,
    "is_summonable": true,
    "is_experimental": false
  },
  "component_groups": {
  },
  "components": {
   "minecraft:collision_box": {
    "width": 0.31,
    "height": 0.31
   },
   "minecraft:scale": {
    "value": 1.0
  },
  "minecraft:damage_sensor": {
    "triggers": [
             {
              "cause": "block_explosion",
              "deals_damage": false
              },
              {
                "cause": "entity_explosion",
                "deals_damage": false
                },
                {
                  "cause": "fall",
                  "deals_damage": false
                  },
                  {
                    "cause": "attack",
                    "deals_damage": false
                    },
                    {
                      "cause": "projectile",
                      "deals_damage": false
                      }
            ]
   },
   "minecraft:projectile": {
    
    "on_hit": {
      "spawn_aoe_cloud": {
        "radius": 3.0,
        "radius_on_use": -0.5,
        "potion": 36,
        "duration": 40,
        "color": [ 78, 63, 29 ],
        "affect_owner": false
      },
      "remove_on_hit": { }
    },
    "power": 1.6,
    "gravity": 0.00,
    "inertia": 1,
    "liquid_inertia": 1,
    "uncertainty_base": 0,
    "uncertainty_multiplier": 0,
    "anchor": 2,
    "offset": [ 0, -0.1, 0 ],
    "reflect_on_hurt": true,
    "catch_fire": true
   },
   "minecraft:physics": {
   },
   "minecraft:pushable": {
    "is_pushable": true,
    "is_pushable_by_piston": true
   }
  },
  "events": {
  }
 }
}
