{
  "format_version": "1.13.0",
  "minecraft:entity": {
    "description": {
      "identifier": "darkage:gravelord",
      "is_spawnable": true,
      "is_summonable": true,
      "is_experimental": false,
         "scripts": {
				"animate": [
					"attack",
          "charged",
          "inmune_wither",
          "skeletons_death",
          "armor",
          "remove"
				]
			},
			"animations": {
				"attack": "controller.animation.gravelord.attack",
        "charged": "controller.animation.gravelord.charged",
        "inmune_wither": "controller.animation.gravelord.inmune_wither",
        "skeletons_death": "controller.animation.gravelord.skeletons_death",
        "armor": "controller.animation.armor.defense",
        "remove": "controller.animation.remove.structures"
			}
		},
    "component_groups": {
      "minecraft:gravelord_attack1": {
        "minecraft:attack": {
          "damage": 4,
          "effect_name": "wither",
          "effect_duration": 10
           },
            "minecraft:behavior.delayed_attack": {
              "priority": 2,
              "reach_multiplier": 3.5,
              "speed_multiplier": 1.0,
              "attack_duration": 1.8,
              "hit_delay_pct": 0.46,
              "track_target": true
            }
        },
        "minecraft:gravelord_charged": {
          "minecraft:shooter": {
                "type": "darkage:gravelord_projectile",
                "def": "darkage:gravelord_projectile"
              }, 
             "minecraft:behavior.ranged_attack": {
                  "priority": 4,
                  "attack_radius": 64,
                  "charge_shoot_trigger": 0.6,
                  "charge_charged_trigger": 0.1
                  }
              },
              "minecraft:gravelord_roar_absorb": {
                       "minecraft:behavior.knockback_roar": {
                        "priority": 1,
                        "duration": 1.0,
                        "attack_time": 0.5,
                        "knockback_damage": 7,
                        "knockback_strength": -8,
                        "knockback_range": 10,
                        "knockback_filters": {
                          "test": "is_family",
                          "subject": "other",
                          "operator": "!=",
                          "value": "skeleton"
                        },
                        "damage_filters": {
                          "test": "is_family",
                          "subject": "other",
                          "operator": "!=",
                          "value": "skeleton"
                        },
                        "on_roar_end": {
                          "event": "minecraft:gravelord_attack_roar"
                        },
                        "cooldown_time": 0.01
                      }
                },
                "minecraft:gravelord_roar_out": {
                  "minecraft:is_saddled": {
                  },
                         "minecraft:behavior.knockback_roar": {
                          "priority": 1,
                          "duration": 1.0,
                          "attack_time": 0.5,
                          "knockback_damage": 7,
                          "knockback_strength": 8,
                          "knockback_range": 6,
                          "knockback_filters": {
                            "test": "is_family",
                            "subject": "other",
                            "operator": "!=",
                            "value": "skeleton"
                          },
                          "damage_filters": {
                            "test": "is_family",
                            "subject": "other",
                            "operator": "!=",
                            "value": "skeleton"
                          },
                          "on_roar_end": {
                            "event": "minecraft:gravelord_attacks"
                          },
                          "cooldown_time": 0.01
                        }
                  }
  },
    "components": {
      "minecraft:equipment": {
        "table": "loot_tables/entities/equipment_gravelord_sword.json"
        },
      "minecraft:experience_reward": {
        "on_death": "query.last_hit_by_player ? 5 + (query.equipment_count * Math.Random(1,2)) : 0"
      },
      "minecraft:type_family": {
        "family": [ "wither", "undead", "gravelord", "monster", "skeleton" ]
      },
      "minecraft:health": {
        "value": 200,
        "max": 200
      },
        "minecraft:behavior.melee_attack": {
          "priority": 4,
          "target_dist": 1.2,
          "speed_multiplier": 1.0,
          "track_target": true
          },
      "minecraft:collision_box": {
        "width": 1.0,
        "height": 3.0
      },
            "minecraft:movement": {
        "value": 0.19
      },
      "minecraft:loot": {
        "table": "loot_tables/entities/gravelord.json"
      },
      "minecraft:movement.basic": {
      },
            "minecraft:navigation.walk": {
      "can_path_over_water": true,
        "can_float": true,
        "avoid_water": false,
        "avoid_damage_blocks": false
      },
      "minecraft:can_climb": {
      },
      "minecraft:jump.static": {
      },
      "minecraft:behavior.float": {
                "priority": 20
            },         
            "minecraft:behavior.nearest_attackable_target": {
              "priority": 2,
              "scan_interval": 20,
              "within_radius": 40.0,
              "reselect_targets": true,
              "entity_types": [
                {
                  "filters": {
                    "any_of": [
                      { "test": "is_family", "subject": "other", "value": "player" },
                      { "test": "is_family", "subject": "other", "value": "snowgolem" },
                      { "test": "is_family", "subject": "other", "value": "irongolem" },
                      { "test": "is_family", "subject": "other", "value": "stinky_medical" },
                      { "test": "is_family", "subject": "other", "value": "plague" },
                      { "test": "is_family", "subject": "other", "value": "nagars" }
                    ]
                  },
                  "max_dist": 40
                },
                {
                  "filters": {
                    "any_of": [
                      { "test": "is_family", "subject": "other", "value": "villager" },
                      { "test": "is_family", "subject": "other", "value": "wandering_trader" }
                    ]
                  },
                  "max_dist": 40,
                  "must_see": false
                },
                {
                  "filters": {
                    "all_of": [
                      { "test": "is_family", "subject": "other", "value": "baby_turtle" },
                      { "test": "in_water", "subject": "other", "operator": "!=", "value": true }
                    ]
                  },
                  "max_dist": 40
                }
              ],
              "must_see": true,
              "must_see_forget_duration": 0.5
            },
      "minecraft:behavior.look_at_player": {
        "priority": 9,
        "look_distance": 6.0,
        "probability": 7.0
      },
      "minecraft:angry": {
        "duration": 30,
        "broadcast_anger": true,
        "broadcast_anger_on_attack": true,
        "broadcast_anger_on_being_attacked": true,
        "broadcast_range": 30,
        "broadcast_targets": [ 
          "skeleton"
          ]
        },
      "minecraft:follow_range": {
        "value": 40,
        "max": 40
      },
      "minecraft:damage_sensor": {
        "triggers": {
          "cause": "fall",
          "deals_damage": false
        }
      },
      "minecraft:behavior.random_look_around": {
        "priority": 7
      },
      "minecraft:behavior.look_at_entity": {
        "priority": 9,
        "look_distance": 6.0,
        "probability": 7.0,
        "filters": { "test" :  "is_family", "subject" : "other", "value" :  "mob"}
      },
      "minecraft:behavior.move_towards_restriction": {
        "priority": 4,
        "speed_multiplier": 1
      },
      "minecraft:behavior.random_stroll": {
        "priority": 6,
        "speed_multiplier": 0.7
      },
      "minecraft:knockback_resistance": {
        "value": 1.0
      },
      "minecraft:behavior.avoid_mob_type": {
        "priority": 4,
        "entity_types": [
          {
            "filters": {
              "test": "is_family",
              "subject": "other",
              "value": "unbound_elemental"
            },
            "max_dist": 6,
            "walk_speed_multiplier": 1.0,
            "sprint_speed_multiplier": 1.0
          }
        ]
      },
            "minecraft:hurt_on_condition": {
        "damage_conditions": [
          {
            "filters": { "test": "in_lava", "subject": "self", "operator": "==", "value": true },
            "cause": "lava",
            "damage_per_tick": 4
          }
        ]
      },
      "minecraft:behavior.hurt_by_target": {
        "priority": 1,
        "alert_same_type": true,
        "entity_types": {
          "filters": {
            "any_of": [
            {"test": "is_family",
            "subject": "other",
            "operator": "!=",
            "value": "skeleton"}
            ]
          },
          "max_dist": 64
        }
      },
      "minecraft:physics": {
      },
      "minecraft:pushable": {
                "is_pushable": false,
                "is_pushable_by_piston": true
              }
           },
           
       "events": {
       "minecraft:entity_spawned": {
        "randomize": [
          {
            "weight": 280,
            "remove": {},
            "add": {
              "component_groups": [
                "minecraft:gravelord_attack1"
              ]
            }
          }
        ]
      },
      "minecraft:gravelord_attack_roar": {
        "remove": {
            "component_groups": [
           "minecraft:gravelord_roar_absorb"
              ]
            },
            "add": {
              "component_groups": [
             "minecraft:gravelord_roar_out"
              ]
            }
      },
       "minecraft:gravelord_attacks": {
        "randomize": [
          {
            "weight": 80,
            "remove": {
            "component_groups": [
            "minecraft:gravelord_charged",
           "minecraft:gravelord_roar_out"
              ]
            },
            "add": {
              "component_groups": [
             "minecraft:gravelord_attack1"
              ]
            }
          },
          {
            "weight": 40,
            "remove": {
            "component_groups": [
            "minecraft:gravelord_attack1",
           "minecraft:gravelord_roar_out"
              ]
            },
            "add": {
              "component_groups": [
             "minecraft:gravelord_charged"
              ]
            }
          },
          {
            "weight": 20,
            "remove": {
            "component_groups": [
            "minecraft:gravelord_attack1",
           "minecraft:gravelord_charged",
           "minecraft:gravelord_roar_out"
              ]
            },
            "add": {
              "component_groups": [
             "minecraft:gravelord_roar_absorb"
              ]
            }
          }
        ]
      }
      
    }
  }
}
