{
	"format_version": "1.19.0",
	"minecraft:block": {
		"description": {
			"identifier": "zk:flash",
			"menu_category": {
				"category": "nature"
			}
		},
		"components": {
			"minecraft:geometry": "geometry.flash",
			"minecraft:material_instances": {
				"*": {
					"texture": "zk_flash",
					"render_method": "alpha_test"
				}
			},
			"minecraft:display_name": "Flash",
			"minecraft:destructible_by_mining": false,
			"minecraft:destructible_by_explosion": false,
			"minecraft:block_light_emission": 1,
			"minecraft:ticking": {
				"range": [
					1,
					1
				],
				"on_tick": {
					"event": "die"
				}
			}
		},
		"events": {
			"die": {
				"run_command": {
					"command": [
						"setblock ~~~ air"
					]
				}
			}
		}
	}
}