{
	"format_version": "1.19.0",
	"minecraft:block": {
		"description": {
			"identifier": "zk:freezeice"
		},
		"components": {
			"minecraft:geometry": "geometry.freezeice",
			"minecraft:material_instances": {
				"*": {
					"texture": "zk_freezeice",
					"render_method": "alpha_test"
				}
			},
			"minecraft:ticking": {
				"range": [
					7,
					8
				],
				"on_tick": {
					"event": "death",
					"target": "self"
				}
			},
			"minecraft:creative_category": {
				"group": "nature",
				"category": "nature"
			},
			"minecraft:friction": 1,
			"minecraft:loot": "loot_tables/empty.json",
			"minecraft:explosion_resistance": 100,
			"minecraft:display_name": "Freeze Ice",
			"minecraft:flammable": {
				"burn_odds": 5,
				"flame_odds": 9
			},
			"minecraft:destroy_time": 3
		},
		"events": {
			"death": {
				"die": {
					"target": "self"
				}
			}
		}
	}
}