{
	"format_version": "1.19.0",
	"minecraft:block": {
		"description": {
			"identifier": "zk:longlight"
		},
		"components": {
			"minecraft:geometry": "geometry.light",
			"minecraft:material_instances": {
				"*": {
					"texture": "zk_light",
					"render_method": "blend"
				}
			},
			"minecraft:block_light_emission": 1,
			"minecraft:creative_category": {
				"category": "nature"
			},
			"minecraft:explosion_resistance": 9999,
			"minecraft:block_collision": false,
			"minecraft:ticking": {
				"range": [
					10,
					11
				],
				"on_tick": {
					"event": "die"
				}
			}
		},
		"events": {
			"die": {
				"run_command": {
					"command": [
						"setblock ~~~ air"
					]
				}
			}
		}
	}
}