{
	"format_version": "1.17.0",
	"minecraft:item": {
		"description": {
			"identifier": "a:skill_point"
		},
		"components": {
			"minecraft:max_stack_size": 16,
			"minecraft:foil": true,
			"minecraft:can_destroy_in_creative": false,
			"minecraft:icon": { "texture": "skill_point" },
			"minecraft:on_use": {
				"on_use": {
					"event": "on_use"
				}
			}
		},
		"events": {
			"on_use": {
				"run_command": {
					"command": [
						"particle a:skill_point",
						"playsound random.toast @s",
						"effect @s speed 1 2 true",
						"scoreboard players add @s skill_points 1",
						"clear @s a:skill_point -1 1"
					]
				}
			}
		}
	}
}