{
	"format_version": "1.13.0",
	"minecraft:entity": {
		"description": {
			"identifier": "a:dirt_block_small",
			"is_spawnable": false,
			"is_summonable": true,
			"is_experimental": false,
			"scripts": {
				"animate": [
					"dirt_block_small"
				]
			},
			"animations": {
				"dirt_block_small": "animation.dirt_block_small"
			}
		},
		"component_groups": {
			"minecraft:exploding": {
				"minecraft:explode": {
					"fuse_length": 0,
					"fuse_lit": true,
					"power": 3,
					"causes_fire": true,
					"fire_affected_by_griefing": true,
					"destroy_affected_by_griefing": true
				}
			},
			"minecraft:despawn": {
				"minecraft:instant_despawn": {}
			}
		},
		"components": {
			"minecraft:physics": {
				"has_gravity": false
			},
			"minecraft:collision_box": {
				"width": 0.31,
				"height": 0.31
			},
			"minecraft:environment_sensor": {
				"triggers": {
					"event": "minecraft:despawn",
					"filters": {
						"test": "distance_to_nearest_player",
						"value": 64,
						"operator": ">"
					},
					"target": "self"
				}
			},
			"minecraft:conditional_bandwidth_optimization": {
				"default_values": {
					"max_optimized_distance": 80,
					"max_dropped_ticks": 10,
					"use_motion_prediction_hints": true
				}
			},
			"minecraft:damage_sensor": {
				"triggers": [
					{
						"deals_damage": false,
						"on_damage": {
							"event": "minecraft:despawn"
						},
						"cause": "all"
					}
				]
			},
			"minecraft:despawn": {
				"despawn_from_distance": {
					"max_distance": 50
				}
			}
		},
		"events": {
			"minecraft:explode": {
				"add": {
					"component_groups": [
						"minecraft:exploding"
					]
				}
			},
			"minecraft:despawn": {
				"add": {
					"component_groups": [
						"minecraft:despawn"
					]
				}
			}
		}
	}
}