{
	"format_version": "1.13.0",
	"minecraft:entity": {
		"description": {
			"identifier": "a:protection_area",
			"is_spawnable": false,
			"is_summonable": true,
			"is_experimental": false
		},
		"component_groups": {
			"minecraft:despawn": {
				"minecraft:instant_despawn": {}
			}
		},
		"components": {
			"minecraft:type_family": {
				"family": [
					"protection_area"
				]
			},
			"minecraft:physics": {
				"has_gravity": false
			},
			"minecraft:persistent": {},
			"minecraft:collision_box": {
				"width": 0.1,
				"height": 0.1
			},
			"minecraft:tick_world": {
				"radius": 1,
				"never_despawn": true
			},
			"minecraft:conditional_bandwidth_optimization": {},
			"minecraft:damage_sensor": {
				"triggers": [
					{
						"deals_damage": false,
						"cause": "all"
					}
				]
			}
		},
		"events": {
			"minecraft:despawn": {
				"add": {
					"component_groups": [
						"minecraft:despawn"
					]
				}
			}
		}
	}
}