{
	"format_version": "1.16.0",
	"minecraft:entity": {
		"description": {
			"identifier": "a:scooter",
			"is_spawnable": false,
			"is_summonable": true,
			"is_experimental": false,
			"scripts": {
				"animate": [
					"scooter"
				]
			},
			"animations": {
				"scooter": "animation.scooter"
			}
		},
		"component_groups": {
			"despawn": {
				"minecraft:instant_despawn": {
					"remove_child_entities": true
				}
			}
		},
		"components": {
			"minecraft:is_hidden_when_invisible": {},
			"minecraft:damage_sensor": {
				"triggers": [
					{
						"cause": "all",
						"deals_damage": false
					}
				]
			},
			"minecraft:health": {
				"value": 1,
				"max": 1
			},
			"minecraft:physics": {
				"has_gravity": false
			},
			"minecraft:movement": {
				"value": 0
			},
			"minecraft:collision_box": {
				"width": 0.5,
				"height": 0.5
			},
			"minecraft:conditional_bandwidth_optimization": {},
			"minecraft:rideable": {
				"seat_count": 1,
				"pull_in_entities": true,
				"family_types": [
					"player"
				],
				"seats": [
					{
						"position": [
							0,
							1.3,
							0
						]
					}
				]
			},
			"minecraft:input_ground_controlled": {},
			"minecraft:buoyant": {
				"apply_gravity": false,
				"drag_down_on_buoyancy_removed": 1.0,
				"base_buoyancy": 1.0,
				"liquid_blocks": [
					"minecraft:water",
					"minecraft:flowing_water",
					"minecraft:lava",
					"minecraft:flowing_lava"
				],
				"simulate_waves": false
			},
			"minecraft:underwater_movement": {
				"value": 0
			},
			"minecraft:inside_block_notifier": {
				"block_list": [
					{
						"block": {
							"name": "minecraft:air"
						},
						"exited_block_event": {
							"event": "instant_despawn"
						}
					}
				]
			},
			"minecraft:navigation.walk": {
				"can_sink": false
			},
			"minecraft:environment_sensor": {
				"triggers": [
					{
						"filters": {
							"test": "rider_count",
							"operator": "equals",
							"value": 0
						},
						"event": "instant_despawn"
					}
				]
			}
		},
		"events": {
			"instant_despawn": {
				"add": {
					"component_groups": [
						"despawn"
					]
				}
			}
		}
	}
}