{
  "format_version": "1.13.0",
  "minecraft:entity": {
    "description": {
      "identifier": "darkage:plague",
      "is_spawnable": true,
      "is_summonable": true,
      "is_experimental": false,
         "scripts": {
				"animate": [
					"attack",
          "clear",
          "strenght",
          "sound",
          "guard",
          "armor"
				]
			},
			"animations": {
				"attack": "controller.animation.plague.attack",
          "clear": "controller.animation.plague.clear_fire",
          "strenght": "controller.animation.plague.strenght",
          "sound": "controller.animation.plague.sound",
          "guard": "controller.animation.plague.guard",
          "armor": "controller.animation.armor.defense"
			}
		},
    "component_groups": {
      "minecraft:death": {
        "minecraft:transformation": {
              "into": "darkage:plague_death",
              "delay": 0
        }
     },
     "minecraft:plague_detect_day": {
      "minecraft:environment_sensor": {
        "triggers": {
         "filters": {
          "all_of": [
           {
            "test": "is_daytime",
            "subject": "self",
            "operator": "==",
            "value": true
           }
          ]
      },
         "event": "minecraft:plague_roar"
        }
    }
   },
     "minecraft:plague_death": {
      "minecraft:damage_sensor": {
        "triggers": [
                 {
                  "on_damage": { 
                    "filters": { 
                      "with_damage_fatal": true
                  },
                   "event": "minecraft:death_event"
                  },
                   "deals_damage": false
                 }
          ]
        }
   },
      "minecraft:spawn_wolf_plague": {
        "minecraft:spawn_entity": [
          { 
           "min_wait_time": 0,
           "max_wait_time": 0,
           "spawn_entity": "darkage:wolf_plague",
           "spawn_event": "minecraft:plague_wolf",
           "single_use": true,
           "num_to_spawn": 2,
           "should_leash": false
          }
         ]
        },
    "minecraft:plague_attack1": {
    "minecraft:attack": {
           "damage": 10
           },
        "minecraft:behavior.delayed_attack": {
          "priority": 1,
          "reach_multiplier": 2.0,
          "speed_multiplier": 1.2,
          "attack_duration": 0.72,
          "hit_delay_pct": 0.72,
          "track_target": true
        },
        "minecraft:mark_variant": {
          "value": 1
        }
    },
    "minecraft:plague_regeneration": {
      "minecraft:spell_effects": {
        "add_effects": [
          {
            "effect": "regeneration",
            "duration": 10,
            "amplifier": 2
          }
        ]
      },
      "minecraft:timer": {
        "looping": true,
    "time": [2, 2],
        "time_down_event": {
        "event": "minecraft:plague_remove_health"
          }
        }
     },
    "minecraft:plague_guard": {
      "minecraft:is_sheared": {
      },
      "minecraft:timer": {
        "looping": true,
    "time": [2, 2],
        "time_down_event": {
        "event": "minecraft:plague_attacks"
        }
        },
        "minecraft:damage_sensor": {
          "triggers": [
                {
                  "on_damage": { "filters": { "test": "has_damage", "subject" : "self", "value": "block_explosion" },
                   "event": "minecraft:plague_attacks"
                  },
                   "deals_damage": false 
                   },
                   {
                    "on_damage": { "filters": { "test": "has_damage", "subject" : "self", "value": "entity_explosion" },
                     "event": "minecraft:plague_attacks"
                    },
                     "deals_damage": false 
                     },
                     {
                      "on_damage": { "filters": { "test": "has_damage", "subject" : "self", "value": "projectile" },
                       "event": "minecraft:plague_attacks"
                      },
                       "deals_damage": false 
                       },
                {
                  "on_damage": { "filters": { "test": "has_damage", "subject" : "self", "value": "attack" },
                   "event": "minecraft:plague_attacks"
                  },
                   "deals_damage": false 
                   }
            ]
          }
      },
    "minecraft:plague_attack2": {
    "minecraft:attack": {
           "damage": 10
           },
             "minecraft:behavior.delayed_attack": {
          "priority": 1,
          "reach_multiplier": 2.0,
          "speed_multiplier": 1.2,
          "attack_duration": 0.72,
          "hit_delay_pct": 0.72,
          "track_target": true
        },
        "minecraft:mark_variant": {
          "value": 2
        }
    },
    "minecraft:plague_attack3": {
    "minecraft:attack": {
           "damage": 16
           },
        "minecraft:behavior.delayed_attack": {
          "priority": 1,
          "reach_multiplier": 2.0,
          "speed_multiplier": 1.2,
          "attack_duration": 0.72,
          "hit_delay_pct": 0.72,
          "track_target": true
        },
        "minecraft:mark_variant": {
          "value": 3
        }
    },
    "minecraft:plague_roar": {
      "minecraft:attack": {
             "damage": 10
             },
             "minecraft:behavior.knockback_roar": {
              "priority": 1,
              "duration": 1.0,
              "attack_time": 0.5,
              "knockback_damage": 8,
              "knockback_strength": 6,
              "knockback_range": 6,
              "knockback_filters": {
                "test": "is_family",
                "subject": "other",
                "operator": "!=",
                "value": "plague"
              },
              "damage_filters": {
                "test": "is_family",
                "subject": "other",
                "operator": "!=",
                "value": "plague"
              },
              "on_roar_end": {
                "event": "minecraft:plague_day"
              },
              "cooldown_time": 0.01
            }
      }
  },
    "components": {
      "minecraft:experience_reward": {
        "on_death": "query.last_hit_by_player ? 5 + (query.equipment_count * Math.Random(1,3)) : 0"
      },
      "minecraft:fire_immune": {
      },
      "minecraft:type_family": {
        "family": [ "plague", "monster" ]
      },
      "minecraft:combat_regeneration":{
        "regeneration_duration": 15,
        "apply_to_self": true,
        "apply_to_family": false
    },
      "minecraft:health": {
        "value": 250,
        "max": 250
      },
      "minecraft:scale": {
        "value": 1.5
      },
      "minecraft:break_blocks": {
        "breakable_blocks": [
          "bamboo",
          "bamboo_sapling",
          "beetroot",
          "brown_mushroom",
          "carrots",
          "carved_pumpkin",
          "deadbush",
          "double_plant",
          "leaves",
          "leaves2",
          "lit_pumpkin",
          "melon_block",
          "melon_stem",
          "potatoes",
          "pumpkin",
          "log",
          "glass",
          "hay_block",
          "stone_stairs",
          "cobblestone_wall",
          "wooden_slabs",
          "oak_stairs",
          "planks",
          "pumpkin_stem",
          "cobblestone",
          "mossy_cobblestone_stairs",
          "mossy_cobblestone",
          "stained_hardened_clay",
          "red_flower",
          "red_mushroom",
          "reeds",
          "sapling",
          "snow_layer",
          "sweet_berry_bush",
          "tallgrass",
          "turtle_egg",
          "fence",
          "fence_gate",
          "vine",
          "wheat",
          "sandstone",
          "carpet",
          "web",
          "stonebrick"
        ]
      },
      "minecraft:collision_box": {
        "width": 1.4,
        "height": 2.9
      },
            "minecraft:movement": {
        "value": 0.26
      },
      "minecraft:movement.basic": {

      },
            "minecraft:navigation.walk": {
      "can_path_over_water": true,
        "can_float": true,
        "avoid_water": false,
        "avoid_damage_blocks": false
      },
      "minecraft:can_climb": {
      },
      "minecraft:jump.static": {
      },
      "minecraft:behavior.float": {
                "priority": 20
            },         
      "minecraft:behavior.nearest_attackable_target": {
        "priority": 1,
        "scan_interval": 20,
        "within_radius": 40.0,
        "reselect_targets": true,
        "entity_types": [
          {
            "filters": {
              "any_of": [
                { "test": "is_family", "subject": "other", "value": "player" },
                { "test": "is_family", "subject": "other", "value": "snowgolem" },
                { "test": "is_family", "subject": "other", "value": "irongolem" },
                { "test": "is_family", "subject": "other", "value": "nagars" },
                { "test": "is_family", "subject": "other", "value": "cow" },
                { "test": "is_family", "subject": "other", "value": "cat" },
                { "test": "is_family", "subject": "other", "value": "wolf" },
                { "test": "is_family", "subject": "other", "value": "sheep" },
                { "test": "is_family", "subject": "other", "value": "pig" },
                { "test": "is_family", "subject": "other", "value": "rabbit" },
                { "test": "is_family", "subject": "other", "value": "llama" },
                { "test": "is_family", "subject": "other", "value": "parrot" },
                { "test": "is_family", "subject": "other", "value": "fox" },
                { "test": "is_family", "subject": "other", "value": "donkey" },
                { "test": "is_family", "subject": "other", "value": "horse" },
                { "test": "is_family", "subject": "other", "value": "chicken" },
                { "test": "is_family", "subject": "other", "value": "panda" }
              ]
            },
            "max_dist": 40
          },
          {
            "filters": {
              "any_of": [
                { "test": "is_family", "subject": "other", "value": "villager" },
                { "test": "is_family", "subject": "other", "value": "wandering_trader" }
              ]
            },
            "max_dist": 40,
            "must_see": false
          },
          {
            "filters": {
              "all_of": [
                { "test": "is_family", "subject": "other", "value": "baby_turtle" },
                { "test": "in_water", "subject": "other", "operator": "!=", "value": true }
              ]
            },
            "max_dist": 40
          }
        ],
        "must_see": true,
        "must_see_forget_duration": 0.5
      },
      "minecraft:behavior.look_at_player": {
        "priority": 9,
        "look_distance": 6.0,
        "probability": 7.0
      }, 
      "minecraft:follow_range": {
        "value": 40,
        "max": 40
      },
      "minecraft:behavior.random_look_around": {
        "priority": 7
      },
      "minecraft:behavior.look_at_entity": {
        "priority": 9,
        "look_distance": 6.0,
        "probability": 7.0,
        "filters": { "test" :  "is_family", "subject" : "other", "value" :  "mob"}
      },
      "minecraft:behavior.move_towards_restriction": {
        "priority": 4,
        "speed_multiplier": 1
      },
      "minecraft:behavior.random_stroll": {
        "priority": 6,
        "speed_multiplier": 0.7
      },
      "minecraft:knockback_resistance": {
        "value": 1.0
      },
            "minecraft:hurt_on_condition": {
        "damage_conditions": [
          {
            "filters": { "test": "in_lava", "subject": "self", "operator": "==", "value": true },
            "cause": "lava",
            "damage_per_tick": 4
          }
        ]
      },
      "minecraft:behavior.hurt_by_target": {
        "priority": 1
      },
      "minecraft:physics": {
      },
      "minecraft:pushable": {
                "is_pushable": false,
                "is_pushable_by_piston": true
              }
           },
           
       "events": {
       "minecraft:entity_spawned": {
        "randomize": [
          {
            "weight": 380,
            "remove": {},
            "add": {
              "component_groups": [
                "minecraft:plague_attack1",
                "minecraft:spawn_wolf_plague",
                "minecraft:plague_death",
                "minecraft:plague_detect_day"
              ]
            }
          }
        ]
      },
      "minecraft:death_event": {
        "add": { 
          "component_groups": [ 
            "minecraft:death" 
          ]
        }
      },
      "minecraft:plague_roar": {
        "run_command": {
					"command": [
            "playsound mob.plague.hurt @a[r=30]"
					]
				},
        "remove": {
          "component_groups": [
            "minecraft:plague_attack1",
            "minecraft:plague_attack2",
            "minecraft:plague_attack3",
            "minecraft:plague_guard",
            "minecraft:plague_detect_day"

          ]
        },
        "add": { 
          "component_groups": [ 
            "minecraft:plague_roar" 
          ]
        }
      },
      "minecraft:plague_day": {
        "run_command": {
					"command": [
						"time set night",
            "playsound ambient.cave @a[r=30]"
					]
				},
        "remove": {
          "component_groups": [
            "minecraft:plague_roar"
          ]
        },
        "add": {
          "component_groups": [
            "minecraft:plague_attack1",
            "minecraft:plague_death",
            "minecraft:plague_detect_day"
             ]
           }
      },
      "minecraft:plague_remove_health": {
        "remove": {
          "component_groups": [
            "minecraft:plague_regeneration"
          ]
        }
      },
      "minecraft:plague_wolf": {
        "add": {
          "component_groups": [
            "minecraft:spawn_wolf_plague"
             ]
           }
      },
      "minecraft:plague_health": {
        "add": {
          "component_groups": [
            "minecraft:plague_regeneration"
             ]
           }
      },
       "minecraft:plague_attacks": {
        "randomize": [
          {
            "weight": 20,
            "remove": {
            "component_groups": [
            "minecraft:plague_attack2",
           "minecraft:plague_attack3",
           "minecraft:plague_guard"
              ]
            },
            "add": {
              "component_groups": [
             "minecraft:plague_attack1",
             "minecraft:plague_death"
              ]
            }
          },
          {
            "weight": 20,
            "remove": {
            "component_groups": [
            "minecraft:plague_attack1",
           "minecraft:plague_attack3",
           "minecraft:plague_guard"
              ]
            },
            "add": {
              "component_groups": [
             "minecraft:plague_attack2",
             "minecraft:plague_death"
              ]
            }
          },
          {
            "weight": 15,
            "remove": {
            "component_groups": [
            "minecraft:plague_attack2",
            "minecraft:plague_attack1",
            "minecraft:plague_guard"
              ]
            },
            "add": {
              "component_groups": [
             "minecraft:plague_attack3",
             "minecraft:plague_death"
              ]
            }
          },
          {
            "weight": 10,
            "remove": {
            "component_groups": [
            "minecraft:plague_attack2",
            "minecraft:plague_attack1",
            "minecraft:plague_attack3",
            "minecraft:plague_death"
              ]
            },
            "add": {
              "component_groups": [
             "minecraft:plague_guard"
              ]
            }
          }
        ]
      }
      
    }
  }
}
