{
	"format_version": "1.16.100",
	"minecraft:item": {
		"description": {
			"identifier": "aw:battle_axe",
			"category": "equipment"
		},
		"components": {
			"minecraft:icon": {
				"texture": "battle_axe_icon"
			},
			"minecraft:durability": {
				"max_durability": 10000
			},
			"minecraft:display_name": {},
			"minecraft:max_stack_size": 1,
			"minecraft:creative_category": {
				"parent": "itemGroup.name.sword"
			},
			"minecraft:enchantable": {
				"slot": "sword",
				"value": 15
			},
			"minecraft:hand_equipped": true,
			"minecraft:damage": 20,
			"minecraft:can_destroy_in_creative": false,
			"minecraft:weapon": {
				"on_hurt_entity": {
					"event": "on_hurt_event",
					"target": "self"
				}
			},
			"minecraft:mining_speed": 8,
			"minecraft:digger": {
				"use_efficiency": false,
				"on_dig": {
					"event": "on_dig_event",
					"target": "self"
				},
				"destroy_speeds": [
					{
						"block": "minecraft:web",
						"speed": 12,
						"on_dig": {
							"event": "on_dig_event",
							"target": "self"
						}
					},
					{
						"block": "minecraft:bamboo",
						"speed": 12,
						"on_dig": {
							"event": "on_dig_event",
							"target": "self"
						}
					}
				]
			}
		},
		"events": {
			"on_hurt_event": {
				"damage": {
					"type": "durability",
					"amount": 1
				}
			},
			"on_dig_event": {
				"damage": {
					"type": "durability",
					"amount": 1
				}
			}
		}
	}
}