{
	"format_version": "1.16.100",
	"minecraft:item": {
		"description": {
			"identifier": "aw:legendary_emerald_spear",
			"category": "equipment"
		},
		"components": {
			"minecraft:icon": {
				"texture": "legendary_emerald_spear_icon"
			},
			"minecraft:durability": {
				"max_durability": 10000,
			},
			"minecraft:display_name": {},
			"minecraft:max_stack_size": 1,
			"minecraft:creative_category": {
				"parent": "itemGroup.name.sword"
			},
			"minecraft:enchantable": {
				"slot": "sword",
				"value": 15
			},
			"minecraft:hand_equipped": true,
			"minecraft:damage": 20,
			"minecraft:can_destroy_in_creative": false,
			"minecraft:weapon": {
				"on_hurt_entity": {
					"event": "on_hurt_event",
					"target": "self"
				}
			},
			"minecraft:on_use": {
				"on_use": {
					"event": "on_use_event",
					"target": "self"
				}
			}
		},
		"events": {
			"on_hurt_event": {
				"damage": {
					"type": "durability",
					"amount": 1
				}
			},
			"on_use_event": {
				"sequence": [
					{
						"shoot": {
						"projectile": "aw:legendary_emerald_spear_entity",
						"launch_power": 1,
						"angle_offset": "query.cardinal_player_facing"
						}
					},
					{
						"decrement_stack": {
							"ignore_game_mode": true
						}
					}
				]
			}
		}
	}
}