{
	"format_version": "1.16.100",
	"minecraft:item": {
		"description": {
			"identifier": "aw:shotgun",
			"category": "equipment"
		},
		"components": {
			"minecraft:creative_category": {
				"parent": "itemGroup.name.gun"
			},
			"minecraft:max_stack_size": 1,
			"minecraft:hand_equipped": true,
			"minecraft:foil": false,
			"minecraft:icon": {
				"texture": "shotgun_icon"
			},
			"minecraft:durability": {
				"max_durability": 5
			},
			"minecraft:on_use": {
				"on_use": {
					"event": "on_use_event",
					"target": "self"
				}
			},
			"minecraft:cooldown": {
				"category": "shotgun",
				"duration": 1.5
			}
		},
		"events": {
			"on_use_event": {
				"sequence": [
					{
						"shoot": {
						"projectile": "aw:shotgun_bullets_entity",
						"launch_power": 1,
						"angle_offset": "query.cardinal_player_facing"
						},
						"run_command": {
							"command": [
								"playsound shot.shot @p ~~~3"
							]
						}
					},
					{
						"damage": {
							"type": "durability",
							"amount": 1
						}
					},
					{
						"condition": "query.remaining_durability <= 0",
						"run_command": {
							"command": [
								"clear @s aw:shotgun 0 1",
								"give @s aw:shotgun_empty 1"
							]
						}
					}
				]
			}
		}
	}
}