{
	"format_version": "1.16.0",
	"minecraft:entity": {
		"description": {
			"identifier": "zk:frostarea",
			"is_spawnable": false,
			"is_summonable": true,
			"is_experimental": false
		},
		"component_groups": {
			"despawn": {
				"minecraft:instant_despawn": {}
			}
		},
		"components": {
			"minecraft:damage_sensor": {
				"triggers": {
					"cause": "all",
					"deals_damage": false
				}
			},
			"minecraft:collision_box": {
				"width": 0,
				"height": 0
			},
			"minecraft:timer": {
				"time": 10,
				"time_down_event": {
					"event": "despawn"
				}
			},
			"minecraft:mob_effect": {
				"effect_range": 5,
				"mob_effect": "slowness",
				"entity_filter": {
					"none_of": [
						{
							"test": "has_tag",
							"subject": "other",
							"value": "frost"
						},
						{
							"test": "has_tag",
							"subject": "other",
							"value": "ally"
						}
					]
				},
				"effect_time": 2
			},
			"minecraft:scale": {
				"value": 3
			},
			"minecraft:type_family": {
				"family": [
					"none"
				]
			}
		},
		"events": {
			"despawn": {
				"add": {
					"component_groups": [
						"despawn"
					]
				}
			}
		}
	}
}