{
	"format_version": "1.10.0",
	"minecraft:entity": {
		"description": {
			"identifier": "zk:glacier",
			"is_spawnable": false,
			"is_summonable": true,
			"is_experimental": false,
			"runtime_identifier": "minecraft:snowball"
		},
		"component_groups": {
			"despawn": {
				"minecraft:instant_despawn": {}
			}
		},
		"components": {
			"minecraft:projectile": {
				"on_hit": {
					"impact_damage": {
						"damage": 25,
						"knockback": true,
						"semi_random_diff_damage": false,
						"destroy_on_hit": true
					},
					"stick_in_ground": {
						"shake_time": 0.35
					},
					"definition_event": {
						"affect_projectile": true,
						"event_trigger": {
							"event": "on:hit",
							"target": "self"
						}
					},
					"arrow_effect": {},
					"mob_effect": {
						"effect": "slowness",
						"durationeasy": 2,
						"durationnormal": 2,
						"durationhard": 2,
						"amplifier": 1,
						"visible": false
					}
				},
				"power": 1,
				"gravity": 0.05,
				"angleoffset": 0,
				"hit_sound": "zk:glacierhit",
				"hit_ground_sound": "zk:glacierhit"
			},
			"minecraft:physics": {
				"has_collision": true,
				"has_gravity": true
			},
			"minecraft:timer": {
				"time": 5,
				"time_down_event": {
					"event": "despawn"
				}
			},
			"minecraft:type_family": {
				"family": [
					"none",
					"proj"
				]
			}
		},
		"events": {
			"on:hit": {
				"run_command": {
					"command": [
						"particle zk:icehit ~~~",
						"playsound zk.glacierhit @a[r=80] ~~~"
					]
				}
			},
			"despawn": {
				"add": {
					"component_groups": [
						"despawn"
					]
				}
			}
		}
	}
}