{
	"format_version": "1.8.0",
	"minecraft:entity": {
		"description": {
			"identifier": "zk:icebarrager",
			"is_spawnable": true,
			"is_summonable": true,
			"is_experimental": false
		},
		"component_groups": {
			"cursedfamily": {
				"minecraft:type_family": {
					"family": [
						"frost"
					]
				}
			},
			"despawn": {
				"minecraft:instant_despawn": {}
			}
		},
		"components": {
			"minecraft:collision_box": {
				"height": 0.9,
				"width": 0.5
			},
			"minecraft:fall_damage": {
				"value": 0
			},
			"minecraft:movement": {
				"value": 0.01
			},
			"minecraft:movement.basic": {},
			"minecraft:jump.static": {},
			"minecraft:health": {
				"value": 20,
				"max": 20
			},
			"minecraft:physics": {},
			"minecraft:scale": {
				"value": 1
			},
			"minecraft:underwater_movement": {
				"value": 0.02
			},
			"minecraft:attack": {
				"damage": 8
			},
			"minecraft:behavior.nearest_attackable_target": {
				"priority": 0,
				"within_radius": 25,
				"must_reach": false,
				"entity_types": [
					{
						"filters": {
							"none_of": [
								{
									"test": "has_tag",
									"subject": "other",
									"value": "frost"
								},
								{
									"test": "has_tag",
									"subject": "other",
									"value": "ally"
								},
								{
									"test": "is_family",
									"subject": "other",
									"value": "none"
								}
							]
						},
						"max_dist": 35,
						"must_see": true
					}
				],
				"must_see": true,
				"speed_multiplier": 1
			},
			"minecraft:behavior.hurt_by_target": {
				"priority": 3
			},
			"minecraft:behavior.owner_hurt_by_target": {
				"priority": 1
			},
			"minecraft:behavior.owner_hurt_target": {
				"priority": 2
			},
			"minecraft:behavior.circle_around_anchor": {
				"priority": 10,
				"radius_range": [
					0.1,
					10
				],
				"radius_change_chance": 10,
				"height_above_target_range": [
					5,
					10
				],
				"height_offset_range": [
					-4,
					5
				],
				"height_change_chance": 50,
				"goal_radius": 1
			},
			"minecraft:shooter": {
				"def": "zk:iceball"
			},
			"minecraft:behavior.ranged_attack": {
				"priority": 0,
				"attack_interval": 0.2,
				"attack_radius": 20,
				"burst_shots": 5,
				"burst_interval": 0.2
			},
			"minecraft:navigation.walk": {
				"can_walk": true,
				"can_jump": true
			},
			"minecraft:timer": {
				"time": [
					15,
					20
				],
				"time_down_event": {
					"event": "despawn"
				}
			},
			"minecraft:damage_sensor": {
				"triggers": {
					"cause": "all",
					"deals_damage": false
				}
			},
			"minecraft:pushable": {
				"is_pushable": false,
				"is_pushable_by_piston": false
			},
			"minecraft:type_family": {
				"family": [
					"none"
				]
			}
		},
		"events": {
			"on:death": {
				"run_command": {
					"command": []
				}
			},
			"on:hurt": {
				"run_command": {
					"command": []
				}
			},
			"on:hurt_by_player": {
				"run_command": {
					"command": []
				}
			},
			"on:ignite": {
				"run_command": {
					"command": []
				}
			},
			"on:target_acquired": {
				"run_command": {
					"command": []
				}
			},
			"on:target_escape": {
				"run_command": {
					"command": []
				}
			},
			"on:wake_with_owner": {
				"run_command": {
					"command": []
				}
			},
			"minecraft:entity_spawned": {
				"add": {
					"component_groups": [
						"cursedfamily"
					]
				}
			},
			"despawn": {
				"add": {
					"component_groups": [
						"despawn"
					]
				}
			}
		}
	}
}