{
	"format_version": "1.10.0",
	"minecraft:entity": {
		"description": {
			"identifier": "zk:iceball",
			"is_spawnable": false,
			"is_summonable": true,
			"is_experimental": false,
			"runtime_identifier": "minecraft:snowball"
		},
		"component_groups": {
			"exploding": {
				"minecraft:explode": {
					"fuseLength": 2,
					"power": 4,
					"fuseLit": true,
					"causesFire": false
				}
			},
			"despawn": {
				"minecraft:instant_despawn": {}
			}
		},
		"components": {
			"minecraft:projectile": {
				"on_hit": {
					"impact_damage": {
						"damage": 8,
						"knockback": true,
						"semi_random_diff_damage": false,
						"destroy_on_hit": true
					},
					"stick_in_ground": {
						"shake_time": 0.35
					},
					"arrow_effect": {},
					"definition_event": {
						"affect_projectile": true,
						"eventTrigger": {
							"event": "on:hit",
							"target": "self"
						}
					}
				},
				"power": 1,
				"gravity": 0.05,
				"angleoffset": 0
			},
			"minecraft:physics": {
				"has_collision": true,
				"has_gravity": true
			},
			"minecraft:timer": {
				"time": 4,
				"time_down_event": {
					"event": "despawn"
				}
			},
			"minecraft:type_family": {
				"family": [
					"none",
					"proj"
				]
			}
		},
		"events": {
			"on:hit": {
				"run_command": {
					"command": [
						"particle zk:icehit ~~~",
						"playsound zk.glacierhit @a[r=70] ~~~"
					]
				}
			},
			"despawn": {
				"add": {
					"component_groups": [
						"despawn"
					]
				}
			}
		}
	}
}