{
  "format_version": "1.12",
  "minecraft:recipe_shaped": {
    "description": {
      "identifier": "invis_chestplate_fc0ee202"
    },
    "tags": [
      "crafting_table"
    ],
    "pattern": [
      "A A",
      "ABA",
      "AAA"
    ],
    "key": {
      "A": {
        "item": "minecraft:diamond",
        "data": 0
      },
      "B": {
        "item": "minecraft:iron_chestplate",
        "data": 0
      }
    },
    "result": {
      "item": "bh:invis_chestplate",
      "count": 1
    }
  }
}