{
  "format_version": "1.12",
  "minecraft:recipe_shaped": {
    "description": {
      "identifier": "aether_ores_82461060"
    },
    "tags": [
      "crafting_table"
    ],
    "pattern": [
      "A A",
      "BCD",
      "E A"
    ],
    "key": {
      "A": {
        "item": "minecraft:netherite_ingot",
        "data": 0
      },
      "B": {
        "item": "pa:divine_ores",
        "data": 0
      },
      "C": {
        "item": "minecraft:netherstar",
        "data": 0
      },
      "D": {
        "item": "pa:divine_ores",
        "data": 0
      },
      "E": {
        "item": "minecraft:netherite_ingot",
        "data": 0
      }
    },
    "result": {
      "item": "pa:aether_ores",
      "count": 2
    }
  }
}