{
  "format_version": "1.12",
  "minecraft:recipe_shaped": {
    "description": {
      "identifier": "dark_union_ores_f37972c6"
    },
    "tags": [
      "crafting_table"
    ],
    "pattern": [
      "A B",
      "CDE",
      "B A"
    ],
    "key": {
      "A": {
        "item": "minecraft:netherite_ingot",
        "data": 0
      },
      "B": {
        "item": "minecraft:netherite_ingot",
        "data": 0
      },
      "C": {
        "item": "pa:divine_ores",
        "data": 0
      },
      "D": {
        "item": "minecraft:netherstar",
        "data": 0
      },
      "E": {
        "item": "pa:black_ores",
        "data": 0
      }
    },
    "result": {
      "item": "pa:dark_union_ores",
      "count": 2
    }
  }
}