{
  "format_version": "1.12",
  "minecraft:recipe_shaped": {
    "description": {
      "identifier": "dark_union_legging_e5452d95"
    },
    "tags": [
      "crafting_table"
    ],
    "pattern": [
      " A ",
      "B B",
      "B  "
    ],
    "key": {
      "A": {
        "item": "pa:black_legging",
        "data": 0
      },
      "B": {
        "item": "pa:dark_union_ores",
        "data": 0
      }
    },
    "result": {
      "item": "pa:dark_union_legging",
      "count": 1
    }
  }
}