{
  "format_version": "1.12",
  "minecraft:recipe_shaped": {
    "description": {
      "identifier": "true_frost_slayer_2fd8615f"
    },
    "tags": [
      "crafting_table"
    ],
    "pattern": [
      " A ",
      "BCB",
      " D "
    ],
    "key": {
      "A": {
        "item": "minecraft:netherite_sword",
        "data": 0
      },
      "B": {
        "item": "pa:frost_ores",
        "data": 0
      },
      "C": {
        "item": "pa:dark_union_ores",
        "data": 0
      },
      "D": {
        "item": "pa:true_divine_ores",
        "data": 0
      }
    },
    "result": {
      "item": "pa:true_frost_slayer",
      "count": 1
    }
  }
}