{
  "format_version": "1.12",
  "minecraft:recipe_shaped": {
    "description": {
      "identifier": "warden_chestplate_501ec1e1"
    },
    "tags": [
      "crafting_table"
    ],
    "pattern": [
      "A A",
      " B ",
      "A A"
    ],
    "key": {
      "A": {
        "item": "pa:warden_ores",
        "data": 0
      },
      "B": {
        "item": "minecraft:netherite_chestplate",
        "data": 0
      }
    },
    "result": {
      "item": "pa:warden_chestplate",
      "count": 1
    }
  }
}