{
	"file_path": "C:\\Users\\4soles\\AppData\\Local\\Packages\\Microsoft.MinecraftUWP_8wekyb3d8bbwe\\LocalState\\games\\com.mojang\\development_behavior_packs\\AncientWeaponry[BP]\\entities\\projectiles\\spear\\dark_spear.entity.json",
	"file_type": "entity",
	"format_version": 1,
	"file_uuid": "3e9319fb_a008_4f0f_b92b_400874ebb590",
	"file_version": 0,
	"cache_content": {
		"children": [
			{
				"open": {
					"minecraft:entity": {
						"description": {
							"identifier": "aw:dark_spear_entity",
							"is_spawnable": false,
							"is_summonable": false,
							"is_experimental": false,
							"runtime_identifier": "minecraft:snowball"
						},
						"component_groups": {
							"despawn_spear": {
								"minecraft:instant_despawn": {}
							},
							"despawn_timer": {
								"minecraft:timer": {
									"looping": false,
									"time": 15,
									"time_down_event": {
										"event": "despawn_spear_event"
									}
								}
							}
						},
						"components": {
							"minecraft:type_family": {
								"family": [
									"spear"
								]
							},
							"minecraft:health": {
								"min": 1,
								"max": 1,
								"value": 1
							},
							"minecraft:collision_box": {
								"width": 0.2,
								"height": 0.2
							},
							"minecraft:damage_sensor": {
								"triggers": [
									{
										"on_damage": {},
										"cause": "all",
										"deals_damage": false
									}
								]
							},
							"minecraft:physics": {
								"has_collision": true,
								"has_gravity": true
							},
							"minecraft:projectile": {
								"destroy_on_hurt": false,
								"gravity": 0.05,
								"inertia": 0.99,
								"liquid_inertia": 0.56,
								"multiple_targets": false,
								"power": 3,
								"reflect_on_hurt": true,
								"semi_random_diff_damage": true,
								"should_bounce": true,
								"on_hit": {
									"arrow_effect": {},
									"impact_damage": {
										"damage": 8,
										"knockback": true,
										"destroy_on_hit": false
									},
									"stick_in_ground": {
										"shake_time": 1
									},
									"mob_effect": {
										"effect": "poison",
										"durationeasy": 60,
										"durationnormal": 60,
										"durationhard": 60,
										"amplifier": 1
									}
								}
							},
							"minecraft:environment_sensor": {
								"triggers": [
									{
										"filters": {
											"all_of": [
												{
													"test": "in_water",
													"subject": "self",
													"operator": "==",
													"value": true
												}
											]
										},
										"event": "start_despawn_timer_event"
									}
								]
							}
						},
						"events": {
							"despawn_spear_event": {
								"add": {
									"component_groups": [
										"despawn_spear"
									]
								}
							},
							"start_despawn_timer_event": {
								"add": {
									"component_groups": [
										"despawn_timer"
									]
								}
							}
						}
					},
					"format_version": "1.15.0"
				},
				"key": "minecraft:entity",
				"children": [
					{
						"key": "description",
						"is_minified": true,
						"children": {
							"identifier": "aw:dark_spear_entity",
							"is_spawnable": false,
							"is_summonable": false,
							"is_experimental": false,
							"runtime_identifier": "minecraft:snowball"
						}
					},
					{
						"open": {
							"description": {
								"identifier": "aw:dark_spear_entity",
								"is_spawnable": false,
								"is_summonable": false,
								"is_experimental": false,
								"runtime_identifier": "minecraft:snowball"
							},
							"component_groups": {
								"despawn_spear": {
									"minecraft:instant_despawn": {}
								},
								"despawn_timer": {
									"minecraft:timer": {
										"looping": false,
										"time": 15,
										"time_down_event": {
											"event": "despawn_spear_event"
										}
									}
								}
							},
							"components": {
								"minecraft:type_family": {
									"family": [
										"spear"
									]
								},
								"minecraft:health": {
									"min": 1,
									"max": 1,
									"value": 1
								},
								"minecraft:collision_box": {
									"width": 0.2,
									"height": 0.2
								},
								"minecraft:damage_sensor": {
									"triggers": [
										{
											"on_damage": {},
											"cause": "all",
											"deals_damage": false
										}
									]
								},
								"minecraft:physics": {
									"has_collision": true,
									"has_gravity": true
								},
								"minecraft:projectile": {
									"destroy_on_hurt": false,
									"gravity": 0.05,
									"inertia": 0.99,
									"liquid_inertia": 0.56,
									"multiple_targets": false,
									"power": 3,
									"reflect_on_hurt": true,
									"semi_random_diff_damage": true,
									"should_bounce": true,
									"on_hit": {
										"arrow_effect": {},
										"impact_damage": {
											"damage": 8,
											"knockback": true,
											"destroy_on_hit": false
										},
										"stick_in_ground": {
											"shake_time": 1
										},
										"mob_effect": {
											"effect": "poison",
											"durationeasy": 60,
											"durationnormal": 60,
											"durationhard": 60,
											"amplifier": 1
										}
									}
								},
								"minecraft:environment_sensor": {
									"triggers": [
										{
											"filters": {
												"all_of": [
													{
														"test": "in_water",
														"subject": "self",
														"operator": "==",
														"value": true
													}
												]
											},
											"event": "start_despawn_timer_event"
										}
									]
								}
							},
							"events": {
								"despawn_spear_event": {
									"add": {
										"component_groups": [
											"despawn_spear"
										]
									}
								},
								"start_despawn_timer_event": {
									"add": {
										"component_groups": [
											"despawn_timer"
										]
									}
								}
							}
						},
						"key": "component_groups",
						"children": [
							{
								"key": "despawn_spear",
								"is_minified": true,
								"children": {
									"minecraft:instant_despawn": {}
								}
							},
							{
								"open": {
									"despawn_spear": {
										"minecraft:instant_despawn": {}
									},
									"despawn_timer": {
										"minecraft:timer": {
											"looping": false,
											"time": 15,
											"time_down_event": {
												"event": "despawn_spear_event"
											}
										}
									}
								},
								"key": "despawn_timer",
								"children": [
									{
										"open": {
											"minecraft:timer": {
												"looping": false,
												"time": 15,
												"time_down_event": {
													"event": "despawn_spear_event"
												}
											}
										},
										"key": "minecraft:timer",
										"is_minified": true,
										"children": {
											"looping": false,
											"time": 15,
											"time_down_event": {
												"event": "despawn_spear_event"
											}
										}
									}
								]
							}
						]
					},
					{
						"key": "components",
						"is_minified": true,
						"children": {
							"minecraft:type_family": {
								"family": [
									"spear"
								]
							},
							"minecraft:health": {
								"min": 1,
								"max": 1,
								"value": 1
							},
							"minecraft:collision_box": {
								"width": 0.2,
								"height": 0.2
							},
							"minecraft:damage_sensor": {
								"triggers": [
									{
										"on_damage": {},
										"cause": "all",
										"deals_damage": false
									}
								]
							},
							"minecraft:physics": {
								"has_collision": true,
								"has_gravity": true
							},
							"minecraft:projectile": {
								"destroy_on_hurt": false,
								"gravity": 0.05,
								"inertia": 0.99,
								"liquid_inertia": 0.56,
								"multiple_targets": false,
								"power": 3,
								"reflect_on_hurt": true,
								"semi_random_diff_damage": true,
								"should_bounce": true,
								"on_hit": {
									"arrow_effect": {},
									"impact_damage": {
										"damage": 8,
										"knockback": true,
										"destroy_on_hit": false
									},
									"stick_in_ground": {
										"shake_time": 1
									},
									"mob_effect": {
										"effect": "poison",
										"durationeasy": 60,
										"durationnormal": 60,
										"durationhard": 60,
										"amplifier": 1
									}
								}
							},
							"minecraft:environment_sensor": {
								"triggers": [
									{
										"filters": {
											"all_of": [
												{
													"test": "in_water",
													"subject": "self",
													"operator": "==",
													"value": true
												}
											]
										},
										"event": "start_despawn_timer_event"
									}
								]
							}
						}
					},
					{
						"key": "events",
						"is_minified": true,
						"children": {
							"despawn_spear_event": {
								"add": {
									"component_groups": [
										"despawn_spear"
									]
								}
							},
							"start_despawn_timer_event": {
								"add": {
									"component_groups": [
										"despawn_timer"
									]
								}
							}
						}
					}
				]
			},
			{
				"open": {
					"minecraft:entity": {
						"description": {
							"identifier": "aw:dark_spear_entity",
							"is_spawnable": false,
							"is_summonable": false,
							"is_experimental": false,
							"runtime_identifier": "minecraft:snowball"
						},
						"component_groups": {
							"despawn_spear": {
								"minecraft:instant_despawn": {}
							},
							"despawn_timer": {
								"minecraft:timer": {
									"looping": false,
									"time": 15,
									"time_down_event": {
										"event": "despawn_spear_event"
									}
								}
							}
						},
						"components": {
							"minecraft:type_family": {
								"family": [
									"spear"
								]
							},
							"minecraft:health": {
								"min": 1,
								"max": 1,
								"value": 1
							},
							"minecraft:collision_box": {
								"width": 0.2,
								"height": 0.2
							},
							"minecraft:damage_sensor": {
								"triggers": [
									{
										"on_damage": {},
										"cause": "all",
										"deals_damage": false
									}
								]
							},
							"minecraft:physics": {
								"has_collision": true,
								"has_gravity": true
							},
							"minecraft:projectile": {
								"destroy_on_hurt": false,
								"gravity": 0.05,
								"inertia": 0.99,
								"liquid_inertia": 0.56,
								"multiple_targets": false,
								"power": 3,
								"reflect_on_hurt": true,
								"semi_random_diff_damage": true,
								"should_bounce": true,
								"on_hit": {
									"arrow_effect": {},
									"impact_damage": {
										"damage": 8,
										"knockback": true,
										"destroy_on_hit": false
									},
									"stick_in_ground": {
										"shake_time": 1
									},
									"mob_effect": {
										"effect": "poison",
										"durationeasy": 60,
										"durationnormal": 60,
										"durationhard": 60,
										"amplifier": 1
									}
								}
							},
							"minecraft:environment_sensor": {
								"triggers": [
									{
										"filters": {
											"all_of": [
												{
													"test": "in_water",
													"subject": "self",
													"operator": "==",
													"value": true
												}
											]
										},
										"event": "start_despawn_timer_event"
									}
								]
							}
						},
						"events": {
							"despawn_spear_event": {
								"add": {
									"component_groups": [
										"despawn_spear"
									]
								}
							},
							"start_despawn_timer_event": {
								"add": {
									"component_groups": [
										"despawn_timer"
									]
								}
							}
						}
					},
					"format_version": "1.15.0"
				},
				"data": "1.15.0",
				"key": "format_version"
			}
		]
	}
}