{
	"format_version": "1.13.0",
	"minecraft:entity": {
		"description": {
			"identifier": "darkage:ice_golem_death",
			"is_spawnable": false,
			"is_summonable": true,
			"is_experimental": false,
			"scripts": {
				   "animate": [
				   "sound_death"
   
				   ]
			   },
			   "animations": {
				   "sound_death": "controller.animation.ice_golem.sound_death"
			   }
		   },
		"component_groups": {
			"minecraft:start_death": {
				"minecraft:interact": {
					"interactions": {
					  "on_interact": {
						"event": "minecraft:coming_death",
						"target": "self"
					  },
					  "use_item": false,
					  "interact_text": "action.interact.sword"
					}
				  },
				  "minecraft:timer": {
					"time": 5.00,
					"time_down_event": {
						"event": "minecraft:welcome_live"
					}
			      }
				},
			"minecraft:come_death": {
				"minecraft:is_shaking": {
				},
				"minecraft:is_illager_captain": {
				},
				"minecraft:timer": {
					"time": 2.75,
					"time_down_event": {
						"event": "minecraft:finish_death"
					}
				}
			},
			"minecraft:welcome_death": {
				"minecraft:loot": {
					"table": "loot_tables/entities/ice_golem.json"
				  },
             "minecraft:spawn_entity": [
               {
              "min_wait_time": 0,
              "max_wait_time": 0,
              "single_use": true,
              "spawn_entity": "minecraft:xp_orb",
              "num_to_spawn": 20
             }
           ],
				"minecraft:health": {
                 "value": 0,
                 "max": 0
               }
			},
			"minecraft:live_golem": {
				"minecraft:transformation": {
					  "into": "darkage:ice_golem",
					  "delay": 0
				}
			 }
		},
		"components": {
			"minecraft:damage_sensor": {
				"triggers": [
				 {
				  "on_damage": {},
				  "deals_damage": false
				 }
				]
			   },
			   "minecraft:scale": {
				"value": 1.5
			  },
			"minecraft:health": {
				"min": 1,
                "max": 1,
                "value": 1
			},
			"minecraft:collision_box": {
				"width": 1.4,
				"height": 2.9
			  },
			"minecraft:fire_immune": {
			},
			"minecraft:physics": {
			},
			"minecraft:pushable": {
				"is_pushable": true,
				"is_pushable_by_piston": true
			}
		},
		"events": {
			"minecraft:entity_transformed": {
				"add": {
					"component_groups": [
						"minecraft:start_death"
					]
				}
			},
			"minecraft:welcome_live": {
				"run_command": {
					"command": [
						"particle minecraft:huge_explosion_lab_misc_emitter ~ ~1 ~",
                        "playsound random.explode @a[r=20]"
					]
				},
				"add": {
					"component_groups": [
						"minecraft:live_golem"
					]
				}
			},
			"minecraft:coming_death": {
				"remove": {
					"component_groups": [
					  "minecraft:start_death"
					]
				  },
				"add": {
					"component_groups": [
						"minecraft:come_death"
					]
				}
			},
			"minecraft:finish_death": {
				"remove": {
					"component_groups": [
					  "minecraft:come_death"
					]
				  },
				"add": {
					"component_groups": [
						"minecraft:welcome_death"
					]
				}
			}
		}
	}
}
