{
  "format_version": "1.13.0",
  "minecraft:entity": {
    "description": {
      "identifier": "darkage:ice_golem",
      "is_spawnable": true,
      "is_summonable": true,
      "is_experimental": false,
         "scripts": {
				"animate": [
					"attack",
          "cast",
          "slowness_attack",
          "inmune_slowness",
          "ice_walk",
          "armor"
				]
			},
			"animations": {
				"attack": "controller.animation.ice_golem.attack",
        "cast": "controller.animation.ice_golem.summon",
        "slowness_attack": "controller.animation.ice_golem.slowness_attack",
        "inmune_slowness": "controller.animation.ice_golem.inmune_slowness",
        "ice_walk": "controller.animation.ice_golem.ice_walk",
        "armor": "controller.animation.armor.defense"
			}
		},
    "component_groups": {
      "minecraft:ice_golem_spawn": {
        "minecraft:is_illager_captain": {
        },
        "minecraft:damage_sensor": {
          "triggers": [
              {
              "cause": "block_explosion",
              "deals_damage": false
              },
              {
                "cause": "entity_explosion",
                "deals_damage": false
                },
                {
                  "on_damage": { 
                  "event": "minecraft:ice_golem_welcome"
                        },
                     "deals_damage": false
                                     }
            ]
        }
      },
      "minecraft:ice_golem_roar": {
        "minecraft:attack": {
               "damage": 10
               },
               "minecraft:behavior.knockback_roar": {
                "priority": 1,
                "duration": 1.0,
                "attack_time": 0.5,
                "knockback_damage": 8,
                "knockback_strength": 6,
                "knockback_range": 6,
                "knockback_filters": {
                  "test": "is_family",
                  "subject": "other",
                  "operator": "!=",
                  "value": "ice_golem"
                },
                "damage_filters": {
                  "test": "is_family",
                  "subject": "other",
                  "operator": "!=",
                  "value": "ice_golem"
                },
                "on_roar_end": {
                  "event": "minecraft:ice_golem_kick_roar"
                },
                "cooldown_time": 0.01
              }
        },
    "minecraft:ice_golem_attack1": {
    "minecraft:attack": {
           "damage": 10,
           "effect_name": "slowness",
           "effect_duration": 10
           },
        "minecraft:behavior.delayed_attack": {
          "priority": 2,
          "reach_multiplier": 2.0,
          "speed_multiplier": 1.0,
          "attack_duration": 1.64,
          "hit_delay_pct": 1.24,
          "track_target": true
        },
        "minecraft:mark_variant": {
          "value": 1
        }
    },
    "minecraft:ice_golem_attack2": {
      "minecraft:attack": {
             "damage": 10,
             "effect_name": "slowness",
             "effect_duration": 10
             },
          "minecraft:behavior.delayed_attack": {
            "priority": 2,
            "reach_multiplier": 2.0,
            "speed_multiplier": 1.0,
            "attack_duration": 1.52,
            "hit_delay_pct": 1.22,
            "track_target": true
          },
          "minecraft:mark_variant": {
            "value": 2
          }
      },
      "minecraft:ice_golem_attack3": {
        "minecraft:attack": {
               "damage": 20
               },
            "minecraft:behavior.delayed_attack": {
              "priority": 2,
              "reach_multiplier": 4.0,
              "speed_multiplier": 1.0,
              "attack_duration": 3.96,
              "hit_delay_pct": 2.26,
              "track_target": true
            },
            "minecraft:mark_variant": {
              "value": 3
            }
        },
        "minecraft:ice_golem_explosion": {
          "minecraft:timer": {
            "time": 1.18,
            "time_down_event": {
              "event": "minecraft:ice_golem_explosion_event"
                }
            },
            "minecraft:mark_variant": {
              "value": 4
            }
        },
        "minecraft:ice_golem_summon": {
          "minecraft:behavior.summon_entity": {
            "priority": 1,
            "summon_choices": [
                  {
                    "min_activation_range": 0.0,
                "max_activation_range": 10,
                "cooldown_time": 3.0,
                "weight": 6,
                "cast_duration": 1.88,
                "sequence": [
                  {
                    "shape": "circle",
                    "target": "self",
                    "base_delay": 0.0,
                    "num_entities_spawned": 2,
                    "entity_type": "darkage:ice_minigolem",
                    "size": 1.5,
                    "entity_lifespan": 100.0
                  },
                  {
                    "shape": "circle",
                    "target": "self",
                    "base_delay": 0.0,
                    "num_entities_spawned": 2,
                    "entity_type": "darkage:shooter_ice_golem",
                    "size": 2.5,
                    "entity_lifespan": 100.0
                  }
                ]
              },
              {
                    "min_activation_range": 0.0,
                "max_activation_range": 10,
                "cooldown_time": 3.0,
                "weight": 2,
                "cast_duration": 1.88,
                "sequence": [
                  {
                    "shape": "circle",
                    "target": "self",
                    "base_delay": 0.0,
                    "num_entities_spawned": 4,
                    "entity_type": "darkage:ice_minigolem",
                    "size": 1.5,
                    "entity_lifespan": 100.0
                  }
                ]
              },
                  {
                    "min_activation_range": 0.0,
                "max_activation_range": 10,
                "cooldown_time": 3.0,
                "weight": 2,
                "cast_duration": 1.88,
                "sequence": [
                  {
                    "shape": "circle",
                    "target": "self",
                    "base_delay": 0.0,
                    "num_entities_spawned": 4,
                    "entity_type": "darkage:shooter_ice_golem",
                    "size": 2.5,
                    "entity_lifespan": 100.0
                  }
                ]
               }
            ]
          }
        },
        "minecraft:death": {
          "minecraft:transformation": {
                "into": "darkage:ice_golem_death",
                "delay": 0
          }
       },
       "minecraft:ice_golem_start": {
        "minecraft:damage_sensor": {
          "triggers": [
              {
              "cause": "block_explosion",
              "deals_damage": false
              },
              {
                "cause": "entity_explosion",
                "deals_damage": false
                },
                {
                "cause": "freezing",
                "deals_damage": false
                },
                {
                "on_damage": { 
                  "filters": { 
                    "with_damage_fatal": true
                },
                 "event": "minecraft:death_event"
                },
                 "deals_damage": false
               }
            ]
        },
        "minecraft:movement": {
          "value": 0.26
        },
        "minecraft:movement.basic": {
  
        },
              "minecraft:navigation.walk": {
        "can_path_over_water": true,
          "can_float": true,
          "avoid_water": false,
          "avoid_damage_blocks": false
        },
        "minecraft:can_climb": {
        },
        "minecraft:jump.static": {
        },
        "minecraft:behavior.float": {
                  "priority": 20
              },         
        "minecraft:behavior.nearest_attackable_target": {
          "priority": 2,
          "scan_interval": 20,
          "within_radius": 40.0,
          "reselect_targets": true,
          "entity_types": [
            {
              "filters": {
                "any_of": [
                  { "test": "is_family", "subject": "other", "value": "player" },
                  { "test": "is_family", "subject": "other", "value": "snowgolem" },
                  { "test": "is_family", "subject": "other", "value": "irongolem" },
                  { "test": "is_family", "subject": "other", "value": "nagars" },
                  { "test": "is_family", "subject": "other", "value": "mercenary" },
                  { "test": "is_family", "subject": "other", "value": "codrus" },
                  { "test": "is_family", "subject": "other", "value": "unbound_elemental" },
                  { "test": "is_family", "subject": "other", "value": "panda" }
                ]
              },
              "max_dist": 40
            },
            {
              "filters": {
                "any_of": [
                  { "test": "is_family", "subject": "other", "value": "villager" },
                  { "test": "is_family", "subject": "other", "value": "wandering_trader" }
                ]
              },
              "max_dist": 40,
              "must_see": false
            },
            {
              "filters": {
                "all_of": [
                  { "test": "is_family", "subject": "other", "value": "baby_turtle" },
                  { "test": "in_water", "subject": "other", "operator": "!=", "value": true }
                ]
              },
              "max_dist": 40
            }
          ],
          "must_see": true,
          "must_see_forget_duration": 0.5
        },
        "minecraft:behavior.look_at_player": {
          "priority": 9,
          "look_distance": 6.0,
          "probability": 7.0
        },
        "minecraft:follow_range": {
          "value": 40,
          "max": 40
        },
        "minecraft:behavior.random_look_around": {
          "priority": 7
        },
        "minecraft:behavior.look_at_entity": {
          "priority": 9,
          "look_distance": 6.0,
          "probability": 7.0,
          "filters": { "test" :  "is_family", "subject" : "other", "value" :  "mob"}
        },
        "minecraft:behavior.random_stroll": {
          "priority": 6,
          "speed_multiplier": 0.7
        }
     }
  },
    "components": {
      "minecraft:experience_reward": {
        "on_death": "query.last_hit_by_player ? 5 + (query.equipment_count * Math.Random(1,2)) : 0"
      },
      "minecraft:type_family": {
        "family": [ "ice_golem", "monster", "undead" ]
      },
      "minecraft:scale": {
        "value": 1.5
      },
      "minecraft:health": {
        "value": 400,
        "max": 400
      },
      "minecraft:collision_box": {
        "width": 1.5,
        "height": 2.9
      },
      "minecraft:knockback_resistance": {
        "value": 1.0
      },
      "minecraft:behavior.hurt_by_target": {
        "priority": 1,
        "alert_same_type": true,
        "entity_types": {
          "filters": {
            "any_of": [
            {"test": "is_family",
            "subject": "other",
            "operator": "!=",
            "value": "ice_golem"}
            ]
          },
          "max_dist": 64
        }
      },
      "minecraft:physics": {
      },
      "minecraft:pushable": {
                "is_pushable": false,
                "is_pushable_by_piston": true
              }
           },
           
       "events": {
        "minecraft:death_event": {
          "run_command": {
            "command": [
              "kill @e[type=darkage:ice_minigolem,r=40]",
              "kill @e[type=darkage:shooter_ice_golem,r=40]"
            ]
          },
          "add": { 
            "component_groups": [ 
              "minecraft:death" 
            ]
          }
        },
       "minecraft:entity_spawned": {
        "randomize": [
          {
            "weight": 280,
            "remove": {},
            "add": {
              "component_groups": [
                "minecraft:ice_golem_spawn"
              ]
            }
          }
        ]
      },
      "minecraft:ice_golem_explosion_event": {
        "remove": {
          "component_groups": [
            "minecraft:ice_golem_explosion"
          ]
        },
        "add": {
          "component_groups": [
            "minecraft:ice_golem_attack1"
          ]
        },
        "run_command": {
          "command": [
         "summon darkage:ice_proyectil"
      ]
    }
  },
      "minecraft:entity_transformed": {
				"add": {
					"component_groups": [
						"minecraft:ice_golem_attack1",
            "minecraft:ice_golem_start",
            "minecraft:ice_golem_roar"
					]
				}
			},
      "minecraft:ice_golem_kick_roar": {
        "remove": {
          "component_groups": [
            "minecraft:ice_golem_roar"
          ]
        },
        "add": {
          "component_groups": [
            "minecraft:ice_golem_attack1"
             ]
           }
      },
      "minecraft:ice_golem_welcome": {
        "remove": {
          "component_groups": [
            "minecraft:ice_golem_spawn"
          ]
        },
        "add": {
          "component_groups": [
            "minecraft:ice_golem_attack1",
            "minecraft:ice_golem_start",
            "minecraft:ice_golem_roar"
             ]
           }
      },
       "minecraft:ice_golem_attacks": {
        "randomize": [
          {
            "weight": 60,
            "remove": {
            "component_groups": [
           "minecraft:ice_golem_attack3",
           "minecraft:ice_golem_attack2",
           "minecraft:ice_golem_summon",
           "minecraft:ice_golem_explosion"
              ]
            },
            "add": {
              "component_groups": [
             "minecraft:ice_golem_attack1"
              ]
            }
          },
          {
            "weight": 60,
            "remove": {
            "component_groups": [
           "minecraft:ice_golem_attack3",
           "minecraft:ice_golem_attack1",
           "minecraft:ice_golem_summon",
           "minecraft:ice_golem_explosion"
              ]
            },
            "add": {
              "component_groups": [
             "minecraft:ice_golem_attack2"
              ]
            }
          },
          {
            "weight": 60,
            "remove": {
            "component_groups": [
           "minecraft:ice_golem_attack3",
           "minecraft:ice_golem_attack1",
           "minecraft:ice_golem_summon",
           "minecraft:ice_golem_explosion"
              ]
            },
            "add": {
              "component_groups": [
             "minecraft:ice_golem_attack3"
              ]
            }
          },
          {
            "weight": 40,
            "remove": {
            "component_groups": [
           "minecraft:ice_golem_attack3",
           "minecraft:ice_golem_attack1",
           "minecraft:ice_golem_attack2",
           "minecraft:ice_golem_explosion"
              ]
            },
            "add": {
              "component_groups": [
             "minecraft:ice_golem_summon"
              ]
            }
          },
          {
            "weight": 40,
            "remove": {
            "component_groups": [
           "minecraft:ice_golem_attack3",
           "minecraft:ice_golem_attack1",
           "minecraft:ice_golem_attack2",
           "minecraft:ice_golem_summon"
              ]
            },
            "add": {
              "component_groups": [
             "minecraft:ice_golem_explosion"
              ]
            }
          }
        ]
      }
      
    }
  }
}
