{
  "format_version": "1.13.0",
 "minecraft:entity": {
  "description": {
    "identifier": "darkage:ice_proyectil",
    "is_spawnable": false,
    "is_summonable": true,
    "is_experimental": false
  },
  "component_groups": {
   "minecraft:exploding": {
    "minecraft:explode": {
     "fuse_length": 0,
     "fuse_lit": true,
     "power": 10,
     "destroy_affected_by_griefing": true
    }
   }
  },

  "components": {
   "minecraft:collision_box": {
    "width": 0.31,
    "height": 0.31
   },
  "minecraft:damage_sensor": {
    "triggers": [
             {
              "cause": "block_explosion",
              "deals_damage": false
              },
              {
                "cause": "entity_explosion",
                "deals_damage": false
                },
                {
                  "cause": "fall",
                  "deals_damage": false
                  },
                  {
                    "cause": "attack",
                    "deals_damage": false
                    },
                    {
                      "cause": "projectile",
                      "deals_damage": false
                      }
            ]
   },
   "minecraft:projectile": {
    
    "on_hit": {
     "definition_event": {
      "affect_projectile": false,
      "event_trigger": {
            "event": "minecraft:explode",
            "target": "self"
      }
     }
    },
    "power": 1.6,
    "gravity": 0.00,
    "inertia": 1,
    "liquid_inertia": 1,
    "uncertainty_base": 0,
    "uncertainty_multiplier": 0,
    "anchor": 1,
    "offset": [ 0, -0.1, 0 ],
    "reflect_on_hurt": true,
    "catch_fire": false
   },
   "minecraft:physics": {
   },
   "minecraft:pushable": {
    "is_pushable": true,
    "is_pushable_by_piston": true
   }
  },
  "events": {
   "minecraft:explode": {
    "add": {
     "component_groups": [
      "minecraft:exploding"
          ]
        },
    "run_command": {
      "command": [
          "fill ~10 ~0 ~10 ~-10 ~-10 ~-10 ice 0 replace water",
          "fill ~10 ~0 ~10 ~-10 ~-10 ~-10 snow 0 replace grass",
          "fill ~10 ~0 ~10 ~-10 ~-10 ~-10 snow 0 replace grass_path",
          "fill ~10 ~0 ~10 ~-10 ~-10 ~-10 snow 0 replace dirt",
          "fill ~10 ~0 ~10 ~-10 ~-10 ~-10 ice 0 replace flowing_water",
          "fill ~10 ~0 ~10 ~-10 ~-10 ~-10 snow 0 replace stone"
          ]
        }
      }
    }
  }
}
