{
  "format_version": "1.13.0",
  "minecraft:entity": {
    "description": {
      "identifier": "darkage:projectile_ice_golem",
      "is_spawnable": false,
      "is_summonable": true,
      "is_experimental": false,
      "scripts": {
				"animate": [
          "sound",
					"bay",
          "effect"
				]
			},
			"animations": {
        "sound": "controller.animation.ice_golem.sound_pro",
          "bay": "controller.animation.ice_golem.bay",
          "effect": "controller.animation.ice_golem.effect_pro"
			}
    },
    "component_groups": {
      "minecraft:bay": { 
        "minecraft:despawn": { 
                   }
           }
    },
    "components": {
      "minecraft:collision_box": {
        "width": 0.25,
        "height": 0.25
      },
      "minecraft:hurt_on_condition": {
        "damage_conditions": [
          {
            "filters": { "test": "in_lava", "subject": "self", "operator": "==", "value": true },
            "cause": "lava",
            "damage_per_tick": 4
          }
        ]
      },
      "minecraft:damage_sensor": {
        "triggers": [
                 {
                  "cause": "block_explosion",
                  "deals_damage": false
                  },
                  {
                    "cause": "entity_explosion",
                    "deals_damage": false
                    },
                    {
                      "cause": "fall",
                      "deals_damage": false
                      },
                      {
                        "cause": "attack",
                        "deals_damage": false
                        },
                        {
                          "cause": "projectile",
                          "deals_damage": false
                          }
                ]
       },
      "minecraft:projectile": {
        "on_hit": {
          "impact_damage": {
            "damage": [ 4, 6 ],
            "knockback": true,
            "semi_random_diff_damage": true,
            "destroy_on_hit": true
          },
          "stick_in_ground": {
            "shake_time" : 0.35
          },
          "arrow_effect": {
          }
        },
        "power": 1.6,
        "gravity": 0.05,
        "uncertainty_base": 16,
        "uncertainty_multiplier": 4,
        "anchor": 1,
        "should_bounce": true,
        "offset": [ 0, -0.1, 0 ]
      },
	    "minecraft:physics": {
      },
      "minecraft:pushable": {
        "is_pushable": true,
        "is_pushable_by_piston": true
      }
    },
    "events": {
       "bay": {
        "add": {
          "component_groups": [
            "minecraft:bay"
           ]
         }
       }
    }
  }
}
