{
  "format_version": "1.13.0",
  "minecraft:entity": {
    "description": {
      "identifier": "darkage:shooter_ice_golem",
      "is_spawnable": false,
      "is_summonable": true,
      "is_experimental": false
		},
    "component_groups": {
    },
    "components": {
      "minecraft:is_baby": {
      },
      "minecraft:follow_range": {
        "value": 40,
        "max": 40
      },
      "minecraft:behavior.follow_parent": {
        "priority": 4,
        "speed_multiplier": 1.0
        },
      "minecraft:experience_reward": {
        "on_death": "query.last_hit_by_player ? 5 + (query.equipment_count * Math.Random(1,3)) : 0"
      },
      "minecraft:type_family": {
        "family": [ "ice_golem", "monster", "mob" ]
      },
      "minecraft:health": {
        "value": 10,
        "max": 10
      },
      "minecraft:can_fly": {
                },
      "minecraft:behavior.float_wander": {
        "priority": 2,
        "must_reach": true
      },
      "minecraft:navigation.float": {
        "can_path_over_water": true
      },
      "minecraft:collision_box": {
        "width": 1.0,
        "height": 1.0
      },
      "minecraft:movement": {
        "value": 0.03
      },
      "minecraft:damage_sensor": {
        "triggers": [
          {
          "cause": "fall",
          "deals_damage": false
          },
          {
            "cause": "freezing",
            "deals_damage": false
          }
        ]
      },
      "minecraft:movement.basic": {

      },
      "minecraft:shooter": {
        "type": "darkage:projectile_ice_golem",
        "def": "darkage:projectile_ice_golem"
      },
      "minecraft:behavior.ranged_attack": {
        "priority": 1,
        "attack_radius": 64,
        "charge_shoot_trigger": 1,
        "charge_charged_trigger": 1
      },
      "minecraft:jump.static": {
      },
      "minecraft:can_climb": {
      },
      "minecraft:fire_immune": {
      },
      "minecraft:despawn": {
        "despawn_from_distance": {}
      },
      "minecraft:behavior.float": {
        "priority": 0
      },
      "minecraft:behavior.nearest_attackable_target": {
        "priority": 2,
        "scan_interval": 20,
        "within_radius": 40.0,
        "reselect_targets": true,
        "entity_types": [
          {
            "filters": {
              "any_of": [
                { "test": "is_family", "subject": "other", "value": "player" },
                { "test": "is_family", "subject": "other", "value": "snowgolem" },
                { "test": "is_family", "subject": "other", "value": "irongolem" },
                { "test": "is_family", "subject": "other", "value": "nagars" },
                { "test": "is_family", "subject": "other", "value": "mercenary" },
                { "test": "is_family", "subject": "other", "value": "codrus" },
                { "test": "is_family", "subject": "other", "value": "unbound_elemental" },
                { "test": "is_family", "subject": "other", "value": "panda" }
              ]
            },
            "max_dist": 40
          },
          {
            "filters": {
              "any_of": [
                { "test": "is_family", "subject": "other", "value": "villager" },
                { "test": "is_family", "subject": "other", "value": "wandering_trader" }
              ]
            },
            "max_dist": 40,
            "must_see": false
          },
          {
            "filters": {
              "all_of": [
                { "test": "is_family", "subject": "other", "value": "baby_turtle" },
                { "test": "in_water", "subject": "other", "operator": "!=", "value": true }
              ]
            },
            "max_dist": 40
          }
        ],
        "must_see": true,
        "must_see_forget_duration": 0.5
      },
      "minecraft:behavior.look_at_player": {
        "priority": 9,
        "look_distance": 6.0,
        "probability": 0.02
      },
      "minecraft:behavior.look_at_entity": {
        "priority": 9,
        "look_distance": 6.0,
        "probability": 0.02,
        "filters": { "test" :  "is_family", "subject" : "other", "value" :  "mob"}
      },
      "minecraft:behavior.hurt_by_target": {
        "priority": 1
      },
      "minecraft:physics": {
        "has_gravity": false,
        "has_collision": true
      }
    },
    
    
    "events": {
    }
  }
}