{
  "format_version": "1.16.0",
  "minecraft:entity": {
    "description": {
      "identifier": "wesl3y:ice_long",
      "is_spawnable": false,
      "is_summonable": true,
      "is_experimental": false,
      "runtime_identifier": "minecraft:snowball"
    },
	"component_groups": {
	  "wesl3y:despawn": {
        "minecraft:instant_despawn": {}
      },
	  "wesl3y:ice_dragon": {
	    "minecraft:variant": {
	      "value": 6
	    },
        "minecraft:type_family": {
          "family": [ "ice_dragon", "ice", "projectile", "attack" ]
        },
        "minecraft:transformation": {
          "into": "wesl3y:despawn",
          "delay": 1.5
        },
        "minecraft:scale": {
          "value": 2.0
        },
        "minecraft:projectile": {
          "on_hit": {
            "impact_damage": {
              "damage": 5,
              "destroy_on_hit": false
            },
            "definition_event": {}
          },
          "power": 0.65,
          "gravity": 0.004,
          "angle_offset": 0.0,
          "inertia": 1,
		  "uncertaintyBase": 0,
          "liquid_inertia": 1,
          "catch_fire": false,
          "offset": [0, 1, 0]
        }
	  }
	},
    "components": {
      "minecraft:transformation": {
        "into": "wesl3y:despawn",
        "delay": 5.0
      },
      "minecraft:despawn": {
        "filters": {
          "any_of": [
            { "test": "distance_to_nearest_player", "operator": ">", "value": 32}
          ]
        }
      },
      "minecraft:damage_sensor": {
        "triggers":[
          {
            "cause": "all",
            "deals_damage": false
          }
        ]
      },
      "minecraft:timer": {
        "time": 0.15,
        "looping": true,
        "time_down_event": {
          "event": "wesl3y:command"
        }
      },
      "minecraft:physics": {},
      "minecraft:pushable": {
        "is_pushable": false,
        "is_pushable_by_piston": true
      },
      "minecraft:conditional_bandwidth_optimization": {
        "default_values": {
          "max_optimized_distance": 80,
          "max_dropped_ticks": 10,
          "use_motion_prediction_hints": true
        }
      }
    },
	
	"events": {
	  "wesl3y:entity_spawned": {
        "sequence": [
          {
            "filters": {
              "test": "has_tag",
              "subject": "other",
              "value": "ice_dragon"
            },
            "add": {
              "component_groups": [
                "wesl3y:ice_dragon"
              ]
            },
            "run_command": {
              "command": [
                "scoreboard players set @s skills 0"
              ]
            }
          }
	    ]
	  },
      "wesl3y:command": {
        "sequence": [
          {
            "run_command": {
              "command": [
                "scoreboard players add @s skills 1",
                "event entity @s[scores={skills=9}] wesl3y:explode",
                "event entity @s[scores={skills=10..}] wesl3y:despawn"
              ]
            }
          },
          {
            "filters": {
              "test": "is_family",
              "value": "ice_dragon"
            },
            "run_command": {
              "command": [
                "summon wesl3y:ice_short ~~~ ~ ~ wesl3y:ice_dragon",
                "fill ~2~2~2 ~-2~-2~-2 air [] replace fire",
                "fill ~2~2~2 ~-2~-2~-2 wesl3y:ice_block [\"wesl3y:block\": 0] replace grass",
                "fill ~2~2~2 ~-2~-2~-2 wesl3y:ice_block [\"wesl3y:block\": 1] replace stone",
                "fill ~2~2~2 ~-2~-2~-2 wesl3y:ice_block [\"wesl3y:block\": 1] replace cobblestone",
                "fill ~2~2~2 ~-2~-2~-2 wesl3y:ice_block [\"wesl3y:block\": 2] replace sand",
                "fill ~2~2~2 ~-2~-2~-2 wesl3y:ice_block [\"wesl3y:block\": 3] replace planks"
              ]
            }
          }
        ]
      },
      "wesl3y:explode": {
        "sequence": [
          {
            "filters": {
              "test": "is_family",
              "value": "ice_dragon"
            },
            "run_command": {
              "command": [
                "particle wesl3y:ice_dragon_explosion"
              ]
            }
          }
        ]
      },
	  "wesl3y:despawn": {
	    "add": {
	      "component_groups": [
	        "wesl3y:despawn"
	      ]
	    }
	  }
	}
  }
}