{
	"format_version": "1.19.0",
	"minecraft:entity": {
		"description": {
			"identifier": "zk:dash",
			"is_spawnable": false,
			"is_summonable": true,
			"is_experimental": false
		},
		"component_groups": {
			"despawn": {
				"minecraft:instant_despawn": {}
			}
		},
		"components": {
			"minecraft:collision_box": {
				"height": 0,
				"width": 0
			},
			"minecraft:physics": {
				"has_gravity": false,
				"has_collision": false
			},
			"minecraft:behavior.knockback_roar": {
				"priority": 0,
				"attack_time": 0.1,
				"duration": 0.1,
				"knockback_damage": 0,
				"knockback_range": 2,
				"on_roar_end": {
					"event": "zk:despawn"
				},
				"knockback_height_cap": 2,
				"knockback_horizontal_strength": 8,
				"knockback_vertical_strength": 2,
				"knockback_filters": {
					"all_of": [
						{
							"operator": "==",
							"test": "has_tag",
							"subject": "other",
							"value": "dash"
						}
					]
				}
			},
			"minecraft:damage_sensor": {
				"triggers": [
					{
						"cause": "all",
						"deals_damage": false
					}
				]
			}
		},
		"events": {
			"zk:despawn": {
				"sequence": [
					{
						"add": {
							"component_groups": [
								"despawn"
							]
						}
					},
					{
						"run_command": {
							"command": [
								"tag @e[tag=dash] remove dash"
							]
						}
					}
				]
			}
		}
	}
}