{
	"format_version": "1.18.0",
	"minecraft:entity": {
		"description": {
			"identifier": "zk:shadowbombr",
			"is_spawnable": false,
			"is_summonable": true,
			"is_experimental": false,
			"runtime_identifier": "minecraft:snowball"
		},
		"component_groups": {
			"despawn": {
				"minecraft:instant_despawn": {}
			},
			"explode": {
				"minecraft:explode": {
					"fuse_lit": true,
					"power": 3,
					"breaks_blocks": false
				}
			}
		},
		"components": {
			"minecraft:projectile": {
				"on_hit": {
					"impact_damage": {
						"damage": 9,
						"destroy_on_hit": false,
						"semi_random_diff_damage": false,
						"max_critical_damage": 15,
						"min_critical_damage": 13
					},
					"stick_in_ground": {
						"shake_time": 0.2
					},
					"mob_effect": {
						"effect": "blindness",
						"duration": 2,
						"amplifier": 2,
						"visible": false
					},
					"definition_event": {
						"event_trigger": {
							"event": "onhit"
						}
					}
				},
				"power": 1,
				"gravity": 0,
				"liquid_inertia": 1.3,
				"destroy_on_hurt": false,
				"semi_random_diff_damage": false,
				"offset": [
					-1,
					0,
					-1
				]
			},
			"minecraft:physics": {
				"has_gravity": false,
				"has_collision": false
			},
			"minecraft:timer": {
				"time": 1.9,
				"time_down_event": {
					"event": "onhit"
				}
			},
			"minecraft:damage_sensor": {
				"triggers": [
					{
						"cause": "all",
						"deals_damage": false
					}
				]
			}
		},
		"events": {
			"onhit": {
				"sequence": [
					{
						"run_command": {
							"command": [
								"particle zk:shadowbomb",
								"effect @e[tag=!shadow,tag=!ally,r=7] slowness 5 2 true",
								"effect @e[tag=!shadow,tag=!ally,r=7] blindness 5 1 true",
								"effect @e[tag=shadow,tag=ally,r=7] resistance 1 255 true"
							]
						}
					},
					{
						"add": {
							"component_groups": [
								"despawn",
								"explode"
							]
						}
					}
				]
			}
		}
	}
}