{
	"format_version": "1.18.0",
	"minecraft:entity": {
		"description": {
			"identifier": "zk:shadowshot",
			"is_spawnable": false,
			"is_summonable": true,
			"is_experimental": false,
			"runtime_identifier": "minecraft:snowball"
		},
		"component_groups": {
			"despawn": {
				"minecraft:instant_despawn": {}
			}
		},
		"components": {
			"minecraft:projectile": {
				"on_hit": {
					"impact_damage": {
						"damage": 4,
						"destroy_on_hit": false,
						"semi_random_diff_damage": false,
						"max_critical_damage": 12,
						"min_critical_damage": 9
					},
					"stick_in_ground": {
						"shake_time": 0.2
					},
					"mob_effect": {
						"effect": "blindness",
						"duration": 2,
						"amplifier": 2,
						"visible": false
					},
					"definition_event": {
						"event_trigger": {
							"event": "onhit"
						}
					}
				},
				"power": 1.3,
				"gravity": 0,
				"liquid_inertia": 1.3,
				"destroy_on_hurt": false,
				"semi_random_diff_damage": false
			},
			"minecraft:physics": {
				"has_gravity": false,
				"has_collision": false
			},
			"minecraft:scale": {
				"value": 1.5
			},
			"minecraft:timer": {
				"time": 5,
				"time_down_event": {
					"event": "despawn"
				}
			},
			"minecraft:damage_sensor": {
				"triggers": [
					{
						"cause": "all",
						"deals_damage": false
					}
				]
			}
		},
		"events": {
			"despawn": {
				"sequence": [
					{
						"add": {
							"component_groups": [
								"despawn"
							]
						}
					}
				]
			},
			"onhit": {
				"sequence": [
					{
						"run_command": {
							"command": [
								"tp @s @r[tag=!ally,tag=!shadow,type=!zk:shadowshot,type=!zk:shadowrage,type=!xp_orb,type=!item,type=!arrow,type=!thrown_trident,r=5]"
							]
						}
					}
				]
			}
		}
	}
}