{
	"format_version": "1.16.0",
	"minecraft:entity": {
		"description": {
			"identifier": "aw:legendary_emerald_spear_entity",
			"is_spawnable": false,
			"is_summonable": false,
			"is_experimental": false,
			"runtime_identifier": "minecraft:arrow"
		},
		"component_groups": {
			"transform_spear": {
				"minecraft:transformation": {
					"into": "aw:legendary_emerald_spear_return",
					"keep_owner": true
				}
			}
		},
		"components": {
			"minecraft:type_family": {
				"family": [
					"spear"
				]
			},
			"minecraft:health": {
				"min": 1,
				"max": 1,
				"value": 1
			},
			"minecraft:collision_box": {
				"width": 0.2,
				"height": 0.2
			},
			"minecraft:damage_sensor": {
				"triggers": [
					{
						"on_damage": {},
						"cause": "all",
						"deals_damage": false
					}
				]
			},
			"minecraft:physics": {
				"has_collision": true,
				"has_gravity": true
			},
			"minecraft:projectile": {
				"destroy_on_hurt": false,
				"gravity": 0.05,
				"inertia": 0.99,
				"liquid_inertia": 0.56,
				"multiple_targets": false,
				"power": 3,
				"reflect_on_hurt": true,
				"semi_random_diff_damage": true,
				"should_bounce": true,
				"on_hit": {
					"arrow_effect": {},
					"impact_damage": {
						"damage": 8,
						"knockback": true,
						"destroy_on_hit": false
					},
					"stick_in_ground": {
						"shake_time": 1
					},
					"mob_effect": {
						"effect": "poison",
						"duration": 80,
						"durationeasy": 60,
						"durationnormal": 80,
						"durationhard": 100,
						"amplifier": 2,
						"visible": false
					},
					"definition_event": {
						"event_trigger": {
							"event": "transform_to_tamed_entity_event"
						}
					}
				}
			}
		},
		"events": {
			"transform_to_tamed_entity_event": {
				"add": {
					"component_groups": [
						"transform_spear"
					]
				}
			}
		}
	}
}