{
	"format_version": "1.16.0",
	"minecraft:entity": {
		"description": {
			"identifier": "aw:legendary_emerald_spear_return",
			"is_spawnable": false,
			"is_summonable": false,
			"is_experimental": false
		},
		"component_groups": {
			"despawn_spear": {
				"minecraft:instant_despawn": {}
			},
			"drop_loot": {
				"minecraft:spawn_entity":  {
					"entities": [
						{
							"num_to_spawn": 1,
							"min_wait_time": 0,
							"max_wait_time": 0,
							"single_use": true,
							"spawn_item": "aw:legendary_emerald_spear"
						}
					]
				}
			}
		},
		"components": {
			"minecraft:type_family": {
				"family": [
					"spear_tamed"
				]
			},
			"minecraft:health": {
				"min": 1,
				"max": 1,
				"value": 1
			},
			"minecraft:collision_box": {
				"width": 0.2,
				"height": 0.2
			},
			"minecraft:damage_sensor": {
				"triggers": [
					{
						"on_damage": {},
						"cause": "all",
						"deals_damage": false
					}
				]
			},
			"minecraft:physics": {
			},
			"minecraft:entity_sensor": {
				"sensor_range": 1,
				"minimum_count": 1,
				"maximum_count": 1,
				"require_all": false,
				"relative_range": false,
				"event_filters": {
					"test": "is_family",
					"subject": "other",
					"value": "player"
				},
				"event": "on_player_detected_event"
			},
            "minecraft:behavior.follow_owner": {
                "priority": 3,
                "speed_multiplier": 1.5,
                "start_distance": 4,
                "stop_distance": 0
            },
            "minecraft:jump.static": {},
			"minecraft:can_climb": {},
			"minecraft:movement.basic": {},
            "minecraft:movement": { "value": 0.35 },
            "minecraft:navigation.walk": {
				"can_walk": true,
				"avoid_sun": true,
				"can_pass_doors": true,
				"can_open_doors": true
			},
            "minecraft:is_tamed": {}
		},
		"events": {
			"despawn_spear_event": {
				"add": {
					"component_groups": [
						"despawn_spear"
					]
				}
			},
			"on_player_detected_event": {
				"add": {
					"component_groups": [
						"drop_loot",
						"despawn_spear"
					]
				}
			}
		}
	}
}