{
	"format_version": "1.16.0",
	"minecraft:entity": {
		"description": {
			"identifier": "aw:lightning_spear_entity",
			"is_spawnable": false,
			"is_summonable": false,
			"is_experimental": false,
			"runtime_identifier": "minecraft:snowball"
		},
		"component_groups": {
			"despawn_spear": {
				"minecraft:instant_despawn": {}
			},
			"drop_loot": {
				"minecraft:spawn_entity":  {
					"entities": [
						{
							"num_to_spawn": 1,
							"min_wait_time": 0,
							"max_wait_time": 0,
							"single_use": true,
							"spawn_item": "aw:lightning_spear"
						}
					]
				}
			},
			"despawn_timer": {
				"minecraft:timer": {
					"looping": false,
					"time": 15,
					"time_down_event": {
						"event": "despawn_spear_event"
					}
				}
			}
		},
		"components": {
			"minecraft:type_family": {
				"family": [
					"spear"
				]
			},
			"minecraft:health": {
				"min": 1,
				"max": 1,
				"value": 1
			},
			"minecraft:collision_box": {
				"width": 0.2,
				"height": 0.2
			},
			"minecraft:damage_sensor": {
				"triggers": [
					{
						"on_damage": {},
						"cause": "all",
						"deals_damage": false
					}
				]
			},
			"minecraft:physics": {
				"has_collision": true,
				"has_gravity": true
			},
			"minecraft:projectile": {
				"destroy_on_hurt": false,
				"gravity": 0.05,
				"inertia": 0.99,
				"liquid_inertia": 0.56,
				"multiple_targets": false,
				"power": 3,
				"reflect_on_hurt": true,
				"semi_random_diff_damage": true,
				"should_bounce": true,
				"on_hit": {
					"arrow_effect": {},
					"impact_damage": {
						"damage": 8,
						"knockback": true,
						"destroy_on_hit": false
					},
					"stick_in_ground": {
						"shake_time": 1
					},
					"definition_event": {
						"event_trigger": {
							"event": "summon_lightning_bolt_event"
						}
					}
				}
			},
			"minecraft:environment_sensor": {
				"triggers": [
					{
						"filters": {
							"all_of": [
								{
									"test": "in_water",
									"subject": "self",
									"operator": "==",
									"value": true
								}
							]
						},
						"event": "start_despawn_timer_event"
					}
				]
			},
			"minecraft:entity_sensor": {
				"sensor_range": 1.5,
				"minimum_count": 1,
				"maximum_count": 1,
				"require_all": false,
				"relative_range": false,
				"event_filters": {
					"test": "is_family",
					"subject": "other",
					"value": "player"
				},
				"event": "on_player_detected_event"
			}
		},
		"events": {
			"despawn_spear_event": {
				"add": {
					"component_groups": [
						"despawn_spear"
					]
				}
			},
			"start_despawn_timer_event": {
				"add": {
					"component_groups": [
						"despawn_timer"
					]
				}
			},
			"on_player_detected_event": {
				"add": {
					"component_groups": [
						"drop_loot",
						"despawn_spear"
					]
				}
			},
			"summon_lightning_bolt_event": {
				"run_command": {
					"command": ["summon lightning_bolt ~~~"]
				}
			}
		}
	}
}