{
	"format_version": "1.17.0",
	"minecraft:npc_dialogue": {
		"scenes": [
			{
				"scene_tag": "magicmenu",
				"npc_name": "§9A§ar§cc§5h§0m§7a§6g§be",
				"text": "I can bestow upon you one magical element that I currently have to help us in defeating monsters. So, What magic do you want to learn?\nAlso make sure that the first 5 slots of your hands are free. You don't want them to disappear",
				"buttons": [
					{
						"name": "Get Magic",
						"commands": [
							"give @initiator zk:acquiremagic 1 1 {\"minecraft:item_lock\":{\"mode\":\"lock_in_inventory\"}, \"minecraft:keep_on_death\":{}}"
						]
					}
				]
			},
			{
				"scene_tag": "manamenu",
				"npc_name": "§9A§ar§cc§5h§0m§7a§6g§be",
				"text": "Time to train more don't you think? You'll need to bring me some essence first though.\n \n§3Mana Capacity Lv2 - 80\nMana Capacity Lv3 - 130\nMana Regeneration Lv2 - 100\nMana Regeneration Lv2 - 150",
				"buttons": [
					{
						"name": "Mana Cap Lv2",
						"commands": [
							"/tag @initiator[scores={essence=80..},tag=!manas3,tag=!mana2] add mana2",
							"/scoreboard players remove @initiator[tag=!mana3,scores={essence=80..},tag=mana2] essence 80",
							"/msg @initiator[tag=!mana2,scores={essence=..79}] §bMana Essence required to ascend is lacking. Return once you collected enough amount.",
							"/msg @initiator[tag=mana3] §bYou cannot descend from your current mana capacity level",
							"/msg @initiator[tag=mana2] §bYour Mana Capacity is at level 2",
							"/tag @initiator remove trading",
							"/playsound random.levelup @initiator[scores={essence=80..}]"
						]
					},
					{
						"name": "Mana Cap Lv3",
						"commands": [
							"/tag @initiator[scores={essence=130..},tag=!manas3,tag=mana2] add mana3",
							"/tag @initiator[scores={essence=130..},tag=mana2] remove mana2",
							"/scoreboard players remove @initiator[tag=mana3,tag=!mana2,scores={essence=130..}] essence 130",
							"/msg @initiator[tag=!mana3,scores={essence=..129}] §bMore Mana Essence is needed to Enhance.",
							"/msg @initiator[tag=mana3] §bYour Mana Capacity is at level 3",
							"/msg @initiator[tag=!mana3,tag=!mana2] §bYou are not qaulified for this yet.",
							"/tag @initiator remove trading",
							"/playsound random.levelup @initiator[scores={essence=130..}]"
						]
					},
					{
						"name": "Mana Regen Lv2",
						"commands": [
							"/tag @initiator[scores={essence=100..},tag=!manas3,tag=!manas2] add manas2",
							"/scoreboard players remove @initiator[tag=!manas3,tag=manas2,scores={essence=100..}] essence 100",
							"/msg @initiator[tag=!manas2,scores={essence=..99}] §bYou have insufficient Mana Essence. Collect more to afford the Enhancement.",
							"/msg @initiator[tag=manas2] §bYour Mana Regeneration is at level 2",
							"/tell @initiator[tag=manas3] §bYou can't decrease your Mana Regeneration.",
							"/tag @initiator remove trading",
							"/playsound random.levelup @initiator[scores={essence=100..}]"
						]
					},
					{
						"name": "Mana Regen Lv3",
						"commands": [
							"/tag @initiator[scores={essence=150..},tag=!manas3,tag=manas2] add manas3",
							"/tag @initiator[scores={essence=150..},tag=manas2] remove manas2",
							"/scoreboard players remove @initiator[tag=!manas2,tag=manas3,scores={essence=150..}] essence 150",
							"/msg @initiator[tag=!manas3,scores={essence=..149}] §bPlease obtain more Mana Essence",
							"/msg @initiator[tag=manas3] §bYour Mana Regeneration is at level 3",
							"/msg @initiator[tag=!manas3,tag=!manas2] §bYour Mana Regeneration is not at level 2 yet. Level 2 Mana Regeneration is needed to enhance",
							"/tag @initiator remove trading",
							"/playsound random.levelup @initiator[scores={essence=150..}]"
						]
					}
				]
			},
			{
				"scene_tag": "guildmaster",
				"npc_name": "§0Guildmaster",
				"text": "I need you to subdue these evil creatures. These are the ones that we were able to identify so far.\nGood luck adventurer.",
				"buttons": [
					{
						"name": "§1Soul Wanderer",
						"commands": [
							"/dialogue open @e[type=npc,c=1] @initiator soulwanderer"
						]
					}
				]
			},
			{
				"scene_tag": "soulwanderer",
				"npc_name": "§0Guildmaster",
				"text": "Ah, the ghostly apparition of a corrupted mage. Well, he was.\n \nIt's altar can be found anywhere in the overworld. I haven't seen it myself, but there must be something inside to summon him so you can put him to rest, and free the souls that he devoured.\n \nBring his essence to me and i will reward you greatly!",
				"buttons": [
					{
						"name": "Give Item",
						"commands": [
							"/give @initiator[hasitem={location=slot.weapon.mainhand,item=zk:soulessence,data=0,quantity=1}] totem_of_undying 4",
							"/playsound random.orb @initiator[hasitem={location=slot.weapon.mainhand,item=zk:soulessence,data=0,quantity=1}]",
							"/execute @initiator[hasitem={location=slot.weapon.mainhand,item=zk:soulessence,data=0,quantity=1}] ~~~ execute @e[type=zk:nekroheaddumy,tag=!sdone,r=5] ~~~ summon zk:nekroheaddesign ~~~",
							"/execute @initiator[hasitem={location=slot.weapon.mainhand,item=zk:soulessence,data=0,quantity=1}] ~~~ execute @e[type=zk:nekroheaddumy,tag=!sdone,r=5] ~~~ particle zk:souldup",
							"/execute @initiator[hasitem={location=slot.weapon.mainhand,item=zk:soulessence,data=0,quantity=1}] ~~~ execute @e[type=zk:nekroheaddumy,tag=!sdone,r=5] ~~~ tag @s add sdone",
							"/msg @initiator[hasitem={location=slot.weapon.mainhand,item=zk:soulessence,data=0,quantity=1}] You did it!? Thank you adventurer! I knew you could do it! Now go and continue killing these evil beings!",
							"/msg @initiator[hasitem={location=slot.weapon.mainhand,item=zk:soulessence,data=0,quantity=0}] You still have a long way to go.",
							"/clear @initiator[hasitem={location=slot.weapon.mainhand,item=zk:soulessence,data=0,quantity=1}] zk:soulessence 0 1"
						]
					}
				]
			},
			{
				"scene_tag": "questmaster",
				"npc_name": "§0Quest Master",
				"text": "Let's do business then",
				"buttons": [
					{
						"name": "32 RottenF",
						"commands": [
							"/give @initiator[hasitem={location=slot.weapon.mainhand,item=rotten_flesh,data=0,quantity=32..}] zk:manaessence 10",
							"/playsound random.orb @initiator[hasitem={location=slot.weapon.mainhand,item=rotten_flesh,data=0,quantity=32..}]",
							"/msg @initiator[hasitem={location=slot.weapon.mainhand,item=rotten_flesh,data=0,quantity=32..}] Do you know how precious these are?",
							"/msg @initiator[hasitem={location=slot.weapon.mainhand,item=rotten_flesh,data=0,quantity=..31}] You can't afford this deal.",
							"/clear @initiator[hasitem={location=slot.weapon.mainhand,item=rotten_flesh,data=0,quantity=32..}] rotten_flesh 0 32"
						]
					},
					{
						"name": "64 RottenF",
						"commands": [
							"/give @initiator[hasitem={location=slot.weapon.mainhand,item=rotten_flesh,data=0,quantity=64..}] zk:manaessence 22",
							"/playsound random.orb @initiator[hasitem={location=slot.weapon.mainhand,item=rotten_flesh,data=0,quantity=32..}]",
							"/msg @initiator[hasitem={location=slot.weapon.mainhand,item=rotten_flesh,data=0,quantity=64}] You really took your time killing them huh.",
							"/msg @initiator[hasitem={location=slot.weapon.mainhand,item=rotten_flesh,data=0,quantity=..63}] Aiming too high, aren't ya?",
							"/clear @initiator[hasitem={location=slot.weapon.mainhand,item=rotten_flesh,data=0,quantity=64..}] rotten_flesh 0 64"
						]
					},
					{
						"name": "4 Gunpowder",
						"commands": [
							"/give @initiator[hasitem={location=slot.weapon.mainhand,item=gunpowder,data=0,quantity=4..}] zk:manabottle 1",
							"/playsound random.orb @initiator[hasitem={location=slot.weapon.mainhand,item=gunpowder,data=0,quantity=4..}]",
							"/msg @initiator[hasitem={location=slot.weapon.mainhand,item=gunpowder,data=0,quantity=4..}] I wonder if I can recreate Demolition Magic with this.",
							"/msg @initiator[hasitem={location=slot.weapon.mainhand,item=gunpowder,data=0,quantity=..3}] That is not enough.",
							"/clear @initiator[hasitem={location=slot.weapon.mainhand,item=gunpowder,data=0,quantity=4..}] gunpowder 0 4"
						]
					},
					{
						"name": "16 Gunpowder",
						"commands": [
							"/give @initiator[hasitem={location=slot.weapon.mainhand,item=gunpowder,data=0,quantity=16..}] zk:elixir 2",
							"/playsound random.orb @initiator[hasitem={location=slot.weapon.mainhand,item=gunpowder,data=0,quantity=16..}]",
							"/msg @initiator[hasitem={location=slot.weapon.mainhand,item=gunpowder,data=0,quantity=16..}] Time to make some explosives!",
							"/msg @initiator[hasitem={location=slot.weapon.mainhand,item=gunpowder,data=0,quantity=..15}] MORE.",
							"/clear @initiator[hasitem={location=slot.weapon.mainhand,item=gunpowder,data=0,quantity=16..}] gunpowder 0 16"
						]
					},
					{
						"name": "28 SpiderE",
						"commands": [
							"/give @initiator[hasitem={location=slot.weapon.mainhand,item=spider_eye,data=0,quantity=28..}] zk:managem 2",
							"/playsound random.orb @initiator[hasitem={location=slot.weapon.mainhand,item=spider_eye,data=0,quantity=28..}]",
							"/msg @initiator[hasitem={location=slot.weapon.mainhand,item=spider_eye,data=0,quantity=28..}] Have you tried eating one of these? Eurgh!",
							"/msg @initiator[hasitem={location=slot.weapon.mainhand,item=spider_eye,data=0,quantity=..27}] I need more than that.",
							"/clear @initiator[hasitem={location=slot.weapon.mainhand,item=spider_eye,data=0,quantity=28..}] spider_eye 0 28"
						]
					}
				]
			},
			{
				"scene_tag": "magicunlock",
				"npc_name": "§0Magic Expert",
				"text": "See what you can learn. For a, not so cheap exchange of course.",
				"buttons": [
					{
						"name": "§1Creeper Head",
						"commands": [
							"/give @initiator[tag=!exsoulexz,hasitem={location=slot.weapon.mainhand,item=zk:soulessence,data=0,quantity=1}] zk:soulexplodem 1 0 {\"minecraft:item_lock\":{\"mode\":\"lock_in_inventory\"}, \"minecraft:keep_on_death\":{}}",
							"/tag @initiator[tag=!exsoulexzz,hasitem={location=slot.weapon.mainhand,item=zk:soulessence,data=0,quantity=1}] add valid",
							"/msg @initiator[tag=exsoulexzz,hasitem={location=slot.weapon.mainhand,item=zk:soulessence,data=0,quantity=1}] You converted this last time.",
							"/playsound random.orb @initiator[tag=!exsoulexz,hasitem={location=slot.weapon.mainhand,item=zk:soulessence,data=0,quantity=1}]",
							"/msg @initiator[tag=!exsoulexz,hasitem={location=slot.weapon.mainhand,item=zk:soulessence,data=0,quantity=1}] I wonder why only the head gets resurrected.",
							"/msg @initiator[tag=!exsoulexz,hasitem={location=slot.weapon.mainhand,item=zk:soulessence,data=0,quantity=0}] Just return when you have the item.",
							"/tag @initiator[tag=!exsoulexz,hasitem={location=slot.weapon.mainhand,item=zk:soulessence,data=0,quantity=1}] add exsoulexz",
							"/clear @initiator[tag=valid,hasitem={location=slot.weapon.mainhand,item=zk:soulessence,data=0,quantity=1}] zk:soulessence 0 1",
							"/tag @initiator[tag=valid] add exsoulexzz",
							"/tag @initiator remove valid"
						]
					},
					{
						"name": "§1Undead Sum",
						"commands": [
							"/give @initiator[tag=!exsoulsumz,hasitem={location=slot.weapon.mainhand,item=zk:soulessence,data=0,quantity=1}] zk:soulsrisem 1 0 {\"minecraft:item_lock\":{\"mode\":\"lock_in_inventory\"}, \"minecraft:keep_on_death\":{}}",
							"/tag @initiator[tag=!exsoulsumzz,hasitem={location=slot.weapon.mainhand,item=zk:soulessence,data=0,quantity=1}] add valid",
							"/msg @initiator[tag=exsoulsumzz,hasitem={location=slot.weapon.mainhand,item=zk:soulessence,data=0,quantity=1}] I'm afraid you have learned this.",
							"/playsound random.orb @initiator[tag=!exsoulsumz,hasitem={location=slot.weapon.mainhand,item=zk:soulessence,data=0,quantity=1}]",
							"/msg @initiator[tag=!exsoulsumz,hasitem={location=slot.weapon.mainhand,item=zk:soulessence,data=0,quantity=1}] It's always better to have a few backup, even if they're technically dead.",
							"/msg @initiator[tag=!exsoulsumz,hasitem={location=slot.weapon.mainhand,item=zk:soulessence,data=0,quantity=0}] Yes?",
							"/tag @initiator[tag=!exsoulsumz,hasitem={location=slot.weapon.mainhand,item=zk:soulessence,data=0,quantity=1}] add exsoulsumz",
							"/clear @initiator[tag=valid,hasitem={location=slot.weapon.mainhand,item=zk:soulessence,data=0,quantity=1}] zk:soulessence 0 1",
							"/tag @initiator[tag=valid] add exsoulsumzz",
							"/tag @initiator remove valid"
						]
					},
					{
						"name": "§1Soul Switch",
						"commands": [
							"/give @initiator[tag=!exsoulswitchz,hasitem={location=slot.weapon.mainhand,item=zk:soulessence,data=0,quantity=1}] zk:soulswitchtm 1 0 {\"minecraft:item_lock\":{\"mode\":\"lock_in_inventory\"}, \"minecraft:keep_on_death\":{}}",
							"/tag @initiator[tag=!exsoulswitchzz,hasitem={location=slot.weapon.mainhand,item=zk:soulessence,data=0,quantity=1}] add valid",
							"/msg @initiator[tag=exsoulswitchzz,hasitem={location=slot.weapon.mainhand,item=zk:soulessence,data=0,quantity=1}] Uh, uh. Only one at a time.",
							"/playsound random.orb @initiator[tag=!exsoulswitchz,hasitem={location=slot.weapon.mainhand,item=zk:soulessence,data=0,quantity=1}]",
							"/msg @initiator[tag=!exsoulswitchz,hasitem={location=slot.weapon.mainhand,item=zk:soulessence,data=0,quantity=1}] Careful with this one. Teleporting for the Souls is such an easy feat but for the living, transferring your soul along with your body will hurt you. End Magic uses a different method, so this will still hurt them.",
							"/msg @initiator[tag=!exsoulswitchz,hasitem={location=slot.weapon.mainhand,item=zk:soulessence,data=0,quantity=0}] Uhh??..",
							"/tag @initiator[tag=!exsoulswitchz,hasitem={location=slot.weapon.mainhand,item=zk:soulessence,data=0,quantity=1}] add exsoulswitchz",
							"/clear @initiator[tag=valid,hasitem={location=slot.weapon.mainhand,item=zk:soulessence,data=0,quantity=1}] zk:soulessence 0 1",
							"/tag @initiator[tag=valid] add exsoulswitchzz",
							"/tag @initiator remove valid"
						]
					}
				]
			},
			{
				"scene_tag": "magicunlearn",
				"npc_name": "§0Magic Expert",
				"text": "I knew you'd get tired of using those.\n \nHurry and let's get rid of the spells you don't need or want, anymore.",
				"buttons": [
					{
						"name": "§1Creeper Head",
						"commands": [
							"/playsound random.orb @initiator[tag=exsoulexz,hasitem={location=slot.weapon.mainhand,item=zk:soulexplodem,data=0,quantity=1}]",
							"/msg @initiator[tag=exsoulexz,hasitem={location=slot.weapon.mainhand,item=zk:soulexplodem,data=0,quantity=1}] Let me guess, the 'explosives' almost killed you in some occasions",
							"/msg @initiator[tag=!exsoulexz,hasitem={location=slot.weapon.mainhand,item=zk:soulexplodem,data=0,quantity=0}] ??",
							"/tag @initiator[tag=exsoulexz,hasitem={location=slot.weapon.mainhand,item=zk:soulexplodem,data=0,quantity=1}] add valid",
							"/tag @initiator[tag=exsoulexzz,hasitem={location=slot.weapon.mainhand,item=zk:soulexplodem,data=0,quantity=1}] remove exsoulexzz",
							"/tag @initiator[tag=exsoulexz,hasitem={location=slot.weapon.mainhand,item=zk:soulexplodem,data=0,quantity=1}] remove exsoulexz",
							"/clear @initiator[tag=valid,hasitem={location=slot.weapon.mainhand,item=zk:soulexplodem,data=0,quantity=1}] zk:soulexplodem 0 1",
							"/tag @initiator[tag=valid] remove valid"
						]
					},
					{
						"name": "§1Undead Sum",
						"commands": [
							"/playsound random.orb @initiator[tag=exsoulsumz,hasitem={location=slot.weapon.mainhand,item=zk:soulsrisem,data=0,quantity=1}]",
							"/msg @initiator[tag=exsoulsumz,hasitem={location=slot.weapon.mainhand,item=zk:soulsrisem,data=0,quantity=1}] These are nice. Tired of having to smell their rotten corpse, are you?",
							"/msg @initiator[tag=!exsoulsumz,hasitem={location=slot.weapon.mainhand,item=zk:soulsrisem,data=0,quantity=0}] Move along.",
							"/tag @initiator[tag=exsoulsumz,hasitem={location=slot.weapon.mainhand,item=zk:soulsrisem,data=0,quantity=1}] add valid",
							"/tag @initiator[tag=exsoulsumzz,hasitem={location=slot.weapon.mainhand,item=zk:soulsrisem,data=0,quantity=1}] remove exsoulsumzz",
							"/tag @initiator[tag=exsoulsumz,hasitem={location=slot.weapon.mainhand,item=zk:soulsrisem,data=0,quantity=1}] remove exsoulsumz",
							"/clear @initiator[tag=valid,hasitem={location=slot.weapon.mainhand,item=zk:soulsrisem,data=0,quantity=1}] zk:soulsrisem 0 1",
							"/tag @initiator[tag=valid] remove valid"
						]
					},
					{
						"name": "§1Soul Switch",
						"commands": [
							"/playsound random.orb @initiator[tag=exsoulswitchz,hasitem={location=slot.weapon.mainhand,item=zk:soulswitchtm,data=0,quantity=1}]",
							"/msg @initiator[tag=exsoulswitchz,hasitem={location=slot.weapon.mainhand,item=zk:soulswitchtm,data=0,quantity=1}] Good choice, Surely there are better spell choices out there.",
							"/msg @initiator[tag=!exsoulswitchz,hasitem={location=slot.weapon.mainhand,item=zk:soulswitchtm,data=0,quantity=0}] You don't even have it",
							"/tag @initiator[tag=exsoulswitchz,hasitem={location=slot.weapon.mainhand,item=zk:soulswitchtm,data=0,quantity=1}] add valid",
							"/tag @initiator[tag=exsoulswitchzz,hasitem={location=slot.weapon.mainhand,item=zk:soulswitchtm,data=0,quantity=1}] remove exsoulswitchzz",
							"/tag @initiator[tag=exsoulswitchz,hasitem={location=slot.weapon.mainhand,item=zk:soulswitchtm,data=0,quantity=1}] remove exsoulswitchz",
							"/clear @initiator[tag=valid,hasitem={location=slot.weapon.mainhand,item=zk:soulswitchtm,data=0,quantity=1}] zk:soulswitchtm 0 1",
							"/tag @initiator[tag=valid] remove valid"
						]
					}
				]
			},
			{
				"scene_tag": "changemagic",
				"npc_name": "§9A§ar§cc§5h§0m§7a§6g§be",
				"text": "Changing magic will cost you a lot of essence[300] granting magical powers is easy, but taking it away is a hard task.",
				"buttons": [
					{
						"name": "Change Magic",
						"commands": [
							"/tag @initiator[scores={essence=300..}] add cvalid",
							"/msg @initiator[scores={essence=..299}] You don't have enough essence to Change Magic...",
							"/scoreboard players remove @initiator[tag=cvalid] essence 300",
							"/tag @initiator[tag=cvalid] remove mage",
							"/playsound random.orb @initiator[tag=cvalid]",
							"/execute @initiator[tag=cvalid,tag=soul] ~~~ function soulclear",
							"/execute @initiator[tag=cvalid,tag=frost] ~~~ function frostclear",
							"/execute @initiator[tag=cvalid,tag=demolisher] ~~~ function demolitionclear",
							"/execute @initiator[tag=cvalid,tag=lightheal] ~~~ function lighthealclear",
							"/execute @initiator[tag=cvalid,tag=lightr] ~~~ function lighthindclear",
							"/execute @initiator[tag=cvalid,tag=end] ~~~ function endclear",
							"/execute @initiator[tag=cvalid,tag=fire] ~~~ function fireareaclear",
							"/execute @initiator[tag=cvalid,tag=shadow] ~~~ function shadowclear",
							"/execute @initiator[tag=cvalid,tag=dark] ~~~ function darkclearswordmaster",
							"/execute @initiator[tag=cvalid,tag=darks] ~~~ function darkclearsummon",
							"/execute @initiator[tag=cvalid,tag=moon] ~~~ function moonbladeclear",
							"/execute @initiator[tag=cvalid,tag=firetrick] ~~~ function firetrickclear",
							"/msg @initiator[tag=cvalid] It's done...",
							"/tag @initiator[tag=cvalid] remove cvalid"
						]
					}
				]
			}
		]
	}
}