{
  "format_version": "1.16.0",
  "minecraft:entity": {
    "description": {
      "runtime_identifier": "spider",
      "identifier": "darkage:cave_spider_baby",
      "is_spawnable": false,
      "is_summonable": true,
      "is_experimental": false
    },
    "component_groups": {
      "minecraft:cave_spider_adult": {
        "minecraft:transformation": {
          "into": "minecraft:cave_spider<minecraft:become_hostile>",
          "delay": 0
       }
      }
    },

    "components": {
      "minecraft:experience_reward": {
        "on_death": "query.last_hit_by_player ? 5 : 0"
      },
      "minecraft:type_family": {
        "family": [ "cavespider", "monster", "arthropod", "mob" ]
      },
      "minecraft:breathable": {
        "total_supply": 15,
        "suffocate_time": 0
      },
      "minecraft:timer": {
        "time": 10.25,
        "time_down_event": {
          "event": "minecraft:transform"
        }
      },
      "minecraft:attack": {
        "damage": 2
      },
      "minecraft:loot": {
        "table": "loot_tables/entities/spider.json"
      },
      "minecraft:collision_box": {
        "width": 0.3,
        "height": 0.1
      },
      "minecraft:health": {
        "value": 6,
        "max": 6
      },
      "minecraft:hurt_on_condition": {
        "damage_conditions": [
          {
            "filters": { "test": "in_lava", "subject": "self", "operator": "==", "value": true },
            "cause": "lava",
            "damage_per_tick": 4
          }
        ]
      },
      "minecraft:behavior.nearest_attackable_target": {
        "priority": 2,
        "scan_interval": 20,
        "within_radius": 40.0,
        "reselect_targets": true,
        "entity_types": [
          {
            "filters": {
              "any_of": [
                { "test": "is_family", "subject": "other", "value": "player" },
                { "test": "is_family", "subject": "other", "value": "snowgolem" },
                { "test": "is_family", "subject": "other", "value": "irongolem" }
              ]
            },
            "max_dist": 40
          },
          {
            "filters": {
              "any_of": [
                { "test": "is_family", "subject": "other", "value": "villager" },
                { "test": "is_family", "subject": "other", "value": "wandering_trader" }
              ]
            },
            "max_dist": 40,
            "must_see": false
          },
          {
            "filters": {
              "all_of": [
                { "test": "is_family", "subject": "other", "value": "baby_turtle" },
                { "test": "in_water", "subject": "other", "operator": "!=", "value": true }
              ]
            },
            "max_dist": 40
          }
        ],
        "must_see": true,
        "must_see_forget_duration": 0.5
      },
      "minecraft:behavior.leap_at_target": {
        "priority": 4,
        "yd": 0.4,
        "must_be_on_ground": false
      },
      "minecraft:behavior.melee_attack": {
        "priority": 3,
        "track_target": true,
        "random_stop_interval": 100,
        "reach_multiplier": 0.8
      },
      "minecraft:movement": {
        "value": 0.35
      },
      "minecraft:navigation.climb": {
        "can_path_over_water": true
      },
      "minecraft:movement.basic": {
      },
      "minecraft:jump.static": {
      },
      "minecraft:can_climb": {
      },
      "minecraft:despawn": {
        "despawn_from_distance": {}
      },
      "minecraft:behavior.float": {
        "priority": 1
      },
      "minecraft:behavior.mount_pathing": {
        "priority": 5,
        "speed_multiplier": 1.25,
        "target_dist": 0.0,
        "track_target": true
      },
      "minecraft:behavior.random_stroll": {
        "priority": 6,
        "speed_multiplier": 0.8
      },
      "minecraft:behavior.look_at_player": {
        "priority": 7,
        "look_distance": 6.0,
        "probability": 0.02
      },
      "minecraft:behavior.random_look_around": {
        "priority": 7
      },
      "minecraft:behavior.hurt_by_target": {
        "priority": 1
      },
      "minecraft:physics": {
      },
      "minecraft:pushable": {
        "is_pushable": true,
        "is_pushable_by_piston": true
      }
    },

    "events": {
      "minecraft:transform": {
        "add": {
          "component_groups": [
            "minecraft:cave_spider_adult"
          ]
        }
      }
    }
  }
}