{
  "format_version": "1.16.0",
  "minecraft:entity": {
    "description": {
      "identifier": "darkage:devourer",
      "is_spawnable": true,
      "is_summonable": true,
      "is_experimental": false,
         "scripts": {
				"animate": [
					"attack",
          "eat",
          "remove"
				]
			},
			"animations": {
				"attack": "controller.animation.unbound_elemental.attack",
        "eat": "controller.animation.devourer.eat",
        "remove": "controller.animation.remove.structures"
			}
		},
    "component_groups": { 
      "minecraft:devourer_baby": {
        "minecraft:is_baby": {
        },
        "minecraft:collision_box": {
          "width": 1.0,
          "height": 1.0
        },
        "minecraft:tameable": {
          "probability": 0.35,
          "tame_items": [
            "darkage:human_flesh"
          ],
          "tame_event": {
            "event": "minecraft:on_tame",
            "target": "self"
          }
        },
        "minecraft:scale_by_age": {
          "start_scale": 0.6,
          "end_scale": 1.5
        },
        "minecraft:ageable": {
          "duration": 1200,
          "feed_items": [
            {
              "item": "darkage:human_flesh_cook",
              "growth": 0.2
            }
          ],
          "grow_up": {
            "event": "minecraft:devourer_adult",
            "target": "self"
          }
        }
      },
      "minecraft:devourer_adult": {
        "minecraft:loot": {
          "table": "loot_tables/entities/devourer.json"
        },
        "minecraft:breedable": {
          "require_tame": false,
          "breed_items": "darkage:human_flesh_cook",
          "breeds_with": {
            "mate_type": "darkage:devourer",
            "baby_type": "darkage:devourer_egg",
            "breed_event": {
              "event": "minecraft:entity_spawned",
              "target": "baby"
            }
          }
        },
        "minecraft:behavior.breed": {
          "priority": 3,
          "speed_multiplier": 1.0
        },
        "minecraft:scale": {
          "value": 1.5
        }
      },
      "minecraft:devourer_tame": {
        "minecraft:type_family": {
          "family": [ "devourer_tame" ]
        },
        "minecraft:is_tamed": {
        },
        "minecraft:healable": {
          "items": [
            {
              "item": "darkage:human_flesh",
              "heal_amount": 8
            },      
            {
              "item": "minecraft:chicken",
              "heal_amount": 8
            },
            {
              "item": "minecraft:mutton",
              "heal_amount": 6
            },
            {
              "item": "minecraft:beef",
              "heal_amount": 8
            },
            {
              "item": "minecraft:porkchop",
              "heal_amount": 6
            },
            {
              "item": "minecraft:rabbit",
              "heal_amount": 8
            },
            {
              "item": "minecraft:cod",
              "heal_amount": 6
            },
            {
              "item": "minecraft:salmon",
              "heal_amount": 6
            },
            {
              "item": "minecraft:rotten_flesh",
              "heal_amount": 6
            },
            {
              "item": "minecraft:cooked_chicken",
              "heal_amount": 10
            },
            {
              "item": "minecraft:cooked_mutton",
              "heal_amount": 10
            },
            {
              "item": "minecraft:cooked_beef",
              "heal_amount": 10
            },
            {
              "item": "minecraft:cooked_porkchop",
              "heal_amount": 10
            },
            {
              "item": "minecraft:cooked_rabbit",
              "heal_amount": 10
            },
            {
              "item": "minecraft:cooked_cod",
              "heal_amount": 10
            },
            {
              "item": "minecraft:cooked_salmon",
              "heal_amount": 10
            },
            {
              "item": "darkage:chocurmis_cooked",
              "heal_amount": 10
            },
            {
              "item": "darkage:chocurmis_raw",
              "heal_amount": 10
            }
          ]
        },
        "minecraft:behavior.follow_owner": {
          "priority": 2,
          "speed_multiplier": 1.2,
          "start_distance": 5,
          "stop_distance": 2
        },
        "minecraft:sittable": {
        },
        "minecraft:behavior.owner_hurt_by_target": {
          "priority": 1
        },
        "minecraft:behavior.owner_hurt_target": {
          "priority": 1
        },
        "minecraft:behavior.stay_while_sitting": {
          "priority": 1
        }
      },
    "minecraft:devourer_attack1": {
    "minecraft:attack": {
           "damage": 6
           },
        "minecraft:behavior.delayed_attack": {
          "priority": 2,
          "reach_multiplier": 2.5,
          "speed_multiplier": 1.2,
          "attack_duration": 1.28,
          "hit_delay_pct": 0.64,
          "track_target": true
        },
        "minecraft:mark_variant": {
          "value": 1
        }
    },
    "minecraft:devourer_attack2": {
    "minecraft:attack": {
           "damage": 6
           },
             "minecraft:behavior.delayed_attack": {
          "priority": 2,
          "reach_multiplier": 2.5,
          "speed_multiplier": 1.2,
          "attack_duration": 1.44,
          "hit_delay_pct": 0.72,
          "track_target": true
        },
        "minecraft:mark_variant": {
          "value": 2
        }
    },
    "minecraft:devourer_attack3": {
    "minecraft:attack": {
           "damage": 8
           },
        "minecraft:behavior.delayed_attack": {
          "priority": 2,
          "reach_multiplier": 2.8,
          "speed_multiplier": 1.2,
          "attack_duration": 1.52,
          "hit_delay_pct": 0.76,
          "track_target": true
        },
      "minecraft:mark_variant": {
      "value": 3
    }
  }
},
    "components": {
      "minecraft:experience_reward": {
        "on_death": "query.last_hit_by_player ? 5 + (query.equipment_count * Math.Random(1,2)) : 0"
      },
      "minecraft:type_family": {
        "family": [ "devourer", "monster" ]
      },
      "minecraft:health": {
        "value": 80,
        "max": 80
      },
      "minecraft:behavior.eat_carried_item": {
        "priority": 1,
        "delay_before_eating": 5
    },
      "minecraft:collision_box": {
        "width": 1.3,
        "height": 1.1
      },
      "minecraft:movement": {
        "value": 0.28
      },
      "minecraft:movement.basic": {

      },
            "minecraft:navigation.walk": {
      "can_path_over_water": true,
        "can_float": true,
        "avoid_water": false,
        "avoid_damage_blocks": false
      },
      "minecraft:can_climb": {
      },
      "minecraft:jump.static": {
      },
      "minecraft:behavior.float": {
                "priority": 20
            },         
      "minecraft:behavior.nearest_attackable_target": {
        "priority": 3,
        "scan_interval": 20,
        "within_radius": 40.0,
        "reselect_targets": true,
        "entity_types": [
          {
            "filters": {
              "any_of": [
                { "test": "is_family", "subject": "other", "value": "player" },
                { "test": "is_family", "subject": "other", "value": "snowgolem" },
                { "test": "is_family", "subject": "other", "value": "irongolem" },
                { "test": "is_family", "subject": "other", "value": "nagars" },
                { "test": "is_family", "subject": "other", "value": "chocurmis" },
                { "test": "is_family", "subject": "other", "value": "cow" },
                { "test": "is_family", "subject": "other", "value": "cat" },
                { "test": "is_family", "subject": "other", "value": "wolf" },
                { "test": "is_family", "subject": "other", "value": "sheep" },
                { "test": "is_family", "subject": "other", "value": "pig" },
                { "test": "is_family", "subject": "other", "value": "rabbit" },
                { "test": "is_family", "subject": "other", "value": "llama" },
                { "test": "is_family", "subject": "other", "value": "parrot" },
                { "test": "is_family", "subject": "other", "value": "fox" },
                { "test": "is_family", "subject": "other", "value": "donkey" },
                { "test": "is_family", "subject": "other", "value": "chicken" },
                { "test": "is_family", "subject": "other", "value": "panda" },
                { "test": "is_family", "subject": "other", "value": "zombie" }
              ]
            },
            "max_dist": 40
          },
          {
            "filters": {
              "any_of": [
                { "test": "is_family", "subject": "other", "value": "villager" },
                { "test": "is_family", "subject": "other", "value": "wandering_trader" }
              ]
            },
            "max_dist": 40,
            "must_see": false
          },
          {
            "filters": {
              "all_of": [
                { "test": "is_family", "subject": "other", "value": "baby_turtle" },
                { "test": "in_water", "subject": "other", "operator": "!=", "value": true }
              ]
            },
            "max_dist": 40
          }
        ],
        "must_see": true,
        "must_see_forget_duration": 0.5
      },
      "minecraft:behavior.look_at_player": {
        "priority": 9,
        "look_distance": 6.0,
        "probability": 7.0
      },
      "minecraft:follow_range": {
        "value": 50,
        "max": 50
      },
      "minecraft:behavior.random_look_around": {
        "priority": 7
      },
      "minecraft:behavior.look_at_entity": {
        "priority": 9,
        "look_distance": 6.0,
        "probability": 7.0,
        "filters": { "test" :  "is_family", "subject" : "other", "value" :  "mob"}
      },
      "minecraft:behavior.random_stroll": {
        "priority": 6,
        "speed_multiplier": 0.7
      },
      "minecraft:knockback_resistance": {
        "value": 1.0
      },
      "minecraft:behavior.hurt_by_target": {
        "priority": 1,
        "alert_same_type": true,
        "entity_types": {
          "filters": {
            "any_of": [
            {"test": "is_family",
            "subject": "other",
            "operator": "!=",
            "value": "devourer"}
            ]
          },
          "max_dist": 64
        }
      },
      "minecraft:physics": {
      },
      "minecraft:pushable": {
                "is_pushable": true,
                "is_pushable_by_piston": true
              },
              "minecraft:equip_item": {
              },
              "minecraft:behavior.equip_item": {
                "priority": 1
              },
              "minecraft:behavior.pickup_items": {
                "priority": 1,
                "max_dist": 30,
                "goal_radius": 2,
                "speed_multiplier": 1.0,
                "pickup_based_on_chance": false,
                "can_pickup_any_item": false,
                "can_pickup_to_hand_or_equipment": true,
                "cooldown_after_being_attacked": 5.0
              },
              "minecraft:shareables": {
                "items": [
                  {
                    "item": "minecraft:chicken",
                    "priority": 2,
                    "max_amount": 1
                  },
                  {
                    "item": "minecraft:mutton",
                    "priority": 2,
                    "max_amount": 1
                  },
                  {
                    "item": "minecraft:beef",
                    "priority": 2,
                    "max_amount": 1
                  },
                  {
                    "item": "minecraft:porkchop",
                    "priority": 2,
                    "max_amount": 1
                  },
                  {
                    "item": "minecraft:rabbit",
                    "priority": 2,
                    "max_amount": 1
                  },
                  {
                    "item": "minecraft:cod",
                    "priority": 2,
                    "max_amount": 1
                  },
                  {
                    "item": "minecraft:salmon",
                    "priority": 2,
                    "max_amount": 1
                  },
                  {
                    "item": "minecraft:cooked_beef",
                    "priority": 2,
                    "max_amount": 1
                  },
                  {
                    "item": "minecraft:cooked_chicken",
                    "priority": 2,
                    "max_amount": 1
                  },
                  {
                    "item": "minecraft:cooked_cod",
                    "priority": 2,
                    "max_amount": 1
                  },
                  {
                    "item": "minecraft:cooked_mutton",
                    "priority": 2,
                    "max_amount": 1
                  },
                  {
                    "item": "minecraft:cooked_porkchop",
                    "priority": 2,
                    "max_amount": 1
                  },
                  {
                    "item": "minecraft:cooked_rabbit",
                    "priority": 2,
                    "max_amount": 1
                  },
                  {
                    "item": "minecraft:cooked_salmon",
                    "priority": 2,
                    "max_amount": 1
                  },
                  {
                    "item": "minecraft:rotten_flesh",
                    "priority": 2,
                    "max_amount": 1
                  },
                  {
                    "item": "darkage:human_flesh",
                    "priority": 1,
                    "max_amount": 1
                  },
                  {
                    "item": "darkage:human_flesh_cook",
                    "priority": 1,
                    "max_amount": 1
                  },
                  {
                    "item": "darkage:chocurmis_raw",
                    "priority": 1,
                    "max_amount": 1
                  },
                  {
                    "item": "darkage:chocurmis_cooked",
                    "priority": 1,
                    "max_amount": 1
                  }
                ]
              }
           },
           
       "events": {
       "minecraft:entity_spawned": {
        "randomize": [
          {
            "weight": 280,
            "remove": {},
            "add": {
              "component_groups": [
                "minecraft:devourer_attack1",
                "minecraft:devourer_adult"
              ]
            }
          }
        ]
      },
      "minecraft:spawn_baby": {
        "add": {
          "component_groups": [
            "minecraft:devourer_attack1",
            "minecraft:devourer_baby"
          ]
        }
      },
      "minecraft:on_tame": {
        "add": {
          "component_groups": [
            "minecraft:devourer_tame"
          ]
        }
      },
      "minecraft:devourer_adult": {
        "add": {
          "component_groups": [
            "minecraft:devourer_adult"
          ]
        },
        "remove": {
          "component_groups": [
            "minecraft:devourer_baby"
          ]
        }
      },
       "minecraft:unbound_elemental_attacks": {
        "randomize": [
          {
            "weight": 60,
            "remove": {
            "component_groups": [
            "minecraft:devourer_attack2",
            "minecraft:devourer_attack3"
              ]
            },
            "add": {
              "component_groups": [
             "minecraft:devourer_attack1"
              ]
            }
          },
          {
            "weight": 40,
            "remove": {
            "component_groups": [
             "minecraft:devourer_attack1",
             "minecraft:devourer_attack3"
              ]
            },
            "add": {
              "component_groups": [
             "minecraft:devourer_attack2"
              ]
            }
          },
          {
            "weight": 40,
            "remove": {
            "component_groups": [
             "minecraft:devourer_attack1",
             "minecraft:devourer_attack2"
              ]
            },
            "add": {
              "component_groups": [
             "minecraft:devourer_attack3"
              ]
            }
          }
        ]
      }
      
    }
  }
}
