{
  "format_version": "1.8.0",
  "minecraft:entity": {
    "description": {
      "identifier": "darkage:nagars_spikes",
      "is_spawnable": false,
      "is_summonable": true,
      "is_experimental": false
    },
    
	
    "component_groups": {
      "minecraft:despawning": {
      "minecraft:despawn": {
       }
     }
   	},
    "components": {
      "minecraft:area_attack" : {
        "damage_range": 2.5,
        "damage_per_tick": 7.5,
        "cause": "contact",
        "entity_filter": {
          "all_of": [
      { "test": "is_family", "subject": "other", "operator": "!=", "value": "nagars" }
       ]
      }
    },
      "minecraft:damage_sensor": [
	    {
          "cause": "all",
          "deals_damage": false
        }
	  ],
      "minecraft:timer": {
          "looping": false,
          "time": 2.06,
          "time_down_event": {
            "event": "minecraft:event_despawn"
          }
        },
      "minecraft:knockback_resistance": {
        "value": 5.0
      },
      "minecraft:pushable": {
        "is_pushable": false,
        "is_pushable_by_piston": false
      },
      "minecraft:collision_box": {
        "width": 1.0,
        "height": 1.0
      }
    },
	
    "events": {
      "minecraft:event_despawn": {
	    "add": { 
        "component_groups": [
         "minecraft:despawning" 
          ] 
        }
      }
    }
  }
}