{
  "format_version": "1.13.0",
  "minecraft:entity": {
    "description": {
      "identifier": "darkage:nagars_machinery",
      "is_spawnable": true,
      "is_summonable": true,
      "is_experimental": false
		},
    "component_groups": {
  },
    "components": {
      "minecraft:type_family": {
        "family": [ "machinery" ]
      },
      "minecraft:attack": {
        "damage": 7
      },
      "minecraft:behavior.melee_attack": {
        "priority": 4,
        "target_dist": 1.2,
        "speed_multiplier": 1.2,
        "track_target": true
        },
      "minecraft:rideable": {
        "seat_count": 1,
        "crouching_skip_interact": true,
        "family_types": [
          "player"
        ],
        "interact_text": "action.interact.ride.horse",
        "seats": {
          "position": [ 0.0, 1.8, -0.2 ]
           }
        },
      "minecraft:health": {
        "value": 250,
        "max": 250
      },
      "minecraft:is_chested": {},
      "minecraft:collision_box": {
        "width": 1,
        "height": 3
      },
      "minecraft:inventory": {
        "inventory_size": 32,
        "container_type": "horse"
      },
      "minecraft:can_power_jump": {
      },
      "minecraft:navigation.walk": {
        "can_path_over_water": true,
        "avoid_water": true,
        "avoid_damage_blocks": true
      },
      "minecraft:horse.jump_strength": {
        "value": 2.0
      },
      "minecraft:behavior.player_ride_tamed": {
      },
      "minecraft:input_ground_controlled": {
      },
            "minecraft:movement": {
        "value": 0.35
      },
      "minecraft:movement.basic": {
      },
      "minecraft:healable": {
        "items": [
          {
            "item": "log",
            "heal_amount": 5
          }
        ]
      },
      "minecraft:can_climb": {
      },
      "minecraft:jump.static": {
      },
      "minecraft:behavior.float": {
                "priority": 20
            },         
      "minecraft:damage_sensor": {
        "triggers": [
            {
            "cause": "block_explosion",
            "deals_damage": false
            },
            {
              "cause": "entity_explosion",
              "deals_damage": false
              },
              {
                "cause": "fall",
               "deals_damage": false
                }
          ]
      },
      "minecraft:knockback_resistance": {
        "value": 1.0
      },
            "minecraft:hurt_on_condition": {
        "damage_conditions": [
          {
            "filters": { "test": "in_lava", "subject": "self", "operator": "==", "value": true },
            "cause": "lava",
            "damage_per_tick": 4
          }
        ]
      },
      "minecraft:physics": {
      },
      "minecraft:pushable": {
                "is_pushable": false,
                "is_pushable_by_piston": true
              }
           },
           
       "events": {
        "minecraft:entity_spawned": {
          "randomize": [
            {
              "weight": 90,
              "remove": {},
              "add": {
                "component_groups": [
                  "minecraft:nagas_machinery_default"
                ]
              }
            }
          ]
        }
    }
  }
}
