{
  "format_version": "1.13.0",
  "minecraft:entity": {
    "description": {
      "identifier": "darkage:nagars_raiz",
      "is_spawnable": false,
      "is_summonable": true,
      "is_experimental": false,
         "scripts": {
				"animate": [
					"regeneration"
				]
			},
			"animations": {
				"regeneration": "controller.animation.nagars.regeneration"
			}
		},
    "component_groups": {
  },
    "components": {
      "minecraft:experience_reward": {
        "on_death": "query.last_hit_by_player ? 5 + (query.equipment_count * Math.Random(1,2)) : 0"
      },
      "minecraft:type_family": {
        "family": [ "nagars", "monster" ]
      },
      "minecraft:health": {
        "value": 20,
        "max": 20
      },
      "minecraft:collision_box": {
        "width": 1.0,
        "height": 3.0
      },
      "minecraft:knockback_resistance": {
        "value": 1.0
      },
      "minecraft:physics": {
      },
      "minecraft:pushable": {
                "is_pushable": false,
                "is_pushable_by_piston": true
              }
           },
           
       "events": {
       "minecraft:entity_spawned": {
        "randomize": [
          {
            "weight": 280,
            "remove": {},
            "add": {
              "component_groups": [
                "minecraft:nagars_attack1"
              ]
            }
          }
        ]
      },
       "minecraft:nagars_attacks": {
        "randomize": [
          {
            "weight": 20,
            "remove": {
            "component_groups": [
            "minecraft:nagars_attack2",
           "minecraft:nagars_casting2",
           "minecraft:nagars_casting"
              ]
            },
            "add": {
              "component_groups": [
             "minecraft:nagars_attack1"
              ]
            }
          }
        ]
      }
      
    }
  }
}
