{
  "format_version": "1.19.50",
  "minecraft:entity": {
    "description": {
      "identifier": "wesl3y:clones_long",
      "is_spawnable": false,
      "is_summonable": true,
      "is_experimental": false,
      "runtime_identifier": "minecraft:snowball"
    },
	"component_groups": {
	  "wesl3y:despawn": {
        "minecraft:instant_despawn": {}
      },
	  "wesl3y:clones": {
	    "minecraft:variant": {
	      "value": 1
	    },
        "minecraft:type_family": {
          "family": [ "clones", "clones", "projectile", "attack" ]
        },
        "minecraft:transformation": {
          "into": "wesl3y:clones_short<wesl3y:clones>",
          "keep_owner": true,
          "delay": 0.1
        },
        "minecraft:projectile": {
          "on_hit": {
            "impact_damage": {
              "damage": 0,
              "destroy_on_hit": false
            },
            "definition_event": {}
          },
          "power": 0.0,
          "gravity": 0,
          "angle_offset": 0.0,
          "inertia": 1,
		  "uncertaintyBase": 5,
          "liquid_inertia": 1,
          "catch_fire": false,
          "offset": [0, 0.25, 0]
        }
	  },
	  "wesl3y:giant_clone": {
	    "minecraft:variant": {
	      "value": 1
	    },
        "minecraft:type_family": {
          "family": [ "giant_clones", "clones", "projectile", "attack" ]
        },
        "minecraft:transformation": {
          "into": "wesl3y:clones_short<wesl3y:giant_clone>",
          "keep_owner": true,
          "delay": 0.1
        },
        "minecraft:projectile": {
          "on_hit": {
            "impact_damage": {
              "damage": 0,
              "destroy_on_hit": false
            },
            "definition_event": {}
          },
          "power": 0.0,
          "gravity": 0,
          "angle_offset": 0.0,
          "inertia": 1,
		  "uncertaintyBase": 0,
          "liquid_inertia": 1,
          "catch_fire": false,
          "offset": [0, 0.25, 0]
        }
	  }
	},
    "components": {
      "minecraft:transformation": {
        "into": "wesl3y:despawn",
        "delay": 5.0
      },
      "minecraft:despawn": {
        "filters": {
          "any_of": [
            { "test": "distance_to_nearest_player", "operator": ">", "value": 32}
          ]
        }
      },
      "minecraft:damage_sensor": {
        "triggers":[
          {
            "cause": "all",
            "deals_damage": false
          }
        ]
      },
      "minecraft:timer": {
        "time": 0.15,
        "looping": true,
        "time_down_event": {
          "event": "wesl3y:command"
        }
      },
      "minecraft:physics": {},
      "minecraft:pushable": {
        "is_pushable": false,
        "is_pushable_by_piston": true
      },
      "minecraft:conditional_bandwidth_optimization": {
        "default_values": {
          "max_optimized_distance": 80,
          "max_dropped_ticks": 10,
          "use_motion_prediction_hints": true
        }
      }
    },
	
	"events": {
	  "wesl3y:entity_spawned": {
        "sequence": [
          {
            "filters": {
              "test": "has_tag",
              "subject": "other",
              "value": "clones"
            },
            "add": {
              "component_groups": [
                "wesl3y:clones"
              ]
            }
          },
          {
            "filters": {
              "test": "has_tag",
              "subject": "other",
              "value": "giant_clone"
            },
            "add": {
              "component_groups": [
                "wesl3y:giant_clone"
              ]
            }
          }
	    ]
	  },
      "wesl3y:command": {},
	  "wesl3y:despawn": {
	    "add": {
	      "component_groups": [
	        "wesl3y:despawn"
	      ]
	    }
	  }
	}
  }
}