{
	"format_version": "1.18.0",
	"minecraft:entity": {
		"description": {
			"identifier": "zk:largemoonslasha",
			"is_spawnable": false,
			"is_summonable": true,
			"is_experimental": false,
			"runtime_identifier": "minecraft:snowball"
		},
		"component_groups": {
			"despawn": {
				"minecraft:instant_despawn": {}
			}
		},
		"components": {
			"minecraft:collision_box": {
				"width": 0,
				"height": 0
			},
			"minecraft:damage_sensor": {
				"triggers": [
					{
						"cause": "all",
						"deals_damage": false
					}
				]
			},
			"minecraft:physics": {
				"has_collision": false,
				"has_gravity": false
			},
			"minecraft:timer": {
				"time": 4,
				"time_down_event": {
					"event": "despawn"
				}
			},
			"minecraft:projectile": {
				"on_hit": {
					"definition_event": {
						"event_trigger": {
							"event": "onhit"
						}
					},
					"impact_damage": {
						"damage": 8,
						"knockback": true,
						"semi_random_diff_damage": false,
						"destroy_on_hit": false
					}
				},
				"inertia": 1,
				"liquid_inertia": 10,
				"gravity": 0,
				"power": 1.3,
				"destroy_on_hurt": false
			}
		},
		"events": {
			"despawn": {
				"sequence": [
					{
						"add": {
							"component_groups": [
								"despawn"
							]
						}
					}
				]
			},
			"onhit": {
				"sequence": [
					{
						"run_command": {
							"command": [
								"effect @e[r=1] weakness 2 1 true"
							]
						}
					}
				]
			}
		}
	}
}