{
	"format_version": "1.18.0",
	"minecraft:entity": {
		"description": {
			"identifier": "zk:moonbladel",
			"is_spawnable": false,
			"is_summonable": true,
			"is_experimental": false
		},
		"component_groups": {
			"despawn": {
				"minecraft:instant_despawn": {}
			}
		},
		"components": {
			"minecraft:collision_box": {
				"width": 0.5,
				"height": 1.5
			},
			"minecraft:damage_sensor": {
				"triggers": [
					{
						"cause": "all",
						"deals_damage": false
					}
				]
			},
			"minecraft:physics": {
				"has_collision": true,
				"has_gravity": true
			},
			"minecraft:projectile": {
				"on_hit": {
					"impact_damage": {
						"damage": 17
					},
					"stick_in_ground": {
						"shake_time": 0.1
					},
					"mob_effect": {
						"visible": false,
						"amplifier": 1,
						"effect": "weakness",
						"duration": 4
					},
					"definition_event": {
						"event_trigger": {
							"event": "mana"
						}
					}
				},
				"is_dangerous": true,
				"inertia": 1,
				"power": 1,
				"liquid_inertia": 1,
				"gravity": 1
			},
			"minecraft:timer": {
				"time": 3,
				"time_down_event": {
					"event": "despawn"
				}
			}
		},
		"events": {
			"despawn": {
				"sequence": [
					{
						"add": {
							"component_groups": [
								"despawn"
							]
						}
					}
				]
			},
			"mana": {
				"sequence": [
					{
						"run_command": {
							"command": [
								"scoreboard players add @p[tag=mb,c=1] mana 1"
							]
						}
					}
				]
			}
		}
	}
}