{
	"format_version": "1.17.0",
	"minecraft:item": {
		"description": {
			"identifier": "a:bending_scroll"
		},
		"components": {
			"minecraft:max_stack_size": 1,
			"minecraft:hand_equipped": false,
			"minecraft:foil": true,
			"minecraft:can_destroy_in_creative": false,
			"minecraft:on_use": {
				"on_use": {
					"event": "on_use"
				}
			},
			"minecraft:cooldown": {
				"category": "bending_scroll",
				"duration": 0.4
			},
			"minecraft:icon": {
				"texture": "bending_scroll"
			}
		},
		"events": {
			"on_use": {
				"run_command": {
					"command": [
						"particle a:air_puff",
						"tellraw @s[tag=!setup] {\"rawtext\":[{\"text\":\"§cThere was an error. Is gametest enabled? Are the other experimental settings enabled? If both of those are true and it won't work, please join the discord for support!\"}]}"
					]
				}
			}
		}
	}
}