{
	"format_version": "1.10.0",
	"animations": {
		"animation.dirt_block_small": {
			"timeline": {
				"0.0": [
					"/tp @s[tag=move] ^^^1 facing @e[c=1,tag=!earth,tag=!avatar,type=!xp_orb,type=!item,type=!armor_stand,type=!a:dirt_block_small,type=!arrow,type=!thrown_trident]",
					"/execute as @e[r=1,tag=!earth,tag=!avatar,type=!xp_orb,type=!item,type=!armor_stand,type=!a:dirt_block_small,type=!arrow,type=!thrown_trident] run event entity @e[r=1,type=a:dirt_block_small] minecraft:explode",
					"/particle minecraft:falling_dust_gravel_particle ~~~"
				]
			},
			"animation_length": 0.05,
			"loop": true
		}
	}
}