{
	"format_version": "1.16.100",
	"minecraft:item": {
		"description": {
			"identifier": "a:empty_cup",
			"category": "equipment"
		},
		"components": {
			"minecraft:max_stack_size": 1,
			"minecraft:stacked_by_data": true,
			"minecraft:use_duration": 0.05,
			"minecraft:potion": {
				"type": "regular"
			},
			"minecraft:icon": {
				"texture": "empty_cup"
			},
			"minecraft:creative_category": {
				"parent": "itemGroup.name.potion"
			},			
			"minecraft:on_use": {
				"on_use": {
					"event": "on_use"
				}
			}
		}
	}
}