{
	"format_version": "1.16.100",
	"minecraft:item": {
		"description": {
			"identifier": "a:nomad_tea",
			"category": "equipment"
		},
		"components": {
			"minecraft:max_stack_size": 1,
			"minecraft:stacked_by_data": true,
			"minecraft:use_duration": 1.6,
			"minecraft:icon": {
				"texture": "nomad_tea"
			},
			"minecraft:potion": {
				"type": "regular"
			},
			"minecraft:use_animation": "drink",
			"minecraft:food": {
				"can_always_eat": true,
				"saturation_modifier": "supernatural",
				"nutrition": 1
			},
			"minecraft:creative_category": {
				"parent": "itemGroup.name.potion"
			}
		}
	}
}