{
	"format_version": "1.16.100",
	"minecraft:item": {
		"description": {
			"identifier": "zk:creaturesofthevoid",
			"category": "equipment"
		},
		"components": {
			"minecraft:can_destroy_in_creative": false,
			"minecraft:creative_category": {
				"parent": "equipment"
			},
			"minecraft:max_stack_size": 1,
			"minecraft:on_use": {
				"on_use": {
					"event": "summon",
					"condition": "query.scoreboard('mana')>=22"
				}
			},
			"minecraft:cooldown": {
				"category": "skill3",
				"duration": 20
			},
			"minecraft:display_name": {
				"value": "§0§lSkill 3\n§b22 Mana\n§0Creatures of the Void"
			},
			"minecraft:weapon": {
				"on_hurt_entity": {
					"event": "hit"
				}
			},
			"minecraft:icon": {
				"texture": "dark.creatures"
			},
			"minecraft:damage": 8,
			"minecraft:foil": true
		},
		"events": {
			"summon": {
				"sequence": [
					{
						"run_command": {
							"command": [
								"scoreboard players remove @s[scores={mana=22..}] mana 22",
								"execute @s ~~~ summon zk:darksummoner ^-2^^",
								"execute @s ~~~ summon zk:phantomvoid ^-2^^",
								"execute @s ~~~ summon zk:darksummoner ^^2^",
								"execute @s ~~~ summon zk:phantomvoid ^^2^",
								"execute @s ~~~ summon zk:phantomvoid ^^^2",
								"execute @s ~~~ summon zk:darksummoner ^^^2",
								"execute @s ~~~ summon zk:phantomvoid ^^^2",
								"execute @s ~~~ summon zk:darksummoner ^1^^",
								"execute @s ~~~ summon zk:phantomvoid ^1^^",
								"playsound zk.creaturesofthevoid @a[r=50]",
								"playanimation @s animation.darksword.summon"
							]
						}
					}
				]
			},
			"hit": {
				"sequence": [
					{
						"run_command": {
							"command": [
								"damage @e[r=5,tag=!ally,rm=1] 5 magic entity @p[tag=darks]",
								"particle zk:darkpulse ~~1~"
							]
						}
					}
				]
			}
		}
	}
}