{
	"format_version": "1.16.100",
	"minecraft:item": {
		"description": {
			"identifier": "zk:darkcrystali",
			"category": "equipment"
		},
		"components": {
			"minecraft:can_destroy_in_creative": false,
			"minecraft:creative_category": {
				"parent": "equipment"
			},
			"minecraft:icon": {
				"texture": "dark.crystal"
			},
			"minecraft:max_stack_size": 1,
			"minecraft:foil": true,
			"minecraft:on_use": {
				"on_use": {
					"event": "summon",
					"condition": "query.scoreboard('mana')>=35"
				}
			},
			"minecraft:cooldown": {
				"category": "ultimate",
				"duration": 32
			},
			"minecraft:display_name": {
				"value": "§0§lUltimate\n§b§l35 Mana\n§0§lDark Crystal"
			},
			"minecraft:weapon": {
				"on_hurt_entity": {
					"event": "hit"
				}
			},
			"minecraft:damage": 8
		},
		"events": {
			"summon": {
				"sequence": [
					{
						"run_command": {
							"command": [
								"scoreboard players remove @s[scores={mana=35..}] mana 35",
								"playanimation @s animation.darksword.darkslash",
								"playsound zk.darkcrystal @a[r=40]",
								"scoreboard players set @s pulsing 210",
								"tag @s add pulsing",
								"summon zk:darkcrystal ~~1.5~",
								"particle zk:darkcrystal ~~1.5~"
							]
						}
					}
				]
			},
			"hit": {
				"sequence": [
					{
						"run_command": {
							"command": [
								"damage @e[r=5,tag=!ally,rm=1] 5 magic entity @p[tag=darks]",
								"particle zk:darkpulse ~~1~"
							]
						}
					}
				]
			}
		}
	}
}