{
	"format_version": "1.16.100",
	"minecraft:item": {
		"description": {
			"identifier": "zk:darkdimensionslash",
			"category": "equipment"
		},
		"components": {
			"minecraft:can_destroy_in_creative": false,
			"minecraft:creative_category": {
				"parent": "equipment"
			},
			"minecraft:icon": {
				"texture": "darkdimension.slash"
			},
			"minecraft:max_stack_size": 1,
			"minecraft:foil": true,
			"minecraft:on_use": {
				"on_use": {
					"event": "shoot",
					"condition": "query.scoreboard('mana')>=32"
				}
			},
			"minecraft:cooldown": {
				"category": "ultimate",
				"duration": 30
			},
			"minecraft:display_name": {
				"value": "§0§lUltimate\n§b§l32 Mana\n§0§lDark Dimension Slash"
			},
			"minecraft:weapon": {
				"on_hurt_entity": {
					"event": "hit"
				}
			},
			"minecraft:damage": 8
		},
		"events": {
			"shoot": {
				"sequence": [
					{
						"run_command": {
							"command": [
								"scoreboard players remove @s[scores={mana=32..}] mana 32",
								"playanimation @s animation.darksword.darkslash",
								"scoreboard players set @s slashing 100",
								"tag @s add slashing",
								"playsound zk.darkslash @a[r=30]"
							]
						}
					},
					{
						"shoot": {
							"projectile": "zk:darkslash",
							"launch_power": 1.2
						}
					}
				]
			},
			"hit": {
				"sequence": [
					{
						"run_command": {
							"command": [
								"damage @e[r=5,tag=!ally,rm=1] 5 magic entity @p[tag=dark]",
								"particle zk:darkpulse ~~1~"
							]
						}
					}
				]
			}
		}
	}
}