{
	"format_version": "1.16.100",
	"minecraft:item": {
		"description": {
			"identifier": "zk:darkshot",
			"category": "equipment"
		},
		"components": {
			"minecraft:can_destroy_in_creative": false,
			"minecraft:creative_category": {
				"parent": "equipment"
			},
			"minecraft:icon": {
				"texture": "dark.shot"
			},
			"minecraft:max_stack_size": 1,
			"minecraft:foil": true,
			"minecraft:on_use": {
				"on_use": {
					"event": "shoot",
					"condition": "query.scoreboard('mana')>=2"
				}
			},
			"minecraft:cooldown": {
				"category": "basic",
				"duration": 1.5
			},
			"minecraft:display_name": {
				"value": "§0Basic Atk\n§b2 Mana\n§0Dark Shot"
			},
			"minecraft:weapon": {
				"on_hurt_entity": {
					"event": "hit"
				}
			},
			"minecraft:damage": 8
		},
		"events": {
			"shoot": {
				"sequence": [
					{
						"run_command": {
							"command": [
								"scoreboard players remove @s[scores={mana=2..}] mana 2",
								"playsound zk.darkshot @a[r=20]",
								"playanimation @s animation.darksword.darkshot"
							]
						}
					},
					{
						"shoot": {
							"projectile": "zk:darknessshot",
							"launch_power": 1
						}
					}
				]
			},
			"hit": {
				"sequence": [
					{
						"run_command": {
							"command": [
								"damage @e[r=5,tag=!ally,rm=1] 5 magic entity @p[tag=darks]",
								"particle zk:darkpulse ~~1~"
							]
						}
					}
				]
			}
		}
	}
}