{
	"format_version": "1.16.100",
	"minecraft:item": {
		"description": {
			"identifier": "zk:darknessbindingrestraints",
			"category": "equipment"
		},
		"components": {
			"minecraft:can_destroy_in_creative": false,
			"minecraft:creative_category": {
				"parent": "equipment"
			},
			"minecraft:icon": {
				"texture": "zk.restraints"
			},
			"minecraft:max_stack_size": 1,
			"minecraft:foil": true,
			"minecraft:on_use": {
				"on_use": {
					"event": "restraints",
					"condition": "query.scoreboard('mana')>=8"
				}
			},
			"minecraft:cooldown": {
				"category": "skill1",
				"duration": 7
			},
			"minecraft:display_name": {
				"value": "§0§lSkill 1\n§b8 Mana\n§0§lDarkness Binding Restraints"
			},
			"minecraft:weapon": {
				"on_hurt_entity": {
					"event": "hit"
				}
			},
			"minecraft:damage": 8
		},
		"events": {
			"restraints": {
				"sequence": [
					{
						"run_command": {
							"command": [
								"scoreboard players remove @s[scores={mana=8..}] mana 8",
								"tag @e[r=10,c=1,tag=!ally,rm=1,type=!item,type=!arrow,type=!thrown_trident,type=!xp_orb] add restrained",
								"tag @e[r=10,c=1,tag=!ally,tag=!restrained,rm=1,type=!item,type=!arrow,type=!thrown_trident,type=!xp_orb] add restrainede",
								"tag @e[r=10,c=1,tag=!ally,tag=!restrained,tag=!restrainede,rm=1,type=!item,type=!arrow,type=!thrown_trident,type=!xp_orb] add restrainedr",
								"effect @e[r=10,c=4,tag=!ally,rm=1,type=!item,type=!arrow,type=!thrown_trident,type=!xp_orb,tag=restrained] slowness 6 50 true",
								"scoreboard players set @e[r=10,c=1,tag=!ally,rm=1,type=!item,type=!arrow,type=!thrown_trident,type=!xp_orb,tag=restrained] restraints 104",
								"scoreboard players set @e[r=10,c=1,tag=!ally,rm=1,type=!item,type=!arrow,type=!thrown_trident,type=!xp_orb,tag=restrainede] restraints 104",
								"scoreboard players set @e[r=10,c=1,tag=!ally,rm=1,type=!item,type=!arrow,type=!thrown_trident,type=!xp_orb,tag=restrainedr] restraints 104",
								"execute @e[r=10,c=1,tag=!ally,rm=1,type=!item,type=!arrow,type=!thrown_trident,type=!xp_orb,tag=restrained] ~~~ summon zk:restraints",
								"execute @e[r=10,c=1,tag=!ally,rm=1,type=!item,type=!arrow,type=!thrown_trident,type=!xp_orb,tag=restrainede] ~~~ summon zk:restraintse",
								"execute @e[r=10,c=1,tag=!ally,rm=1,type=!item,type=!arrow,type=!thrown_trident,type=!xp_orb,tag=restrainedr] ~~~ summon zk:restraintsr",
								"playsound zk.darkrestraints @a[r=20]",
								"playanimation @s animation.darksword.restraints"
							]
						}
					}
				]
			},
			"hit": {
				"sequence": [
					{
						"run_command": {
							"command": [
								"damage @e[r=5,tag=!ally,rm=1] 5 magic entity @p[tag=dark]",
								"particle zk:darkpulse ~~1~"
							]
						}
					}
				]
			}
		}
	}
}