{
	"format_version": "1.16.100",
	"minecraft:item": {
		"description": {
			"identifier": "zk:darknesscoat",
			"category": "equipment"
		},
		"components": {
			"minecraft:can_destroy_in_creative": false,
			"minecraft:creative_category": {
				"parent": "equipment"
			},
			"minecraft:icon": {
				"texture": "darkness.coat"
			},
			"minecraft:max_stack_size": 1,
			"minecraft:foil": true,
			"minecraft:on_use": {
				"on_use": {
					"event": "coat",
					"condition": "query.scoreboard('mana')>=14"
				}
			},
			"minecraft:cooldown": {
				"category": "skill2",
				"duration": 12
			},
			"minecraft:display_name": {
				"value": "§0§lSkill 2\n§b14 Mana\n§0§lDarkness Coat"
			},
			"minecraft:weapon": {
				"on_hurt_entity": {
					"event": "hit"
				}
			},
			"minecraft:damage": 8
		},
		"events": {
			"coat": {
				"sequence": [
					{
						"run_command": {
							"command": [
								"scoreboard players remove @s[scores={mana=14..}] mana 14",
								"effect @s strength 13 0 true",
								"effect @s speed 13 1 true",
								"particle zk:darkcoat ~~~",
								"playsound zk.darkcoat @a[r=20]"
							]
						}
					}
				]
			},
			"hit": {
				"sequence": [
					{
						"run_command": {
							"command": [
								"damage @e[r=5,tag=!ally,rm=1] 5 magic entity @p[tag=dark]",
								"particle zk:darkpulse ~~1~"
							]
						}
					}
				]
			}
		}
	}
}