{
	"format_version": "1.16.100",
	"minecraft:item": {
		"description": {
			"identifier": "zk:darkareai",
			"category": "equipment"
		},
		"components": {
			"minecraft:can_destroy_in_creative": false,
			"minecraft:creative_category": {
				"parent": "equipment"
			},
			"minecraft:icon": {
				"texture": "dark.area"
			},
			"minecraft:max_stack_size": 1,
			"minecraft:on_use": {
				"on_use": {
					"event": "area",
					"condition": "query.scoreboard('mana')>=15"
				}
			},
			"minecraft:cooldown": {
				"category": "skill2",
				"duration": 14
			},
			"minecraft:display_name": {
				"value": "§0§lSkill 2\n§b15 Mana\n§0§lDark Area"
			},
			"minecraft:weapon": {
				"on_hurt_entity": {
					"event": "hit"
				}
			},
			"minecraft:damage": 8,
			"minecraft:foil": true
		},
		"events": {
			"area": {
				"sequence": [
					{
						"run_command": {
							"command": [
								"scoreboard players remove @s[scores={mana=15..}] mana 15",
								"scoreboard players set @s darea 206",
								"tag @s add darea",
								"particle zk:darkcoat ~~~",
								"summon zk:darkarea",
								"playsound zk.darkarea @a[r=50]"
							]
						}
					}
				]
			},
			"hit": {
				"sequence": [
					{
						"run_command": {
							"command": [
								"damage @e[r=5,tag=!ally,rm=1] 5 magic entity @p[tag=darks]",
								"particle zk:darkpulse ~~1~"
							]
						}
					}
				]
			}
		}
	}
}