{
	"format_version": "1.16.100",
	"minecraft:item": {
		"description": {
			"identifier": "zk:darkphantomi",
			"category": "equipment"
		},
		"components": {
			"minecraft:can_destroy_in_creative": false,
			"minecraft:creative_category": {
				"parent": "equipment"
			},
			"minecraft:icon": {
				"texture": "dark.phantom"
			},
			"minecraft:max_stack_size": 1,
			"minecraft:foil": true,
			"minecraft:on_use": {
				"on_use": {
					"event": "phantom",
					"condition": "query.scoreboard('mana')>=7"
				}
			},
			"minecraft:cooldown": {
				"category": "skill1",
				"duration": 6
			},
			"minecraft:display_name": {
				"value": "§0§lSkill 1\n§b7 Mana\n§0§lDark Phantom"
			},
			"minecraft:weapon": {
				"on_hurt_entity": {
					"event": "hit"
				}
			},
			"minecraft:damage": 8
		},
		"events": {
			"phantom": {
				"sequence": [
					{
						"run_command": {
							"command": [
								"scoreboard players remove @s[scores={mana=8..}] mana 8",
								"tag @e[r=15,c=4,tag=!ally,rm=1,type=!item,type=!arrow,type=!thrown_trident,type=!xp_orb] add phantomer",
								"scoreboard players set @e[r=15,c=4,tag=!ally,rm=1,type=!item,type=!arrow,type=!thrown_trident,type=!xp_orb,tag=phantomer] phantom 164",
								"playanimation @s animation.darksword.summon",
								"playsound zk.darkphantom @a[r=30]"
							]
						},
						"shoot": {
							"projectile": "zk:darkphantom",
							"launch_power": 0.5
						}
					}
				]
			},
			"hit": {
				"sequence": [
					{
						"run_command": {
							"command": [
								"damage @e[r=5,tag=!ally,rm=1] 5 magic entity @p[tag=darks]",
								"particle zk:darkpulse ~~1~"
							]
						}
					}
				]
			}
		}
	}
}