{
	"format_version": "1.16.100",
	"minecraft:item": {
		"description": {
			"identifier": "zk:lightlesswavebarrageactive",
			"category": "equipment"
		},
		"components": {
			"minecraft:can_destroy_in_creative": false,
			"minecraft:creative_category": {
				"parent": "equipment"
			},
			"minecraft:max_stack_size": 1,
			"minecraft:foil": true,
			"minecraft:on_use": {
				"on_use": {
					"event": "shoot"
				}
			},
			"minecraft:cooldown": {
				"category": "active",
				"duration": 0.2
			},
			"minecraft:display_name": {
				"value": "§0§lSkill 3\n§0§lActive"
			},
			"minecraft:damage": 8,
			"minecraft:icon": {
				"texture": "darkness.wave"
			}
		},
		"events": {
			"shoot": {
				"sequence": [
					{
						"run_command": {
							"command": [
								"playanimation @s animation.darksword.lightlesswave",
								"playsound zk.darkswordslash @a[r=20]"
							]
						}
					},
					{
						"shoot": {
							"projectile": "zk:lightlesswave",
							"launch_power": 1.3
						}
					}
				]
			},
			"hit": {
				"sequence": [
					{
						"run_command": {
							"command": [
								"damage @e[r=5,tag=!ally,rm=1] 5 magic entity @p[tag=dark]",
								"particle zk:darkpulse ~~1~"
							]
						}
					}
				]
			}
		}
	}
}