{
	"format_version": "1.16.100",
	"minecraft:item": {
		"description": {
			"identifier": "zk:lightlesswavebarrage",
			"category": "equipment"
		},
		"components": {
			"minecraft:can_destroy_in_creative": false,
			"minecraft:creative_category": {
				"parent": "equipment"
			},
			"minecraft:max_stack_size": 1,
			"minecraft:foil": true,
			"minecraft:on_use": {
				"on_use": {
					"event": "shoot",
					"condition": "query.scoreboard('mana')>=20"
				}
			},
			"minecraft:cooldown": {
				"category": "skill3",
				"duration": 25
			},
			"minecraft:display_name": {
				"value": "§0§lSkill 3\n§b20 Mana\n§0Lightless Wave Barrage"
			},
			"minecraft:weapon": {
				"on_hurt_entity": {
					"event": "hit"
				}
			},
			"minecraft:icon": {
				"texture": "darkness.wave"
			}
		},
		"events": {
			"shoot": {
				"sequence": [
					{
						"run_command": {
							"command": [
								"scoreboard players remove @s[scores={mana=20..}] mana 20",
								"scoreboard players set @s lightless 204",
								"replaceitem entity @s slot.weapon.mainhand 0 zk:lightlesswavebarrageactive 1 1 {\"minecraft:item_lock\":{\"mode\":\"lock_in_inventory\"}, \"minecraft:keep_on_death\":{}}",
								"gamerule sendcommandfeedback false",
								"playsound zk.darkswordslash @a[r=20]"
							]
						}
					}
				]
			},
			"hit": {
				"sequence": [
					{
						"run_command": {
							"command": [
								"damage @e[r=5,tag=!ally,rm=1] 5 magic entity @p[tag=dark]",
								"particle zk:darkpulse ~~1~"
							]
						}
					}
				]
			}
		}
	}
}