{
    "format_version": "1.16.0",
    "minecraft:entity": {
        "description": {
            "identifier": "aw:shotgun_bullets_entity",
            "is_experimental": false,
            "is_spawnable": false,
            "is_summonable": true,
            "runtime_identifier": "minecraft:snowball"
        },
        "component_groups": {
            "despawn_entity": {
                "minecraft:instant_despawn": {}
            },
            "timer_group": {
                "minecraft:timer": {
                    "looping": false,
                    "time": 10,
                    "time_down_event": {
                        "event": "despawn_entity_event"
                    }
                }
            }
        },
        "components": {
            "minecraft:type_family": {
                "family": ["bullet"]
            },
            "minecraft:physics": {},
            "minecraft:collision_box": {
                "width": 0.1,
                "height": 0.1
            },
            "minecraft:health": {
                "value": 1,
                "max": 1
            },
            "minecraft:projectile": {
                "offset": [0,0,0],
                "should_bounce": false,
                "power": 2,
                "gravity": 0,
                "on_hit": {
                    "impact_damage": {
                        "damage": 20,
                        "destroy_on_hit": true,
                        "knockback": true
                    }
                }
            },
            "minecraft:damage_sensor": {
                "triggers": {
                    "on_damage": {},
                    "deals_damage": false
                }
            },
            "minecraft:environment_sensor": {
                "triggers": [
                    {
                        "event": "despawn_entity_event",
                        "filters": {
                            "all_of": [
                                {
                                    "test": "on_ground",
                                    "subject": "self",
                                    "operator": "==",
                                    "value": true
                                }
                            ]
                        }
                    },
                    {
                        "event": "despawn_entity_event_timer",
                        "filters": {
                            "all_of": [
                                {
                                    "test": "in_water",
                                    "subject": "self",
                                    "operator": "==",
                                    "value": true
                                }
                            ]
                        }
                    }
                ]
            }
        },
        "events": {
            "despawn_entity_event": {
                "add": {
                    "component_groups": [
                        "despawn_entity"
                    ]
                }
            },
            "despawn_entity_event_timer": {
                "add": {
                    "component_groups": [
                        "timer_group"
                    ]
                }
            }
        }
    }
}