{
	"format_version": "1.10.0",
	"animation_controllers": {
		"controller.animation.nagars.attack": {
			"initial_state": "default",
			"states": {
				"default": {
					"transitions": [
						{
							"attack": "query.is_delayed_attacking"
						}
					]
				},
				"attack": {
					"transitions": [
						{
							"default": "!query.is_delayed_attacking"
						}
					],
					"on_exit": [
					 "@s minecraft:nagars_attacks"
					]
				}
			}
		},
		"controller.animation.nagars.cast": {
			"initial_state": "default",
			"states": {
				"default": {
					"transitions": [
						{
							"cast": "query.is_casting"
						}
					]
				},
				"cast": {
					"transitions": [
						{
							"default": "!query.is_casting"
						}
					],
					"on_exit": [
					  "@s minecraft:nagars_attacks"
					]
				}
			}
		},
		"controller.animation.nagars.roar": {
			"initial_state": "default",
			"states": {
				"default": {
					"transitions": [
						{
							"roar": "query.is_roaring"
						}
					]
				},
				"roar": {
					"transitions": [
						{
							"default": "!query.is_roaring"
						}
					],
					"on_entry": [
					  "/playsound mob.nagars.roar @a[r=30]"
					]
				}
			}
		},
		"controller.animation.nagars.spawn_raiz": {
			"initial_state": "default",
			"states": {
				"default": {
				   "animations": [
					 {
					 "spawn_raiz1": "query.health <= 100"
					  }
				  ]
			}
	   }
  },
		"controller.animation.flower_nagars.levitation": {
			"initial_state": "default",
			"states": {
				"default": {
					"transitions": [
						{
							"levitation": "(1.0)"
						}
					]
				},
				"levitation": {
					"transitions": [
						{
							"default": "(1.0)"
						}
					],
					"on_exit": [
					 "/effect @s levitation 5 1 true"
					]
				}
			}
		},
		"controller.animation.nagars.regeneration": {
			"initial_state": "default",
			"states": {
				"default": {
					"transitions": [
						{
							"regeneration": "!query.is_ignited"
						}
					]
				},
				"regeneration": {
					"transitions": [
						{
							"default": "!query.is_ignited"
						}
					],
					"on_exit": [
					 "/effect @s regeneration 1 2",
					 "/effect @e[type=darkage:nagars] regeneration 3 5"
					]
				}
			}
		},
		"controller.animation.panda.attack": {
			"initial_state": "default",
			"states": {
				"default": {
					"transitions": [
						{
							"attack": "query.is_delayed_attacking"
						}
					]
				},
				"attack": {
					"transitions": [
						{
							"default": "!query.is_delayed_attacking"
						}
					],
					"on_exit": [
					 "@s minecraft:panda_attacks"
					]
				}
			}
		}
	}
}
						