{
  "format_version": "1.12",
  "minecraft:recipe_shaped": {
    "description": {
      "identifier": "divine_ores_87475c18"
    },
    "tags": [
      "crafting_table"
    ],
    "pattern": [
      "A A",
      "BCB",
      " D "
    ],
    "key": {
      "A": {
        "item": "minecraft:dye",
        "data": 11
      },
      "B": {
        "item": "minecraft:torch",
        "data": 0
      },
      "C": {
        "item": "minecraft:netherite_ingot",
        "data": 0
      },
      "D": {
        "item": "minecraft:soul_torch",
        "data": 0
      }
    },
    "result": {
      "item": "pa:divine_ores",
      "count": 1
    }
  }
}