{
  "format_version": "1.12",
  "minecraft:recipe_shaped": {
    "description": {
      "identifier": "true_divine_chestplate_abf020a2"
    },
    "tags": [
      "crafting_table"
    ],
    "pattern": [
      "ABA",
      "A A"
    ],
    "key": {
      "A": {
        "item": "pa:true_divine_ores",
        "data": 0
      },
      "B": {
        "item": "pa:divine_king_chestplate",
        "data": 0
      }
    },
    "result": {
      "item": "pa:true_divine_chestplate",
      "count": 1
    }
  }
}