{
  "format_version": "1.12",
  "minecraft:recipe_shaped": {
    "description": {
      "identifier": "true_divine_legging_fa1dc8e9"
    },
    "tags": [
      "crafting_table"
    ],
    "pattern": [
      "ABA",
      " C "
    ],
    "key": {
      "A": {
        "item": "pa:true_divine_ores",
        "data": 0
      },
      "B": {
        "item": "pa:divine_legging",
        "data": 0
      },
      "C": {
        "item": "pa:true_divine_ores",
        "data": 0
      }
    },
    "result": {
      "item": "pa:true_divine_legging",
      "count": 1
    }
  }
}