{
	"format_version": "1.13.0",
	"minecraft:entity": {
		"description": {
			"identifier": "a:spirit_player",
			"is_spawnable": false,
			"is_summonable": true,
			"is_experimental": false
		},
		"component_groups": {
			"minecraft:despawn": {
				"minecraft:instant_despawn": {}
			}
		},
		"components": {
			"minecraft:physics": {
				"has_gravity": false
			},
			"minecraft:persistent": {},
			"minecraft:collision_box": {
				"width":1,
				"height": 2
			},
			"minecraft:tick_world": {
				"radius": 1,
				"never_despawn": true
			},
			"minecraft:conditional_bandwidth_optimization": {},
			"minecraft:damage_sensor": {
				"triggers": [
					{
						"deals_damage": false,
						"on_damage": {
							"event": "minecraft:despawn"
						},
						"cause": "all"
					}
				]
			}
		},
		"events": {
			"minecraft:despawn": {
				"add": {
					"component_groups": [
						"minecraft:despawn"
					]
				}
			}
		}
	}
}