{
  "format_version": "1.13.0",
 "minecraft:entity": {
  "description": {
    "identifier": "darkage:calamity",
    "is_spawnable": true,
    "is_summonable": true,
    "is_experimental": false,
    "scripts": {
   "animate": [
     "attack",
     "fall",
     "destroy"
   ]
 },
 "animations": {
     "attack": "controller.animation.calamity.attacks",
     "fall": "controller.animation.calamity.fall",
     "destroy": "controller.animation.calamity.destroy"
    }
  },
  "component_groups": {
    "minecraft:sleep_calamity": {
      "minecraft:is_illager_captain": {
      },
      "minecraft:damage_sensor": {
        "triggers": [
            {
            "cause": "block_explosion",
            "deals_damage": false
            },
            {
            "cause": "entity_explosion",
            "deals_damage": false
            },
            {
              "cause": "fire",
              "deals_damage": false
            },
            {
              "cause": "fire_tick",
              "deals_damage": false
            },
            {
             "cause": "fall",
             "deals_damage": false
            },
            {
            "on_damage": { 
            "event": "minecraft:calamity_wake_up"
            },
            "deals_damage": false
            },
            {
              "on_damage": { 
                "filters": { 
                  "with_damage_fatal": true
              },
               "event": "minecraft:death_event"
              },
               "deals_damage": false
             }
          ]
       }
    },

    "minecraft:wake_up_calamity": {
      "minecraft:is_saddled": {
      },
      "minecraft:timer": {
        "time": 5.13,
        "time_down_event": {
          "event": "minecraft:calamity_begins"
            }
        },
      "minecraft:behavior.knockback_roar": {
        "priority": 1,
        "duration": 3.0,
        "attack_time": 1.5,
        "knockback_damage": 8,
        "knockback_strength": 6,
        "knockback_range": 20,
        "knockback_filters": {
          "test": "is_family",
          "subject": "other",
          "operator": "!=",
          "value": "calamity"
        },
        "damage_filters": {
          "test": "is_family",
          "subject": "other",
          "operator": "!=",
          "value": "calamity"
        },
        "cooldown_time": 5.00
      },
      "minecraft:damage_sensor": {
        "triggers": [
            {
            "cause": "block_explosion",
            "deals_damage": false
            },
            {
            "cause": "entity_explosion",
            "deals_damage": false
            },
            {
              "cause": "fire",
              "deals_damage": false
            },
            {
              "cause": "fire_tick",
              "deals_damage": false
            },
            {
             "cause": "fall",
             "deals_damage": false
            },
            {
              "on_damage": { 
                "filters": { 
                  "with_damage_fatal": true
              },
               "event": "minecraft:death_event"
              },
               "deals_damage": false
             }
          ]
       }
    },

    "minecraft:begins_calamity": {
      "minecraft:damage_sensor": {
        "triggers": [
            {
            "cause": "block_explosion",
            "deals_damage": false
            },
            {
            "cause": "entity_explosion",
            "deals_damage": false
            },
            {
              "cause": "fire",
              "deals_damage": false
            },
            {
              "cause": "fire_tick",
              "deals_damage": false
            },
            {
             "cause": "fall",
             "deals_damage": false
            },
            {
              "on_damage": { 
                "filters": { 
                  "with_damage_fatal": true
              },
               "event": "minecraft:death_event"
              },
               "deals_damage": false
             }
          ]
       },
      "minecraft:behavior.look_at_player": {
        "priority": 7,
        "look_distance": 8
      },
      "minecraft:behavior.look_at_entity": {
        "priority": 9,
        "look_distance": 6.0,
        "probability": 7.0,
        "filters": { "test" :  "is_family", "subject" : "other", "value" :  "mob"}
         },
      "minecraft:behavior.random_look_around": {
        "priority": 8
      }
    },

    "minecraft:calamity_move_terrestrial": {
      "minecraft:mark_variant": {
        "value": 1
      },
      "minecraft:target_nearby_sensor": {
        "inside_range": 8.0,
        "outside_range": 9.0,
        "must_see": false,
        "on_inside_range": {
            "event": "aaaa",
            "target": "self"
        },
        "on_outside_range": {
          "event": "minecraft:calamity_mode_move_fly",
          "target": "self"
           }
        },
        "minecraft:movement": {
          "value": 0.28
        },
        "minecraft:physics": {
        },
        "minecraft:navigation.walk": {
          "can_path_over_water": true,
            "can_float": true,
            "avoid_water": false,
            "avoid_damage_blocks": false
          },
          "minecraft:can_climb": {
          },
          "minecraft:jump.static": {
          },
          "minecraft:behavior.float": {
          "priority": 20
          },   
          "minecraft:behavior.random_stroll": {
            "priority": 3,
            "speed_multiplier": 0.7
          },     
          "minecraft:movement.basic": {
          }
    },

    "minecraft:calamity_move_fly": {
      "minecraft:mark_variant": {
        "value": 2
      },
      "minecraft:physics": {
        "has_gravity": false
      },
      "minecraft:movement": {
        "value": 1.8
      },
      "minecraft:movement.glide": {
        "start_speed": 0.7,
        "speed_when_turning": 0.8
      },
      "minecraft:behavior.swoop_attack": {
        "priority": 1,
        "damage_reach": 0.5,
        "speed_multiplier": 1.8,
        "delay_range": [ 2.0, 4.0 ]
      },
      "minecraft:behavior.circle_around_anchor": {
        "priority": 2,
        "radius_change": 1.0,
        "radius_adjustment_chance": 0.004,
        "height_adjustment_chance": 0.002857,
        "goal_radius": 1.0,
        "angle_change": 15.0,
        "radius_range": [ 5.0, 15.0 ],
        "height_offset_range": [ -4.0, 5.0 ],
        "height_above_target_range": [ 20.0, 40.0 ]
      }
     },
    "minecraft:time_fly": {
     "minecraft:timer": {
      "time": 10.00,
      "time_down_event": {
        "event": "minecraft:calamity_mode_move_fly_two"
          }
       }
    },
     "minecraft:calamity_move_fly_two": {
      "minecraft:environment_sensor": {
        "triggers": [
          {
            "filters": {
              "test": "has_target",
              "value": false
            },
            "event": "minecraft:calamity_mode_no_hurt"
            }
          ]
        },
        "minecraft:timer": {
          "time": 10.00,
          "time_down_event": {
            "event": "minecraft:calamity_mode_move_fly"
          }
        },
      "minecraft:mark_variant": {
        "value": 3
      },
       "minecraft:can_fly": {
        },
       "minecraft:behavior.float_wander": {
         "priority": 2,
         "must_reach": true
        },
       "minecraft:navigation.float": {
         "can_path_over_water": true
        },
        "minecraft:movement": {
          "value": 0.03
        },
        "minecraft:movement.basic": {
        },
        "minecraft:jump.static": {
        },
        "minecraft:can_climb": {
        },
        "minecraft:behavior.float": {
          "priority": 0
        },
        "minecraft:physics": {
          "has_gravity": false,
          "has_collision": true
        }
    },

    "minecraft:calamity_attack_melee": {
      "minecraft:behavior.delayed_attack": {
        "priority": 2,
        "reach_multiplier": 1.8,
        "speed_multiplier": 1.2,
        "attack_duration": 0.80,
        "hit_delay_pct": 0.60,
        "track_target": true
      }
    },

    "minecraft:calamity_attack_ranged": {
      "minecraft:behavior.ranged_attack": {
        "priority": 1,
        "attack_radius": 128,
        "charge_shoot_trigger": 1.04,
        "charge_charged_trigger": 0.1
      }
     },

     "minecraft:death": {
      "minecraft:transformation": {
            "into": "darkage:calamity_death",
            "delay": 0
        }
     }

  },
  "components": {
    "minecraft:type_family": {
      "family": [ "calamity", "dragon", "monster" ]
    },
    "minecraft:health": {
      "value": 1500,
      "max": 1500
    },
    "minecraft:knockback_resistance": {
      "value": 1.0
    },
    "minecraft:collision_box": {
      "width": 2.5,
      "height": 1.5
    },
    "minecraft:scale": {
      "value": 5.0
    },
    "minecraft:attack": {
      "damage": 30
    },
    "minecraft:shooter": {
      "type": "darkage:calamity_projectile",
      "def": "darkage:calamity_projectile"
    }, 
    "minecraft:pushable": {
      "is_pushable": false,
      "is_pushable_by_piston": true
    },
    "minecraft:follow_range": {
      "value": 128,
      "max": 128
    },
    "minecraft:behavior.nearest_attackable_target": {
      "priority": 2,
      "must_see": false,
      "within_radius": 64.0,
      "must_see_forget_duration": 30.0,

      "entity_types": [
        {
          "filters": {
            "all_of": [
              { "test": "is_family", "subject": "other", "operator": "!=", "value": "calamity" }
            ]
          },
          "max_dist": 64
        }
      ]
    },
    "minecraft:behavior.hurt_by_target": {
      "priority": 1,
      "alert_same_type": true,
      "entity_types": {
        "filters": {
          "any_of": [
          {"test": "is_family",
          "subject": "other",
          "operator": "!=",
          "value": "tornado"}
          ]
        },
        "max_dist": 64
      }
    }
  },
  "events": {
    "minecraft:entity_spawned": {
      "randomize": [
        {
          "weight": 280,
          "remove": {},
          "add": {
            "component_groups": [
              "minecraft:sleep_calamity"
              ]
            }
          }
        ]
     },

     "minecraft:death_event": {
      "add": { 
        "component_groups": [ 
          "minecraft:death" 
               ] 
            } 
         },

        "minecraft:calamity_wake_up": {
         "remove": {
          "component_groups": [ 
            "minecraft:sleep_calamity" 
               ] 
            },
          "add": { 
            "component_groups": [ 
             "minecraft:wake_up_calamity" 
               ] 
            } 
         },

        "minecraft:calamity_begins": {
         "remove": {
          "component_groups": [ 
            "minecraft:wake_up_calamity" 
               ] 
            },
          "add": { 
            "component_groups": [ 
             "minecraft:begins_calamity",
             "minecraft:calamity_move_terrestrial",
             "minecraft:calamity_attack_melee"
               ] 
            } 
         },
         
         "minecraft:calamity_mode_attacks": {
          "randomize": [
            {
              "weight": 100,
          "remove": {
           "component_groups": [ 
             "minecraft:calamity_attack_ranged",
             "minecraft:calamity_move_fly",
             "minecraft:calamity_move_fly_two",
             "minecraft:time_fly"
                ] 
             },
           "add": { 
             "component_groups": [ 
              "minecraft:calamity_attack_melee",
              "minecraft:calamity_move_terrestrial"
                     ] 
                  } 
               },
               {
                "weight": 80,
            "remove": {
             "component_groups": [ 
               "minecraft:calamity_attack_melee",
               "minecraft:calamity_attack_ranged",
               "minecraft:calamity_move_terrestrial",
               "minecraft:calamity_move_fly_two"
                  ] 
               },
             "add": { 
               "component_groups": [ 
                "minecraft:calamity_move_fly",
                "minecraft:time_fly"
                     ] 
                  } 
               },
               {
                "weight": 60,
            "remove": {
             "component_groups": [ 
               "minecraft:calamity_attack_melee",
               "minecraft:calamity_move_fly",
               "minecraft:calamity_move_terrestrial",
               "minecraft:time_fly"
                  ] 
               },
             "add": { 
               "component_groups": [ 
                "minecraft:calamity_attack_ranged",
                "minecraft:calamity_move_fly_two"
                     ] 
                  } 
               },
               {
                "weight": 40,
            "remove": {
             "component_groups": [ 
               "minecraft:calamity_attack_melee",
               "minecraft:calamity_move_fly",
               "minecraft:calamity_move_fly_two",
               "minecraft:time_fly"
                  ] 
               },
             "add": { 
               "component_groups": [ 
                "minecraft:calamity_attack_ranged",
                "minecraft:calamity_move_terrestrial"
                     ] 
                  } 
               }
            ]
         },

         "minecraft:calamity_mode_move_fly": {
          "remove": {
          "component_groups": [
            "minecraft:calamity_attack_melee",
            "minecraft:calamity_move_terrestrial",
            "minecraft:calamity_move_fly_two",
            "minecraft:calamity_attack_ranged"
           ]
        },
        "add": {
          "component_groups": [
            "minecraft:calamity_move_fly",
            "minecraft:time_fly"
               ]
            }
         },

         "minecraft:calamity_mode_move_fly_two": {
          "remove": {
          "component_groups": [
            "minecraft:calamity_attack_melee",
            "minecraft:calamity_move_terrestrial",
            "minecraft:calamity_move_fly",
            "minecraft:time_fly"
           ]
        },
        "add": {
          "component_groups": [
            "minecraft:calamity_move_fly_two",
            "minecraft:calamity_attack_ranged"
               ]
            }
         },

         "minecraft:calamity_mode_no_hurt": {
          "randomize": [
            {
              "weight": 100,
          "remove": {
           "component_groups": [ 
             "minecraft:calamity_attack_melee",
             "minecraft:calamity_attack_ranged",
             "minecraft:calamity_move_terrestrial",
             "minecraft:calamity_move_fly_two"
                ] 
             },
           "add": { 
             "component_groups": [ 
              "minecraft:calamity_move_fly",
              "minecraft:time_fly"
                   ] 
                } 
             },
             {
              "weight": 20,
          "remove": {
           "component_groups": [ 
             "minecraft:calamity_attack_ranged",
             "minecraft:calamity_move_fly",
             "minecraft:calamity_move_fly_two",
             "minecraft:time_fly"
                ] 
             },
           "add": { 
             "component_groups": [ 
              "minecraft:calamity_attack_melee",
              "minecraft:calamity_move_terrestrial"
                     ] 
                  } 
               }
            ]
         }

      }
   }
}
