{
  "format_version": "1.17.100",
  "minecraft:item": {
    "description": {
      "identifier": "wesl3y:quirk_zero_gravity",
      "category": "nature"
    },
    "components": {
      "tag:arm": {},
      "tag:3skills": {},
      "minecraft:icon": {
        "texture": "quirk_zero_gravity"
      },
      "minecraft:display_name": {
        "value": "§aZero Gravity\n§r(Quirk Common)"
      },
	  "minecraft:cooldown": {
		"category": "quirk_zero_gravity",
		"duration": 0.5
	  },
      "minecraft:use_duration": 99999,
      "minecraft:max_stack_size": 1,
      "minecraft:hand_equipped": true,
      "minecraft:allow_off_hand": true,
      "minecraft:food": {
        "can_always_eat": true
      },
      "minecraft:render_offsets": {
	    "main_hand": {
		  "first_person": { 
		    "scale": [0, 0, 0]
		  },
		  "third_person": { 
			"scale": [0, 0, 0]
		  }
		},
	    "off_hand": {
		  "first_person": { 
		    "scale": [0, 0,0]
		  },
		  "third_person": { 
			"scale": [0, 0, 0]
		  }
		}
	  },
      "minecraft:on_use": {
        "on_use": {
          "event": "wg",
          "target": "self"
        }
      }
    },
    "events": {
      "wg": {
        "sequence": [
          {
            "condition": "q.property('wesl3y:skill') == 0 && q.scoreboard('cooldown1') == 0 && q.scoreboard('skills') == 0",
            "run_command": {
              "command": [
                "tellraw @s[scores={stamina=..199}]{\"rawtext\":[{\"translate\":\"text.requires\"},{\"text\":\"Energy 200\"}]}",
                "event entity @s[scores={stamina=200..}] wesl3y:skill.1"
              ]
            }
          },
          {
            "condition": "q.property('wesl3y:skill') == 0 && q.scoreboard('cooldown2') == 0 && q.scoreboard('skills') == 1",
            "run_command": {
              "command": [
                "tellraw @s[scores={stamina=..199}]{\"rawtext\":[{\"translate\":\"text.requires\"},{\"text\":\"Energy 200\"}]}",
                "tellraw @s[scores={quirk=..1}]{\"rawtext\":[{\"translate\":\"text.requires\"},{\"text\":\"Quirk Level 2\"}]}",
                "event entity @s[scores={stamina=200..,quirk=2..}] wesl3y:skill.2"
              ]
            }
          },
          {
            "condition": "q.property('wesl3y:skill') == 0 && q.scoreboard('cooldown3') == 0 && q.scoreboard('skills') == 2",
            "run_command": {
              "command": [
                "tellraw @s[scores={stamina=..199}]{\"rawtext\":[{\"translate\":\"text.requires\"},{\"text\":\"Energy 200\"}]}",
                "tellraw @s[scores={quirk=..3}]{\"rawtext\":[{\"translate\":\"text.requires\"},{\"text\":\"Quirk Level 4\"}]}",
                "event entity @s[scores={stamina=200..,quirk=4..}] wesl3y:skill.3"
              ]
            }
          }
		]
	  }
	}
  }
}