{
  "format_version": "1.19.71",
  "minecraft:item": {
    "description": {
      "identifier": "wesl3y:quirk_regeneration",
      "category": "nature"
    },
    "components": {
      "tag:arm": {},
      "tag:1skills": {},
      "minecraft:icon": {
        "texture": "quirk_regeneration"
      },
      "minecraft:display_name": {
        "value": "§dRegeneration\n§g(Quirk Difficult)"
      },
	  "minecraft:cooldown": {
		"category": "quirk_regeneration",
		"duration": 300
	  },
      "minecraft:use_duration": 99999,
      "minecraft:max_stack_size": 1,
      "minecraft:hand_equipped": true,
      "minecraft:allow_off_hand": true,
      "minecraft:food": {
        "can_always_eat": true
      },
      "minecraft:render_offsets": {
	    "main_hand": {
		  "first_person": { 
		    "scale": [0, 0, 0]
		  },
		  "third_person": { 
			"scale": [0, 0, 0]
		  }
		},
	    "off_hand": {
		  "first_person": { 
		    "scale": [0, 0,0]
		  },
		  "third_person": { 
			"scale": [0, 0, 0]
		  }
		}
	  },
      "minecraft:on_use": {
        "on_use": {
          "event": "wg",
          "target": "self"
        }
      }
    },
    "events": {
      "wg": {
        "sequence": [
          {
            "condition": "q.property('wesl3y:skill') == 0",
            "run_command": {
              "command": [
                "tellraw @s[scores={stamina=..199}]{\"rawtext\":[{\"translate\":\"text.requires\"},{\"text\":\"Energy 200\"}]}",
                "execute at @s[scores={stamina=200..}] run particle wesl3y:regeneration",
                "execute at @s[scores={stamina=200..}] run effect @e[r=2.5] regeneration 3 4 true"
              ]
            }
          }
		]
	  }
	}
  }
}