{
  "format_version": "1.17.100",
  "minecraft:item": {
    "description": {
      "identifier": "wesl3y:quirk_size",
      "category": "nature"
    },
    "components": {
      "tag:arm": {},
      "tag:4skills": {},
      "minecraft:icon": {
        "texture": "quirk_size"
      },
      "minecraft:display_name": {
        "value": "§aSize\n§r(Quirk Common)"
      },
	  "minecraft:cooldown": {
		"category": "quirk_size",
		"duration": 0.5
	  },
      "minecraft:use_duration": 99999,
      "minecraft:max_stack_size": 1,
      "minecraft:hand_equipped": true,
      "minecraft:allow_off_hand": true,
      "minecraft:food": {
        "can_always_eat": true
      },
      "minecraft:render_offsets": {
	    "main_hand": {
		  "first_person": { 
		    "scale": [0, 0, 0]
		  },
		  "third_person": { 
			"scale": [0, 0, 0]
		  }
		},
	    "off_hand": {
		  "first_person": { 
		    "scale": [0, 0,0]
		  },
		  "third_person": { 
			"scale": [0, 0, 0]
		  }
		}
	  },
      "minecraft:on_use": {
        "on_use": {
          "event": "wg",
          "target": "self"
        }
      }
    },
    "events": {
      "wg": {
        "sequence": [
          {
            "condition": "q.property('wesl3y:skill') == 0 && q.scoreboard('cooldown1') == 0 && q.scoreboard('skills') == 0",
            "run_command": {
              "command": [
                "tellraw @s[scores={stamina=..199}]{\"rawtext\":[{\"translate\":\"text.requires\"},{\"text\":\"Energy 200\"}]}",
                "tag @s[hasitem={item=dirt,quantity=1..}] add shoot",
                "tag @s[hasitem={item=grass,quantity=1..}] add shoot",
                "event entity @s[tag=shoot,scores={stamina=200..}] wesl3y:skill.1",
                "tellraw @s[tag=!shoot] {\"rawtext\":[{\"translate\":\"size.no_grass\"}]}",
                "tag @s remove shoot"
              ]
            }
          },
          {
            "condition": "q.property('wesl3y:skill') == 0 && q.scoreboard('cooldown2') == 0 && q.scoreboard('skills') == 1",
            "run_command": {
              "command": [
                "tellraw @s[scores={stamina=..199}]{\"rawtext\":[{\"translate\":\"text.requires\"},{\"text\":\"Energy 200\"}]}",
                "tellraw @s[scores={quirk=..1}]{\"rawtext\":[{\"translate\":\"text.requires\"},{\"text\":\"Quirk Level 2\"}]}",
                "tag @s[hasitem={item=cobblestone,quantity=1..}] add shoot",
                "tag @s[hasitem={item=stone,quantity=1..}] add shoot",
                "event entity @s[tag=shoot,scores={stamina=200..,quirk=2..}] wesl3y:skill.2",
                "tellraw @s[tag=!shoot] {\"rawtext\":[{\"translate\":\"size.no_stone\"}]}",
                "tag @s remove shoot"
              ]
            }
          },
          {
            "condition": "q.property('wesl3y:skill') == 0 && q.scoreboard('cooldown3') == 0 && q.scoreboard('skills') == 2",
            "run_command": {
              "command": [
                "tellraw @s[scores={stamina=..199}]{\"rawtext\":[{\"translate\":\"text.requires\"},{\"text\":\"Energy 200\"}]}",
                "tellraw @s[scores={quirk=..3}]{\"rawtext\":[{\"translate\":\"text.requires\"},{\"text\":\"Quirk Level 4\"}]}",
                "event entity @s[hasitem={item=arrow,quantity=1..},scores={stamina=200..,quirk=4..}] wesl3y:skill.3",
                "tellraw @s[hasitem={item=arrow,quantity=!1..}] {\"rawtext\":[{\"translate\":\"size.no_arrow\"}]}"
              ]
            }
          },
          {
            "condition": "q.property('wesl3y:skill') == 0 && q.scoreboard('cooldown4') == 0 && q.scoreboard('skills') == 3",
            "run_command": {
              "command": [
                "tellraw @s[scores={stamina=..199}]{\"rawtext\":[{\"translate\":\"text.requires\"},{\"text\":\"Energy 200\"}]}",
                "tellraw @s[scores={quirk=..5}]{\"rawtext\":[{\"translate\":\"text.requires\"},{\"text\":\"Quirk Level 6\"}]}",
                "event entity @s[hasitem={item=diamond_sword,quantity=1..},scores={stamina=200..,quirk=6..}] wesl3y:skill.4",
                "tellraw @s[hasitem={item=diamond_sword,quantity=!1..}] {\"rawtext\":[{\"translate\":\"size.no_sword\"}]}"
              ]
            }
          }
		]
	  }
	}
  }
}