{
  "format_version": "1.19.50",
  "minecraft:item": {
    "description": {
      "identifier": "wesl3y:quirk_float",
      "category": "nature"
    },
    "components": {
      "tag:arm": {},
      "minecraft:icon": {
        "texture": "quirk_float"
      },
      "minecraft:display_name": {
        "value": "Float\n§r(Quirk Common)"
      },
      "minecraft:use_duration": 99999,
      "minecraft:max_stack_size": 1,
      "minecraft:hand_equipped": true,
      "minecraft:allow_off_hand": true,
      "minecraft:food": {
        "can_always_eat": true
      },
      "minecraft:on_use": {
        "on_use": {
          "event": "wg",
          "target": "self"
        }
      },
      "minecraft:render_offsets": {
	    "main_hand": {
		  "first_person": { 
		    "scale": [0, 0, 0]
		  },
		  "third_person": { 
			"scale": [0, 0, 0]
		  }
		},
	    "off_hand": {
		  "first_person": { 
		    "scale": [0, 0,0]
		  },
		  "third_person": { 
			"scale": [0, 0, 0]
		  }
		}
	  }
    },
    "events": {
      "wg": {
        "sequence": [
          {
            "condition": "!q.is_riding",
            "run_command": {
              "command": [
                "ride @s[tag=!empty] summon_ride wesl3y:float_ride"
              ]
            }
          }
		]
	  }
	}
  }
}