{
"format_version":"1.8.0",
  "animations": {
  "animation.unbound_proyectil_perfect.explosion": {
   "timeline":{
   "0.01": "/effect @s levitation 5 1 true",
   "4.00": "/summon darkage:unbound_proyectil ~ ~-1 ~",
   "4.01": "/summon darkage:unbound_proyectil ~2 ~ ~",
   "4.02": "/summon darkage:unbound_proyectil ~ ~ ~2",
   "4.03": "/summon darkage:unbound_proyectil ~-2 ~ ~",
   "4.04": "/summon darkage:unbound_proyectil ~ ~ ~-2",
   "4.05": "/summon darkage:unbound_proyectil ~2 ~ ~-2",
   "4.06": "/summon darkage:unbound_proyectil ~-2 ~ ~2",
   "4.07": "/summon darkage:unbound_proyectil ~2 ~ ~-2",
   "4.99": "@s minecraft:tp",
   "5.00": "/summon darkage:unbound_proyectil ~ ~-1 ~",
   "5.01": "/summon darkage:unbound_proyectil ~2 ~ ~",
   "5.02": "/summon darkage:unbound_proyectil ~ ~ ~2",
   "5.03": "/summon darkage:unbound_proyectil ~-2 ~ ~",
   "5.04": "/summon darkage:unbound_proyectil ~ ~ ~-2",
   "5.05": "/summon darkage:unbound_proyectil ~2 ~ ~-2",
   "5.06": "/summon darkage:unbound_proyectil ~-2 ~ ~2",
   "5.07": "/summon darkage:unbound_proyectil ~2 ~ ~-2",
   "6.00": "/summon darkage:unbound_proyectil ~ ~-1 ~",
   "6.01": "/summon darkage:unbound_proyectil ~2 ~ ~",
   "6.02": "/summon darkage:unbound_proyectil ~ ~ ~2",
   "6.03": "/summon darkage:unbound_proyectil ~-2 ~ ~",
   "6.04": "/summon darkage:unbound_proyectil ~ ~ ~-2",
   "6.05": "/summon darkage:unbound_proyectil ~2 ~ ~-2",
   "6.06": "/summon darkage:unbound_proyectil ~-2 ~ ~2",
   "6.07": "/summon darkage:unbound_proyectil ~2 ~ ~-2",
   "7.00": "/summon darkage:unbound_proyectil ~ ~-1 ~",
   "7.01": "/summon darkage:unbound_proyectil ~2 ~ ~",
   "7.02": "/summon darkage:unbound_proyectil ~ ~ ~2",
   "7.03": "/summon darkage:unbound_proyectil ~-2 ~ ~",
   "7.04": "/summon darkage:unbound_proyectil ~ ~ ~-2",
   "7.05": "/summon darkage:unbound_proyectil ~2 ~ ~-2",
   "7.06": "/summon darkage:unbound_proyectil ~-2 ~ ~2",
   "7.07": "/summon darkage:unbound_proyectil ~2 ~ ~-2",
   "8.00": "/summon darkage:unbound_proyectil ~ ~-1 ~",
   "8.01": "/summon darkage:unbound_proyectil ~2 ~ ~",
   "8.02": "/summon darkage:unbound_proyectil ~ ~ ~2",
   "8.03": "/summon darkage:unbound_proyectil ~-2 ~ ~",
   "8.04": "/summon darkage:unbound_proyectil ~ ~ ~-2",
   "8.05": "/summon darkage:unbound_proyectil ~2 ~ ~-2",
   "8.06": "/summon darkage:unbound_proyectil ~-2 ~ ~2",
   "8.07": "/summon darkage:unbound_proyectil ~2 ~ ~-2",
   "9.00": "/summon darkage:unbound_proyectil ~ ~-1 ~",
   "9.01": "/summon darkage:unbound_proyectil ~2 ~ ~",
   "9.02": "/summon darkage:unbound_proyectil ~ ~ ~2",
   "9.03": "/summon darkage:unbound_proyectil ~-2 ~ ~",
   "9.04": "/summon darkage:unbound_proyectil ~ ~ ~-2",
   "9.05": "/summon darkage:unbound_proyectil ~2 ~ ~-2",
   "9.06": "/summon darkage:unbound_proyectil ~-2 ~ ~2",
   "9.07": "/summon darkage:unbound_proyectil ~2 ~ ~-2",
   "10.00": "@s minecraft:exit_tp"
},
"loop":false,
"animation_length": 10.10
      },
      "animation.nagars.spawn_raiz": {
         "timeline":{
         "0.00": "@s minecraft:nagars_regeneration",
         "5.00": "@s minecraft:nagars_regeneration",
         "10.00": "@s minecraft:nagars_regeneration"
      },
      "loop": true,
      "animation_length": 15.00
            }
   }
}