{"format_version":"1.16.100","minecraft:item":{"description":{"category":"equipment","identifier":"pa:aides_axe"},"components":{"minecraft:icon":{"texture":"pa_aides_axe"},"minecraft:creative_category":{"parent":"itemGroup.name.axe"},"minecraft:max_stack_size":1,"minecraft:hand_equipped":true,"minecraft:allow_off_hand":true,"minecraft:foil":false,"minecraft:durability":{"max_durability":5000},"minecraft:repairable":{"repair_items":[{"items":["pa:black_ores"],"repair_amount":1000},{"items":["pa:aides_axe"],"repair_amount":"context.other->query.remaining_durability + 0.2 * context.other->query.max_durability"}]},"minecraft:mining_speed":1,"minecraft:damage":12,"minecraft:enchantable":{"value":15,"slot":"axe"},"minecraft:can_destroy_in_creative":true,"minecraft:weapon":{"on_hurt_entity":{"event":"hurt"},"on_not_hurt_entity":{"event":"hurt"},"on_hit_block":{"event":"hurt"}},"minecraft:render_offsets":{"main_hand":{"third_person":{"scale":[0.0032586558044806514,0.0032586558044806514,0.0032586558044806514]},"first_person":{"scale":[0.0012382892057019046,0.0012382892057019046,0.0012382892057019046]}},"off_hand":{"third_person":{"scale":[0.0032586558044806514,0.0032586558044806514,0.0032586558044806514]},"first_person":{"scale":[0.0012382892057019046,0.0012382892057019046,0.0012382892057019046]}}},"minecraft:display_name":{"value":"§0Axe Of Black Aides"},"tag:minecraft:is_axe":{}},"events":{"on_use_event":{"sequence":[{"damage":{"type":"magic","amount":1,"target":"self"}}]},"hurt":{"damage":{"type":"magic","amount":1,"target":"self"}}}}}