{
  "format_version": "1.16.100",
  "minecraft:item": {
    "description": {
      "identifier": "pa:frost_helmet",
      "category": "Equipment"
    },
    "components": {
      "minecraft:icon": {
        "texture": "pa_frost_helmet"
      },
      "minecraft:creative_category": {
        "parent": "itemGroup.name.helmet"
      },
      "minecraft:max_stack_size": 1,
      "minecraft:enchantable": {
        "value": 10,
        "slot": "armor_head"
      },
      "minecraft:durability": {
        "max_durability": 2000,
        "damage_chance": {
          "min": 60,
          "max": 100
        }
      },
      "minecraft:knockback_resistance": {
        "protection": 0.75
      },
      "minecraft:mining_speed": 5,
      "minecraft:foil": false,
      "minecraft:hand_equipped": true,
      "minecraft:wearable": {
        "slot": "slot.armor.head"
      },
      "minecraft:render_offsets": {
        "main_hand": {
          "third_person": {
            "scale": [
              0.1,
              0.1,
              0.1
            ]
          },
          "first_person": {
            "scale": [
              0.037999999999977205,
              0.037999999999977205,
              0.037999999999977205
            ]
          }
        },
        "off_hand": {
          "third_person": {
            "scale": [
              0.1,
              0.1,
              0.1
            ]
          },
          "first_person": {
            "scale": [
              0.037999999999977205,
              0.037999999999977205,
              0.037999999999977205
            ]
          }
        }
      },
      "minecraft:repairable": {
        "repair_items": [
          {
            "items": [
              "pa:frost_ores",
              "pa:frost_helmet"
            ],
            "repair_amount": 300
          }
        ]
      },
      "minecraft:armor": {
        "protection": 5
      },
      "minecraft:display_name": {}
    }
  }
}