{
  "format_version": "1.13.0",
  "minecraft:entity": {
    "description": {
      "identifier": "darkage:ghost2",
      "is_spawnable": false,
      "is_summonable": true,
      "is_experimental": false
 },
    "component_groups": {
    },
    "components": {
      "minecraft:type_family": {
        "family": [ "ghost", "undead", "monster" ]
      },
      "minecraft:is_shaking": {
      },
      "minecraft:collision_box": {
        "width": 0.6,
        "height": 1.9
      },
      "minecraft:attack": {
        "damage": 3,
        "effect_name": "slowness",
        "effect_duration": 5
      },
      "minecraft:experience_reward": {
        "on_death": "query.last_hit_by_player ? 5 + (query.equipment_count * Math.Random(1,2)) : 0"
      },
      "minecraft:burns_in_daylight": {
      },
      "minecraft:health": {
        "value": 20,
        "max": 20
      },
      "minecraft:behavior.random_hover": {
        "priority": 12,
        "xz_dist": 8,
        "y_dist": 8,
        "y_offset": -1,
        "interval": 1,
        "hover_height": [1, 4]
    },
    "minecraft:behavior.float": {
      "priority": 19
  },
      "minecraft:movement": {
        "value": 0.4
      },
      "minecraft:flying_speed": {
        "value": 0.20
    },
    "minecraft:navigation.hover": {
      "can_path_over_water": true,
      "can_sink": false,
      "can_pass_doors": false,
      "can_path_from_air": true,
      "avoid_water": true,
      "avoid_damage_blocks": true,
      "avoid_sun": false
  },
  "minecraft:movement.hover": {},
  "minecraft:can_fly": {},
      "minecraft:behavior.melee_attack": {
        "priority": 4,
        "target_dist": 1.2,
        "speed_multiplier": 1.0,
        "track_target": true
        },
      "minecraft:behavior.avoid_mob_type": {
        "priority": 1,
        "entity_types": [
          {
            "filters": { "test": "is_family", "subject": "other", "value": "owl" },
            "max_dist": 24,
            "walk_speed_multiplier": 2.0,
            "sprint_speed_multiplier": 1.5
          }
        ],
        "probability_per_strength": 0.14
      },
      "minecraft:jump.static": {
      },
      "minecraft:can_climb": {
      },
      "minecraft:damage_sensor": {
        "triggers": {
            "cause": "fall",
            "deals_damage": false
        }
    },
      "minecraft:hurt_on_condition": {
        "damage_conditions": [
          {
            "filters": { "test": "in_lava", "subject": "self", "operator": "==", "value": true },
            "cause": "lava",
            "damage_per_tick": 4
          }
        ]
      },
      "minecraft:breathable": {
        "total_supply": 15,
        "suffocate_time": 0,
        "breathes_air": true,
        "breathes_water": true
      },
      "minecraft:loot": {
        "table": "loot_tables/entities/ghost.json"
      },
      "minecraft:behavior.move_towards_restriction": {
        "priority": 5,
        "speed_multiplier": 1
      },
      "minecraft:behavior.random_stroll": {
        "priority": 6,
        "speed_multiplier": 1
      },
      "minecraft:behavior.look_at_player": {
        "priority": 7,
        "look_distance": 6,
        "probability": 0.02
      },
      "minecraft:behavior.random_look_around": {
        "priority": 7
      },
      "minecraft:behavior.hurt_by_target": {
        "priority": 1
      },
      "minecraft:behavior.nearest_attackable_target": {
        "priority": 2,
        "scan_interval": 20,
        "within_radius": 40.0,
        "reselect_targets": true,
        "entity_types": [
          {
            "filters": {
              "any_of": [
                { "test": "is_family", "subject": "other", "value": "player" },
                { "test": "is_family", "subject": "other", "value": "snowgolem" },
                { "test": "is_family", "subject": "other", "value": "irongolem" }
              ]
            },
            "max_dist": 40
          },
          {
            "filters": {
              "any_of": [
                { "test": "is_family", "subject": "other", "value": "villager" },
                { "test": "is_family", "subject": "other", "value": "wandering_trader" }
              ]
            },
            "max_dist": 40,
            "must_see": false
          },
          {
            "filters": {
              "all_of": [
                { "test": "is_family", "subject": "other", "value": "baby_turtle" },
                { "test": "in_water", "subject": "other", "operator": "!=", "value": true }
              ]
            },
            "max_dist": 40
          }
        ],
        "must_see": true,
        "must_see_forget_duration": 0.5
      },
      "minecraft:physics": {
      },
      "minecraft:follow_range": {
        "value": 40
      },
      "minecraft:pushable": {
        "is_pushable": true,
        "is_pushable_by_piston": true
      }
    },

    "events": {
    }
  }
}
