{
  "format_version": "1.13.0",
  "minecraft:entity": {
    "description": {
      "runtime_identifier": "parrot",
      "identifier": "darkage:owl",
      "is_spawnable": true,
      "is_summonable": true,
      "is_experimental": false
 },
    "component_groups": {
      "minecraft:owl_tame": {
        "minecraft:type_family": {
          "family": [ "owl_tame", "owl", "mob" ]
        },
        "minecraft:is_tamed": {
        },
        "minecraft:healable": {
          "items": [
            {
              "item": "beef",
              "heal_amount": 8
            },     
            {
              "item": "porkchop",
              "heal_amount": 8
            },
            {
              "item": "chicken",
              "heal_amount": 6
            },
            {
              "item": "mutton",
              "heal_amount": 6
            },
            {
              "item": "rabbit",
              "heal_amount": 5
            },
            {
              "item": "salmon",
              "heal_amount": 5
            },
            {
              "item": "fish",
              "heal_amount": 5
            }
          ]
        },
        "minecraft:behavior.follow_owner": {
          "priority": 2,
          "speed_multiplier": 1.0,
          "start_distance": 5,
          "stop_distance": 1
        },
        "minecraft:sittable": {
        },
        "minecraft:behavior.stay_while_sitting": {
          "priority": 1
        },
        "minecraft:behavior.find_mount": {
          "priority": 3,
          "within_radius": 16,
          "avoid_water": true,
          "start_delay": 100,
          "target_needed": false,
          "mount_distance": 2.0
        }
      }
    },
    "components": {
      "minecraft:breathable": {
        "total_supply": 15,
        "suffocate_time": 0
      },
      "minecraft:type_family": {
        "family": [ "owl", "mob" ]
      },
      "minecraft:tameable": {
        "probability": 0.33,
        "tame_items": [
          "beef",
          "porkchop",
          "chicken",
          "mutton",
          "rabbit",
          "salmon",
          "fish"
        ],
        "tame_event": {
          "event": "minecraft:on_tame",
          "target": "self"
        }
      },
      "minecraft:behavior.random_fly": {
        "priority": 2,
        "xz_dist": 15,
        "y_dist": 1,
        "y_offset": 0,
        "speed_multiplier": 1.0,
        "can_land_on_trees": true,
        "avoid_damage_blocks": true
      },
      "minecraft:collision_box": {
        "width": 0.5,
        "height": 1
      },
      "minecraft:nameable": {
      },
      "minecraft:health": {
        "value": 15,
        "max": 15
      },
      "minecraft:hurt_on_condition": {
        "damage_conditions": [
          {
            "filters": { "test": "in_lava", "subject": "self", "operator": "==", "value": true },
            "cause": "lava",
            "damage_per_tick": 4
          }
        ]
      },
      "minecraft:movement": {
        "value": 0.4
      },
      "minecraft:damage_sensor": {
        "triggers": {
          "cause": "fall",
          "deals_damage": false
        }
      },
      "minecraft:jump.static": {
      },
      "minecraft:can_fly": {
      },
      "minecraft:navigation.fly": {
        "can_path_over_water": true,
        "can_path_from_air": true
      },
      "minecraft:movement.fly": {
      },
      "minecraft:physics": {
      },
      "minecraft:pushable": {
        "is_pushable": true,
        "is_pushable_by_piston": true
      },
      "minecraft:despawn": {
        "despawn_from_distance": {}
      },
      "minecraft:behavior.float": {
        "priority": 0
      },
      "minecraft:behavior.panic": {
        "priority": 0,
        "speed_multiplier": 1.25
      },
      "minecraft:behavior.look_at_player": {
        "priority": 1,
        "look_distance": 8.0
      },
      "minecraft:leashable": {
        "soft_distance": 4.0,
        "hard_distance": 6.0,
        "max_distance": 10.0
      }
    },

    "events": {
      "minecraft:on_tame": {
        "remove": {
          "component_groups": [
            "minecraft:owl_wild"
          ]
        },
        "add": {
          "component_groups": [
            "minecraft:owl_tame"
          ]
        }
      }
    }
  }
}
