{
  "format_version": "1.13.0",
  "minecraft:entity": {
    "description": {
      "identifier": "darkage:scary_tree",
      "is_spawnable": true,
      "is_summonable": true,
      "is_experimental": false
		},
    "component_groups": {
      "minecraft:scary_tree_start": {
        "minecraft:movement": {
          "value": 0.20
        },
        "minecraft:environment_sensor": {
          "triggers": {
           "filters": {
            "all_of": [
             {
              "test": "is_daytime",
              "subject": "self",
              "operator": "==",
              "value": true
             }
            ]
        },
           "event": "minecraft:scary_tree_sleeping"
          }
      },
        "minecraft:movement.basic": {
        },
              "minecraft:navigation.walk": {
        "can_path_over_water": true,
          "can_float": true,
          "avoid_water": false,
          "avoid_damage_blocks": false
        },
        "minecraft:can_climb": {
        },
        "minecraft:jump.static": {
        },
        "minecraft:behavior.float": {
                  "priority": 20
              },
              "minecraft:behavior.look_at_player": {
                "priority": 9,
                "look_distance": 6.0,
                "probability": 7.0
              },
              "minecraft:behavior.random_look_around": {
                "priority": 7
              },
              "minecraft:behavior.look_at_entity": {
                "priority": 9,
                "look_distance": 6.0,
                "probability": 7.0,
                "filters": { "test" :  "is_family", "subject" : "other", "value" :  "mob"}
              },
              "minecraft:behavior.move_towards_restriction": {
                "priority": 4,
                "speed_multiplier": 1
              },
              "minecraft:behavior.random_stroll": {
                "priority": 6,
                "speed_multiplier": 0.7
              }         
        },
        "minecraft:scary_tree_sleep": {
          "minecraft:is_illager_captain": {
          },
          "minecraft:environment_sensor": {
            "triggers": {
             "filters": {
              "all_of": [
               {
                "test": "is_daytime",
                "subject": "self",
                "operator": "==",
                "value": false
               }
              ]
          },
             "event": "minecraft:scary_tree_starting"
            }
        }
      },
      "minecraft:attack_tree": {
        "minecraft:target_nearby_sensor": {
          "inside_range": 4.0,
          "outside_range": 5.0,
          "must_see": true,
          "on_inside_range": {
              "event": "minecraft:scary_tree_start_attack",
              "target": "self"
          },
          "on_outside_range": {
              "event": "minecraft:scary_tree_start_charged",
              "target": "self"
          }
      },
      "minecraft:behavior.melee_attack": {
        "priority": 4,
        "target_dist": 1.2,
        "speed_multiplier": 1.2,
        "track_target": true
        }
      },
      "minecraft:ranged": {
        "minecraft:target_nearby_sensor": {
          "inside_range": 4.0,
          "outside_range": 5.0,
          "must_see": true,
          "on_inside_range": {
              "event": "minecraft:scary_tree_start_attack",
              "target": "self"
          },
          "on_outside_range": {
              "event": "minecraft:scary_tree_start_charged",
              "target": "self"
          }
      },
      "minecraft:shooter": {
        "type": "smallfireball",
        "def": "minecraft:small_fireball"
      },
      "minecraft:behavior.ranged_attack": {
        "priority": 1,
        "attack_interval_min": 1,
        "attack_interval_max": 3,
        "charge_charged_trigger": 0.0,
        "charge_shoot_trigger": 0.5,
        "attack_radius": 45,
        "burst_shots": 1,
        "burst_interval": 0.3
        }
      }
    },

    "components": {
      "minecraft:experience_reward": {
        "on_death": "query.last_hit_by_player ? 10 + (query.equipment_count * Math.Random(2,4)) : 0"
      },
      "minecraft:fire_immune": {
      },
      "minecraft:loot": {
        "table": "loot_tables/entities/scary_tree.json"
      },
      "minecraft:attack": {
        "damage": 5
      },
      "minecraft:type_family": {
        "family": [ "scary_tree", "monster", "undead" ]
      },
      "minecraft:scale": {
        "value": 1.5
      },
      "minecraft:health": {
        "value": 90,
        "max": 90
      },
      "minecraft:collision_box": {
        "width": 1.4,
        "height": 2.9
      },
      "minecraft:behavior.nearest_attackable_target": {
        "priority": 2,
        "scan_interval": 20,
        "within_radius": 40.0,
        "reselect_targets": true,
        "entity_types": [
          {
            "filters": {
              "any_of": [
                { "test": "is_family", "subject": "other", "value": "player" },
                { "test": "is_family", "subject": "other", "value": "snowgolem" },
                { "test": "is_family", "subject": "other", "value": "irongolem" }
              ]
            },
            "max_dist": 40
          },
          {
            "filters": {
              "any_of": [
                { "test": "is_family", "subject": "other", "value": "villager" },
                { "test": "is_family", "subject": "other", "value": "wandering_trader" }
              ]
            },
            "max_dist": 40,
            "must_see": false
          },
          {
            "filters": {
              "all_of": [
                { "test": "is_family", "subject": "other", "value": "baby_turtle" },
                { "test": "in_water", "subject": "other", "operator": "!=", "value": true }
              ]
            },
            "max_dist": 40
          }
        ],
        "must_see": true,
        "must_see_forget_duration": 0.5
      },
      "minecraft:knockback_resistance": {
        "value": 1.0
      },
      "minecraft:follow_range": {
        "value": 45
      },
      "minecraft:behavior.hurt_by_target": {
        "priority": 1,
        "max_dist": 64
      },
      "minecraft:physics": {
      },
      "minecraft:pushable": {
                "is_pushable": false,
                "is_pushable_by_piston": true
              }
           },
           
       "events": {
       "minecraft:entity_spawned": {
        "randomize": [
          {
            "weight": 280,
            "remove": {},
            "add": {
              "component_groups": [
                "minecraft:scary_tree_sleep"
              ]
            }
          }
        ]
      },
      "minecraft:scary_tree_start_charged": {
        "remove": {
          "component_groups": [
            "minecraft:attack_tree"
          ]
        },
        "add": {
          "component_groups": [
            "minecraft:ranged"
          ]
        }
      },
      "minecraft:scary_tree_start_attack": {
        "remove": {
          "component_groups": [
            "minecraft:ranged"
          ]
        },
        "add": {
          "component_groups": [
            "minecraft:attack_tree"
          ]
        }
      },
      "minecraft:scary_tree_starting": {
        "remove": {
          "component_groups": [
            "minecraft:scary_tree_sleep"
          ]
        },
        "add": {
          "component_groups": [
            "minecraft:attack_tree",
            "minecraft:scary_tree_start"
          ]
        }
      },
      "minecraft:scary_tree_sleeping": {
        "remove": {
          "component_groups": [
            "minecraft:scary_tree_start",
            "minecraft:attack_tree",
            "minecraft:ranged"
          ]
        },
        "add": {
          "component_groups": [
            "minecraft:scary_tree_sleep"
          ]
        }
      }
    }
  }
}
