{
  "format_version": "1.13.0",
  "minecraft:biome": {
    "description": {
      "identifier": "birch_forest_hills_mutated"
    },
    "components": {
      "minecraft:climate": {
        "downfall": 0.0,
        "snow_accumulation": [ 0.0, 0.0 ],
        "temperature": 2.0
      },
      "minecraft:overworld_height": {
        "noise_params": [ 0.55, 0.5 ]
      },
      "minecraft:surface_parameters": {
        "sea_floor_depth": 7,
        "sea_floor_material": "minecraft:gravel",
        "foundation_material": "minecraft:stone",
        "mid_material": "minecraft:dirt",
        "top_material": "darkage:grass_ash",
        "sea_material": "minecraft:water"
      },

      "animal": {},
      "hills": {},
      "monster": {},
      "mutated": {},
      "overworld_generation": {},
      "silvervalley": {},
      "silvervalley_hills": {}
    }
  }
}
