{
  "format_version": "1.12",
  "minecraft:recipe_shaped": {
    "description": {
      "identifier": "golden_underneath_legging_ea53a41e"
    },
    "tags": [
      "crafting_table"
    ],
    "pattern": [
      " A ",
      "B B",
      "  B"
    ],
    "key": {
      "A": {
        "item": "minecraft:netherite_leggings",
        "data": 0
      },
      "B": {
        "item": "pa:golden_underneath",
        "data": 0
      }
    },
    "result": {
      "item": "pa:golden_underneath_legging",
      "count": 1
    }
  }
}