{
  "format_version": "1.12",
  "minecraft:recipe_shaped": {
    "description": {
      "identifier": "golden_underneath_chestplate_92fcc3d3"
    },
    "tags": [
      "crafting_table"
    ],
    "pattern": [
      "ABA",
      "A A"
    ],
    "key": {
      "A": {
        "item": "pa:golden_underneath",
        "data": 0
      },
      "B": {
        "item": "minecraft:netherite_chestplate",
        "data": 0
      }
    },
    "result": {
      "item": "pa:golden_underneath_chestplate",
      "count": 1
    }
  }
}