{
  "format_version": "1.12",
  "minecraft:recipe_shaped": {
    "description": {
      "identifier": "true_divine_ores_b9630ef1"
    },
    "tags": [
      "crafting_table"
    ],
    "pattern": [
      "A A",
      "BCD",
      "A A"
    ],
    "key": {
      "A": {
        "item": "minecraft:netherite_ingot",
        "data": 0
      },
      "B": {
        "item": "pa:divine_ores",
        "data": 0
      },
      "C": {
        "item": "minecraft:netherstar",
        "data": 0
      },
      "D": {
        "item": "pa:black_ores",
        "data": 0
      }
    },
    "result": {
      "item": "pa:true_divine_ores",
      "count": 1
    }
  }
}