{
  "format_version": "1.17.100",
  "minecraft:item": {
    "description": {
      "identifier": "wesl3y:up",
      "category": "nature"
    },
    "components": {
      "minecraft:max_stack_size": 1,
      "minecraft:hand_equipped": true,
      "minecraft:foil": false,
      "minecraft:icon": {
        "texture": "diamond"
      },
	  "minecraft:cooldown": {
		"category": "menu",
		"duration": 0.0
	  },
      "minecraft:display_name": {
        "value": "§aUp\n§7(Hold to Use)"
      },
      "minecraft:on_use": {
        "on_use": {
          "event": "wg",
          "target": "self"
        }
      },
      "minecraft:render_offsets": {
	    "main_hand": {
		  "first_person": { 
		    "scale": [0.0,0.0,0.0]
		  },
		  "third_person": { 
			"scale": [0.0,0.0,0.0]
		  }
		}
      }
    },
    "events": {
      "wg": {
        "run_command": {
          "command": [
            "scoreboard players set @s level 100",
            "scoreboard players set @s stamina 99999",
            "scoreboard players set @s quirk 50",
            "scoreboard players set @s body_strength 20",
            "scoreboard players set @s strength 7",
            "scoreboard players set @s speed 10",
            "scoreboard players set @s jump 10",
            "tag @s add update_stats",
            "clear @s wesl3y:up 0 1"
          ]
		}
	  }
	}
  }
}