{
  "format_version": "1.13.0",
  "minecraft:entity": {
    "description": {
      "identifier": "darkage:infecteds",
      "is_spawnable": false,
      "is_summonable": true,
      "is_experimental": false,
      "scripts": {
        "animate": [
          "remove"
        ]
     },
     "animations": {
        "remove": "controller.animation.remove.structures"
      }
 },
    "component_groups": {
      "minecraft:infected_dead_one": {
        "minecraft:spawn_entity": [
          { 
           "min_wait_time": 0,
           "max_wait_time": 0,
           "spawn_entity": "darkage:cave_spider_baby",
           "spawn_event": "minecraft:spawn_spiders",
           "single_use": true,
           "num_to_spawn": 2,
           "should_leash": false
          }
        ]
      },
      "minecraft:infected_dead_two": {
        "minecraft:spawn_entity": [
          { 
           "min_wait_time": 0,
           "max_wait_time": 0,
           "spawn_entity": "darkage:cave_spider_baby",
           "spawn_event": "minecraft:spawn_spiders",
           "single_use": true,
           "num_to_spawn": 3,
           "should_leash": false
          }
        ]
      },
      "minecraft:infected_dead_three": {
        "minecraft:spawn_entity": [
          { 
           "min_wait_time": 0,
           "max_wait_time": 0,
           "spawn_entity": "darkage:cave_spider_baby",
           "spawn_event": "minecraft:spawn_spiders",
           "single_use": true,
           "num_to_spawn": 4,
           "should_leash": false
          }
        ]
      },
      "minecraft:infected_dead_four": {
        "minecraft:spawn_entity": [
          { 
           "min_wait_time": 0,
           "max_wait_time": 0,
           "spawn_entity": "darkage:cave_spider_baby",
           "spawn_event": "minecraft:spawn_spiders",
           "single_use": true,
           "num_to_spawn": 5,
           "should_leash": false
          }
        ]
      },
      "minecraft:infected_variant_one": {
        "minecraft:is_shaking": {
        },
        "minecraft:variant": { "value": 0 }
      },
      "minecraft:infected_variant_two": {
        "minecraft:is_saddled": {
        },
        "minecraft:is_shaking": {
        },
        "minecraft:variant": { "value": 1 }
      }
    },
    "components": {
      "minecraft:type_family": {
        "family": [ "spider", "undead", "monster" ]
      },
      "minecraft:collision_box": {
        "width": 0.6,
        "height": 1.9
      },
      "minecraft:experience_reward": {
        "on_death": "query.last_hit_by_player ? 5 + (query.equipment_count * Math.Random(1,2)) : 0"
      },
      "minecraft:health": {
        "value": 5,
        "max": 5
      },
      "minecraft:damage_sensor": {
        "triggers": [
              {
              "on_damage": { 
                "filters": { 
                  "with_damage_fatal": true
              },
               "event": "minecraft:spawn_spiders"
              },
               "deals_damage": true
             }
          ]
      },
      "minecraft:knockback_resistance": {
        "value": 1.0
      },
      "minecraft:hurt_on_condition": {
        "damage_conditions": [
          {
            "filters": { "test": "in_lava", "subject": "self", "operator": "==", "value": true },
            "cause": "lava",
            "damage_per_tick": 4
          }
        ]
      },
      "minecraft:physics": {
      },
      "minecraft:breathable": {
        "total_supply": 15,
        "suffocate_time": 0,
        "breathes_air": true,
        "breathes_water": true
      },
      "minecraft:pushable": {
        "is_pushable": false,
        "is_pushable_by_piston": true
      }
    },

    "events": {
      "minecraft:entity_spawned": {
        "sequence": [
          {
            "randomize": [
             {
                "weight": 50,
                "add": {
                  "component_groups": ["minecraft:infected_variant_one"]
                }
              },
              {
                "weight": 50,
                "add": {
                  "component_groups": ["minecraft:infected_variant_two"]
                }
              }
            ]
          }
        ]
      },
      "minecraft:variant_one": {
            "add": {
              "component_groups": [
                "minecraft:infected_variant_one"
              ]
            }
          },
          "minecraft:variant_two": {
            "add": {
              "component_groups": [
                "minecraft:infected_variant_two"
              ]
            }
          },
      "minecraft:spawn_spiders": {
        "randomize": [
          {
            "weight": 80,
            "remove": {
            },
            "add": {
              "component_groups": [
                "minecraft:infected_dead_one"
              ]
            }
          },
          {
            "weight": 40,
            "remove": {
            },
            "add": {
              "component_groups": [
                "minecraft:infected_dead_two"
              ]
            }
          },
          {
            "weight": 20,
            "remove": {
            },
            "add": {
              "component_groups": [
                "minecraft:infected_dead_three"
              ]
            }
          },
          {
            "weight": 10,
            "remove": {
            },
            "add": {
              "component_groups": [
                "minecraft:infected_dead_four"
              ]
            }
          }
        ]
      }
    }
  }
}
