{
  "format_version": "1.14.0",
  "minecraft:entity": {
    "description": {
      "runtime_identifier": "spider",
      "identifier": "darkage:queen_spider",
      "is_spawnable": true,
      "is_summonable": true,
      "is_experimental": false,
      "scripts": {
     "animate": [
       "attack",
       "armor",
       "remove"
     ]
   },
   "animations": {
         "attack": "controller.animation.queen_spider.attack",
         "armor": "controller.animation.armor.defense",
         "remove": "controller.animation.remove.structures"
      }
		},
    "component_groups": {
      "minecraft:cave_spider_spawn": {
        "minecraft:spawn_entity": [
          { 
           "min_wait_time": 0,
           "max_wait_time": 0,
           "spawn_entity": "darkage:cave_spider_baby",
           "spawn_event": "minecraft:spawn_spiders",
           "single_use": true,
           "num_to_spawn": 10,
           "should_leash": false
          }
        ]
      },
      "minecraft:attack_spider": {
        "minecraft:behavior.delayed_attack": {
          "priority": 1,
          "reach_multiplier": 2.5,
          "speed_multiplier": 1.2,
          "attack_duration": 1.28,
          "hit_delay_pct": 0.48,
          "track_target": true
        },
        "minecraft:mark_variant": {
          "value": 1
        }
      },
      "minecraft:attack_generate": {
        "minecraft:is_tamed": {
        },
        "minecraft:timer": {
          "time": 0.68,
          "time_down_event": {
            "event": "minecraft:queen_spider_generate_kick"
              }
          },
          "minecraft:mark_variant": {
            "value": 2
          }
      },
      "minecraft:summon_eggs": {
        "minecraft:is_tamed": {
        },
        "minecraft:timer": {
          "time": 0.68,
          "time_down_event": {
            "event": "minecraft:queen_spider_summon"
              }
          },
          "minecraft:mark_variant": {
            "value": 2
          }
      }
    },
    "components": {
      "minecraft:experience_reward": {
        "on_death": "query.last_hit_by_player ? 10 + (query.equipment_count * Math.Random(2,4)) : 0"
      },
      "minecraft:loot": {
        "table": "loot_tables/entities/queen_spider.json"
      },
      "minecraft:attack": {
        "damage": 8
      },
      "minecraft:type_family": {
        "family": [ "queen_spider", "monster", "arthropod" ]
      },
      "minecraft:scale": {
        "value": 1.0
      },
      "minecraft:health": {
        "value": 200,
        "max": 200
      },
      "minecraft:behavior.random_stroll": {
        "priority": 6,
        "speed_multiplier": 0.7
      },
      "minecraft:movement": {
        "value": 0.26
      },
      "minecraft:movement.basic": {
      },
      "minecraft:navigation.climb": {
        "can_path_over_water": true,
        "can_float": true,
        "avoid_damage_blocks": false
      },
      "minecraft:can_climb": {
      },
      "minecraft:jump.static": {
      },
      "minecraft:damage_sensor": {
        "triggers": [
              {
              "on_damage": { 
                "filters": { 
                  "with_damage_fatal": true
              },
               "event": "minecraft:queen_spider_dead"
              },
               "deals_damage": true
             }
          ]
      },
      "minecraft:behavior.float": {
                "priority": 20
            },         
      "minecraft:collision_box": {
        "width": 1.4,
        "height": 2.9
      },
      "minecraft:behavior.nearest_attackable_target": {
        "priority": 2,
        "scan_interval": 20,
        "within_radius": 40.0,
        "reselect_targets": true,
        "entity_types": [
          {
            "filters": {
              "any_of": [
                { "test": "is_family", "subject": "other", "value": "player" },
                { "test": "is_family", "subject": "other", "value": "snowgolem" },
                { "test": "is_family", "subject": "other", "value": "irongolem" }
              ]
            },
            "max_dist": 40
          },
          {
            "filters": {
              "any_of": [
                { "test": "is_family", "subject": "other", "value": "villager" },
                { "test": "is_family", "subject": "other", "value": "wandering_trader" }
              ]
            },
            "max_dist": 40,
            "must_see": false
          },
          {
            "filters": {
              "all_of": [
                { "test": "is_family", "subject": "other", "value": "baby_turtle" },
                { "test": "in_water", "subject": "other", "operator": "!=", "value": true }
              ]
            },
            "max_dist": 40
          }
        ],
        "must_see": true,
        "must_see_forget_duration": 0.5
      },
      "minecraft:knockback_resistance": {
        "value": 1.0
      },
      "minecraft:follow_range": {
        "value": 45
      },
      "minecraft:behavior.hurt_by_target": {
        "priority": 1,
        "max_dist": 64
      },
      "minecraft:physics": {
      },
      "minecraft:behavior.random_look_around": {
        "priority": 7
      },
      "minecraft:behavior.look_at_entity": {
        "priority": 9,
        "look_distance": 6.0,
        "probability": 7.0,
        "filters": { "test" :  "is_family", "subject" : "other", "value" :  "mob"}
      },
      "minecraft:behavior.look_at_player": {
        "priority": 9,
        "look_distance": 6.0,
        "probability": 7.0
      },
      "minecraft:pushable": {
                "is_pushable": false,
                "is_pushable_by_piston": true
              }
           },
           
       "events": {
       "minecraft:entity_spawned": {
        "randomize": [
          {
            "weight": 280,
            "remove": {},
            "add": {
              "component_groups": [
                "minecraft:attack_spider"
              ]
            }
          }
        ]
      },
      "minecraft:queen_spider_summon": {
        "remove": {
          "component_groups": [
            "minecraft:attack_generate",
            "minecraft:summon_eggs"
          ]
        },
        "add": {
          "component_groups": [
            "minecraft:attack_spider"
          ]
        },
        "run_command": {
          "command": [
         "summon darkage:spider_eggs"
      ]
    }
  },
      "minecraft:queen_spider_dead": {
        "add": {
          "component_groups": [
            "minecraft:cave_spider_spawn"
          ]
        }
      },
      "minecraft:queen_spider_generate_kick": {
        "remove": {
          "component_groups": [
            "minecraft:attack_generate",
            "minecraft:summon_eggs"
          ]
        },
        "add": {
          "component_groups": [
            "minecraft:attack_spider"
          ]
        },
        "run_command": {
          "command": [
         "fill ~2 ~ ~2 ~-2 ~ ~-2 web 0 replace air"
      ]
    }
  },
      "minecraft:queen_spider_attacks": {
        "randomize": [
          {
            "weight": 80,
            "remove": {
            "component_groups": [
              "minecraft:attack_generate",
              "minecraft:summon_eggs"
              ]
            },
            "add": {
              "component_groups": [
                "minecraft:attack_spider"
              ]
            }
          },
          {
            "weight": 60,
            "remove": {
            "component_groups": [
              "minecraft:attack_spider",
              "minecraft:summon_eggs"
              ]
            },
            "add": {
              "component_groups": [
                "minecraft:attack_generate"
              ]
            }
          },
          {
            "weight": 40,
            "remove": {
            "component_groups": [
              "minecraft:attack_spider",
              "minecraft:attack_generate"
              ]
            },
            "add": {
              "component_groups": [
                "minecraft:summon_eggs"
              ]
            }
          }
        ]
      }
    }
  }
}
