{
  "format_version": "1.8.0",
  "minecraft:entity": {
	"description": {
      "identifier": "darkage:spawn_spider_queen",
         "is_spawnable":false,
         "is_summonable":true,
         "is_experimental":false,
         "scripts": {
           "animate": [
             "remove"
           ]
        },
        "animations": {
           "remove": "controller.animation.remove.structures"
         }
    },
    "component_groups": {
      "minecraft:despawning": {
        "minecraft:despawn": { }
      },
    "minecraft:despawn_component": {
      "minecraft:timer": {
        "time": 1.0,
        "time_down_event": {
          "event": "minecraft:generate_three"
           }
         }
      },
    "minecraft:generate": {
      "minecraft:timer": {
        "time": 0.1,
        "time_down_event": {
          "event": "minecraft:generate_two"
           }
         }
       }
     },
    "components": {
      "minecraft:type_family": {
        "family": [ "block",  "chest", "zooglin"]
      },
      "minecraft:pushable": {
        "is_pushable": false,
        "is_pushable_by_piston": false
      },
	    "minecraft:physics": {
      },
      "minecraft:collision_box": {
        "width": 0.1,
        "height": 0.1
      },
      "minecraft:damage_sensor": {
          "triggers": {
   "on_damage": { 
   },
    "deals_damage": false
    }
  }
 },

    "events": {
    "minecraft:generate_two": {
      "run_command": {
        "command": [
            "summon darkage:queen_spider"
            ]
        },
        "add": {
          "component_groups": [
            "minecraft:despawn_component"
          ]
        }
      },
      "minecraft:generate_three": {
          "add": {
            "component_groups": [
              "minecraft:despawning"
            ]
          }
        },
          "minecraft:entity_spawned": {
        "randomize": [
          {
            "weight": 100,
            "remove": {
            },
            "add": {
              "component_groups": [
                "minecraft:generate"
              ]
            }
          }
        ]
      }
    }
  }
}