{
  "format_version": "1.13.0",
  "minecraft:entity": {
    "description": {
      "identifier": "darkage:spider_eggs",
      "is_spawnable": false,
      "is_summonable": true,
      "is_experimental": false,
      "scripts": {
        "animate": [
          "remove"
        ]
     },
     "animations": {
        "remove": "controller.animation.remove.structures"
      }
 },
    "component_groups": {
      "minecraft:spawn_spider_one": {
        "minecraft:timer": {
          "time": 0.1,
          "time_down_event": {
            "event": "minecraft:egg_despawn"
          }
        },
        "minecraft:spawn_entity": [
          { 
           "min_wait_time": 0,
           "max_wait_time": 0,
           "spawn_entity": "darkage:cave_spider_baby",
           "spawn_event": "minecraft:spawn_spiders",
           "single_use": true,
           "num_to_spawn": 2,
           "should_leash": false
          }
        ]
      },
      "minecraft:spawn_spider_two": {
        "minecraft:timer": {
          "time": 0.1,
          "time_down_event": {
            "event": "minecraft:egg_despawn"
          }
        },
        "minecraft:spawn_entity": [
          { 
           "min_wait_time": 0,
           "max_wait_time": 0,
           "spawn_entity": "darkage:cave_spider_baby",
           "spawn_event": "minecraft:spawn_spiders",
           "single_use": true,
           "num_to_spawn": 3,
           "should_leash": false
          }
        ]
      },
      "minecraft:spawn_spider_three": {
        "minecraft:timer": {
          "time": 0.1,
          "time_down_event": {
            "event": "minecraft:egg_despawn"
          }
        },
        "minecraft:spawn_entity": [
          { 
           "min_wait_time": 0,
           "max_wait_time": 0,
           "spawn_entity": "darkage:cave_spider_baby",
           "spawn_event": "minecraft:spawn_spiders",
           "single_use": true,
           "num_to_spawn": 4,
           "should_leash": false
          }
        ]
      },
      "minecraft:spawn_spider_four": {
        "minecraft:timer": {
          "time": 0.1,
          "time_down_event": {
            "event": "minecraft:egg_despawn"
          }
        },
        "minecraft:spawn_entity": [
          { 
           "min_wait_time": 0,
           "max_wait_time": 0,
           "spawn_entity": "darkage:cave_spider_baby",
           "spawn_event": "minecraft:spawn_spiders",
           "single_use": true,
           "num_to_spawn": 5,
           "should_leash": false
          }
        ]
      },
      "minecraft:egg_timer": {
        "minecraft:timer": {
          "time": 5.00,
          "time_down_event": {
            "event": "minecraft:spawn_spiders"
          }
        }
      },
      "minecraft:egg_despawn": {
        "minecraft:despawn": { }
      }
    },
    "components": {
      "minecraft:type_family": {
        "family": [ "spider", "undead", "monster" ]
      },
      "minecraft:scale": {
        "value": 1.5
      },
      "minecraft:collision_box": {
        "width": 0.6,
        "height": 1.9
      },
      "minecraft:experience_reward": {
        "on_death": "query.last_hit_by_player ? 5 + (query.equipment_count * Math.Random(1,2)) : 0"
      },
      "minecraft:health": {
        "value": 10,
        "max": 10
      },
      "minecraft:knockback_resistance": {
        "value": 1.0
      },
      "minecraft:hurt_on_condition": {
        "damage_conditions": [
          {
            "filters": { "test": "in_lava", "subject": "self", "operator": "==", "value": true },
            "cause": "lava",
            "damage_per_tick": 4
          }
        ]
      },
      "minecraft:physics": {
      },
      "minecraft:breathable": {
        "total_supply": 15,
        "suffocate_time": 0,
        "breathes_air": true,
        "breathes_water": true
      },
      "minecraft:pushable": {
        "is_pushable": false,
        "is_pushable_by_piston": true
      }
    },

    "events": {
      "minecraft:entity_spawned": {
        "sequence": [
          {
            "randomize": [
             {
                "weight": 100,
                "add": {
                  "component_groups": ["minecraft:egg_timer"]
                }
              }
            ]
          }
        ]
      },
      "minecraft:egg_despawn": {
        "add": {
          "component_groups":[
            "minecraft:egg_despawn"
              ]
            }
         },
      "minecraft:spawn_spiders": {
        "randomize": [
          {
            "weight": 80,
            "remove": {
              "component_groups": [
                "minecraft:egg_timer"
              ]
            },
            "add": {
              "component_groups": [
                "minecraft:spawn_spider_one"
              ]
            }
          },
          {
            "weight": 40,
            "remove": {
              "component_groups": [
                "minecraft:egg_timer"
              ]
            },
            "add": {
              "component_groups": [
                "minecraft:spawn_spider_two"
              ]
            }
          },
          {
            "weight": 20,
            "remove": {
              "component_groups": [
                "minecraft:egg_timer"
              ]
            },
            "add": {
              "component_groups": [
                "minecraft:spawn_spider_three"
              ]
            }
          },
          {
            "weight": 10,
            "remove": {
              "component_groups": [
                "minecraft:egg_timer"
              ]
            },
            "add": {
              "component_groups": [
                "minecraft:spawn_spider_four"
              ]
            }
          }
        ]
      }
    }
  }
}
