{
  "format_version": "1.13.0",
 "minecraft:entity": {
  "description": {
    "identifier": "darkage:web",
    "is_spawnable": false,
    "is_summonable": true,
    "is_experimental": false
  },
  "component_groups": {
    "minecraft:despawning": {
      "minecraft:despawn": {}
     }
  },
  
  "components": {
    "minecraft:type_family": {
      "family": [ "projectile" ]
    },
   "minecraft:collision_box": {
    "width": 0.31,
    "height": 0.31
   },
   "minecraft:scale": {
    "value": 1.1
  },
  "minecraft:damage_sensor": {
    "triggers": [
    {
      "cause": "block_explosion",
      "deals_damage": false
    },
    {
      "cause": "entity_explosion",
      "deals_damage": false
    },
    {
      "cause": "fall",
      "deals_damage": false
    },
    {
      "cause": "attack",
      "deals_damage": false
    },
    {
      "cause": "projectile",
      "deals_damage": false
        }
      ]
   },
   "minecraft:projectile": {  
    "on_hit": {
      "impact_damage": {
        "damage": [ 5, 6 ],
        "knockback": true,
        "semi_random_diff_damage": true,
        "destroy_on_hit": true
      },
     "definition_event": {
      "affect_projectile": false,
      "event_trigger": {
            "event": "minecraft:cobweb",
            "target": "self"
      }
    },
     "remove_on_hit": { }
    },
    "power": 4,
				"gravity": 0.10,
				"uncertainty_base": 1,
				"uncertainty_multiplier": 0,
				"stop_on_hurt": false,
				"anchor": 2,
				"should_bounce": true,
				"multiple_targets": true,
				"offset": [ 0, -0.1, 0 ]
   },
   "minecraft:physics": {
   },
   "minecraft:pushable": {
    "is_pushable": true,
    "is_pushable_by_piston": true
    }
  },
  "events": {
   "minecraft:cobweb": {
    "add": {
     "component_groups": [
      "minecraft:despawning"
       ]
    },
    "run_command": {
      "command": [
          "fill ~1 ~ ~1 ~-1 ~1 ~-1 web 0 replace air"
          ]
        }   
      }
    }
  }
}
