{
  "format_version": "1.10.0",
  "animation_controllers": {
    "controller.animation.despawn_health": {
      "initial_state" : "default",
      "states": {
        "default": {
          "transitions": [
            { "1": "query.health == 1" }
          ]
        },
        "1": {
          "animations": ["timer.2_0"],
          "transitions": [
            { "default": "query.all_animations_finished" }
          ],
          "on_entry": [
            "/event entity @s defeat"
          ],
          "on_exit": [
            "/event entity @s wesl3y:despawn"
          ]
        }
      }
    },
    "controller.animation.quirk_mob": {
      "states": {
        "default": {
          "transitions": [
            { "1": "(1.0)" }
          ]
        },
        "1": {
          "animations": ["timer.0_25"],
          "transitions": [
            { "default": "q.all_animations_finished" }
          ],
          "on_entry": [
            "/tag @s[tag=!empty,scores={cooldown1=1..}] add empty",
            "/scoreboard players remove @s[scores={cooldown1=2..}] cooldown1 2",
            "/tag @s[tag=empty,scores={cooldown1=..1}] remove empty"
          ]
        }
      }
    },
    "controller.animation.black_whip_long": {
      "states": {
        "default": {
          "transitions": [
            { "1": "(1.0)" }
          ]
        },
        "1": {
          "transitions": [
            { "default": "(1.0)" }
          ],
          "on_entry": [
            "/execute at @s[tag=explode2] at @p[tag=quirk_black_whip] run summon wesl3y:black_whip_short ^^-0.5^-2 ~ ~ wesl3y:swing",
            "/execute at @s[tag=explode2] run effect @p[rx=10,rxm=-20,tag=quirk_black_whip] levitation 1 0 true",
            "/execute at @s[tag=explode2] run effect @p[rx=-20,rxm=-40,tag=quirk_black_whip] levitation 1 4 true",
            "/execute at @s[tag=explode2] run effect @p[rx=-40,rxm=-90,tag=quirk_black_whip] levitation 1 8 true",
            "/execute at @s[tag=explode2] run effect @p[tag=quirk_black_whip] slow_falling 3 1 true",
            "/scoreboard players set @s[tag=explode2] skills 45",
            "/tag @s remove explode2"
          ]
        }
      }
    },
    "controller.animation.all_might": {
      "states": {
        "default": {
          "transitions": [
            { "1": "query.mark_variant == 1 && variable.attack_time" },
            { "2": "query.mark_variant == 2" },
            { "3": "query.mark_variant == 3" }
          ]
        },
        "1": {
          "transitions": [
            { "default": "!variable.attack_time" }
          ],
          "on_entry": [
            "/particle wesl3y:detroit_smash ^0.5^1^2",
            "/particle wesl3y:detroit_smash ^-0.5^1^2"
          ]
        },
        "2": {
          "animations": ["combo2"],
          "transitions": [
            { "default": "query.all_animations_finished" }
          ],
          "on_exit": [
            "@s dboa"
          ]
        },
        "3": {
          "animations": ["combo3"],
          "transitions": [
            { "default": "query.all_animations_finished" }
          ],
          "on_exit": [
            "@s dboa"
          ]
        }
      }
    },
    "controller.animation.bakugou": {
      "states": {
        "default": {
          "transitions": [
            { "2": "query.mark_variant == 2" }
          ]
        },
        "2": {
          "animations": ["combo2"],
          "transitions": [
            { "default": "query.all_animations_finished" }
          ],
          "on_exit": [
            "@s dboa"
          ]
        }
      }
    },
    "controller.animation.dabi": {
      "states": {
        "default": {
          "transitions": [
            { "1": "query.mark_variant == 1" },
            { "2": "query.mark_variant == 2" },
            { "3": "query.mark_variant == 3" }
          ]
        },
        "1": {
          "animations": ["combo1"],
          "transitions": [
            { "default": "query.all_animations_finished" }
          ],
          "on_exit": [
            "@s dboa"
          ]
        },
        "2": {
          "animations": ["combo2"],
          "transitions": [
            { "default": "query.all_animations_finished" }
          ],
          "on_exit": [
            "@s dboa"
          ]
        },
        "3": {
          "animations": ["combo3"],
          "transitions": [
            { "default": "query.all_animations_finished" }
          ],
          "on_exit": [
            "@s dboa"
          ]
        }
      }
    },
    "controller.animation.deku": {
      "states": {
        "default": {
          "transitions": [
            { "1": "query.mark_variant == 1" },
            { "2": "query.mark_variant == 2" },
            { "3": "query.mark_variant == 3" }
          ]
        },
        "1": {
          "animations": ["combo1"],
          "transitions": [
            { "default": "query.all_animations_finished" }
          ],
          "on_exit": [
            "@s dboa"
          ]
        },
        "2": {
          "animations": ["combo2"],
          "transitions": [
            { "default": "query.all_animations_finished" }
          ],
          "on_exit": [
            "@s dboa"
          ]
        },
        "3": {
          "animations": ["combo3"],
          "transitions": [
            { "default": "query.all_animations_finished" }
          ],
          "on_exit": [
            "@s dboa"
          ]
        }
      }
    },
    "controller.animation.shigaraki": {
      "states": {
        "default": {
          "transitions": [
            { "1": "query.mark_variant == 1" },
            { "2": "query.mark_variant == 2" },
            { "3": "query.mark_variant == 3" },
            { "4": "query.mark_variant == 4 && variable.attack_time" }
          ]
        },
        "1": {
          "animations": ["combo1"],
          "transitions": [
            { "default": "query.all_animations_finished" }
          ],
          "on_exit": [
            "@s dboa"
          ]
        },
        "2": {
          "animations": ["combo2"],
          "transitions": [
            { "2_2": "query.all_animations_finished" }
          ]
        },
        "2_2": {
          "animations": ["combo2_2"],
          "transitions": [
            { "default": "query.is_on_ground" }
          ],
          "on_exit": [
            "@s dboa",
            "/summon wesl3y:shigaraki_attack2 ~~~ ~ ~ wesl3y:jump_cannon"
          ]
        },
        "3": {
          "animations": ["combo3"],
          "transitions": [
            { "default": "query.all_animations_finished" }
          ],
          "on_exit": [
            "@s dboa"
          ]
        },
        "4": {
          "transitions": [
            { "default": "!variable.attack_time" }
          ],
          "on_entry": [
            "/particle wesl3y:detroit_smash ^0.5^1^2",
            "/particle wesl3y:detroit_smash ^-0.5^1^2"
          ]
        }
      }
    },
    "controller.animation.shoto": {
      "states": {
        "default": {
          "transitions": [
            { "2": "query.mark_variant == 2" },
            { "3": "query.mark_variant == 3" }
          ]
        },
        "2": {
          "animations": ["combo2"],
          "transitions": [
            { "default": "query.all_animations_finished" }
          ],
          "on_exit": [
            "@s dboa"
          ]
        },
        "3": {
          "animations": ["combo3"],
          "transitions": [
            { "default": "query.all_animations_finished" }
          ],
          "on_exit": [
            "@s dboa"
          ]
        }
      }
    }
  }
}