{
  "format_version":"1.10.0",
  "animation_controllers":{
    "controller.animation.health": {
      "states": {
        "default": {
          "transitions": [
            {"add_health_1":"(query.health - query.scoreboard('health')) >= 1 && (query.health - query.scoreboard('health')) <= 9"},
            {"remove_health_1":"(query.health - query.scoreboard('health')) <= -1 && (query.health - query.scoreboard('health')) >= -9"},
            {"add_health_10":"(query.health - query.scoreboard('health')) >= 10 && (query.health - query.scoreboard('health')) <= 90"},
            {"remove_health_10":"(query.health - query.scoreboard('health')) <= -10 && (query.health - query.scoreboard('health')) >= -90"},
            {"add_health_100":"(query.health - query.scoreboard('health')) >= 100 && (query.health - query.scoreboard('health')) <= 900"},
            {"remove_health_100":"(query.health - query.scoreboard('health')) <= -100 && (query.health - query.scoreboard('health')) >= -900"},
            {"add_health_1000":"(query.health - query.scoreboard('health')) >= 1000"},
            {"remove_health_1000":"(query.health - query.scoreboard('health')) <= -1000"}
          ]
        },
        "add_health_1": {
          "transitions": [
            {
              "default": "(1.0)"
            }
          ],
          "on_entry": [
            "/scoreboard players add @s health 1"
          ]
        },
        "remove_health_1": {
          "transitions": [
            {
              "default": "(1.0)"
            }
          ],
          "on_entry": [
            "/scoreboard players remove @s health 1"
          ]
        },
        "add_health_10": {
          "transitions": [
            {
              "default": "(1.0)"
            }
          ],
          "on_entry": [
            "/scoreboard players add @s health 10"
          ]
        },
        "remove_health_10": {
          "transitions": [
            {
              "default": "(1.0)"
            }
          ],
          "on_entry": [
            "/scoreboard players remove @s health 10"
          ]
        },
        "add_health_100": {
          "transitions": [
            {
              "default": "(1.0)"
            }
          ],
          "on_entry": [
            "/scoreboard players add @s health 100"
          ]
        },
        "remove_health_100": {
          "transitions": [
            {
              "default": "(1.0)"
            }
          ],
          "on_entry": [
            "/scoreboard players remove @s health 100"
          ]
        },
        "add_health_1000": {
          "transitions": [
            {
              "default": "(1.0)"
            }
          ],
          "on_entry": [
            "/scoreboard players add @s health 1000"
          ]
        },
        "remove_health_1000": {
          "transitions": [
            {
              "default": "(1.0)"
            }
          ],
          "on_entry": [
            "/scoreboard players remove @s health 1000"
          ]
        }
      }
    },
    "controller.animation.attack": {
      "states":{
        "default":{
          "transitions":[
            {"walk":"variable.attack_time"}
          ]
        },
        "walk":{
          "transitions":[
            {"default":"!variable.attack_time"}
          ],
          "on_entry":[
            "/scoreboard players add @s[tag=ofa] xp_quirk 1",
            "/scoreboard players add @s[tag=dark_shadow] xp_quirk 1",
            "/scoreboard players add @s[tag=black_ankh] xp_quirk 1",
            "/scoreboard players add @s[tag=ragnarok_shadow] xp_quirk 1",
            "/scoreboard players add @s[tag=muscle_arms] xp_quirk 1",
            "/scoreboard players add @s[tag=muscle_body] xp_quirk 1",
            "/scoreboard players add @s[tag=muscle_all] xp_quirk 1"
          ]
        }
      }
    },
    "controller.animation.speed": {
      "states": {
        "default": {
          "transitions": [
            {
              "walk": "query.is_sprinting"
            }
          ]
        },
        "walk": {
          "transitions": [
            {
              "walk2": "!query.is_sprinting"
            }
          ],
          "on_entry": [
            "/effect @s[scores={speed_all=..5}] speed 9999 1 true",
            "/effect @s[scores={speed_all=6..10}] speed 9999 2 true",
            "/effect @s[scores={speed_all=11..15}] speed 9999 3 true",
            "/effect @s[scores={speed_all=16..20}] speed 9999 4 true",
            "/effect @s[scores={speed_all=21..25}] speed 9999 5 true",
            "/effect @s[scores={speed_all=26..30}] speed 9999 6 true",
            "/effect @s[scores={speed_all=31..35}] speed 9999 7 true",
            "/effect @s[scores={speed_all=36..40}] speed 9999 8 true",
            "/effect @s[scores={speed_all=41..45}] speed 9999 9 true",
            "/effect @s[scores={speed_all=46..}] speed 9999 10 true",
            "/effect @s[scores={jump_all=..5}] jump_boost 9999 1 true",
            "/effect @s[scores={jump_all=6..10}] jump_boost 9999 2 true",
            "/effect @s[scores={jump_all=11..15}] jump_boost 9999 3 true",
            "/effect @s[scores={jump_all=16..20}] jump_boost 9999 4 true",
            "/effect @s[scores={jump_all=21..25}] jump_boost 9999 5 true",
            "/effect @s[scores={jump_all=26..30}] jump_boost 9999 6 true",
            "/effect @s[scores={jump_all=31..35}] jump_boost 9999 7 true",
            "/effect @s[scores={jump_all=36..40}] jump_boost 9999 8 true",
            "/effect @s[scores={jump_all=41..45}] jump_boost 9999 9 true",
            "/effect @s[scores={jump_all=46..}] jump_boost 9999 10 true"
          ]
        },
        "walk2": {
          "animations": ["timer.0_5"],
          "transitions": [
            {
              "walk3": "query.all_animations_finished"
            },
            {
              "walk": "query.is_sprinting"
            }
          ]
        },
        "walk3": {
          "transitions": [
            {
              "default": "(1.0)"
            }
          ],
          "on_entry": [
            "/event entity @s wesl3y:speed_jump.0",
            "/effect @s slow_falling 1 1 true"
          ]
        }
      }
    },
    "controller.animation.jump": {
      "initial_state" : "default",
      "states":{
        "default":{
          "transitions":[
            {"walk":"!query.is_on_ground"}
          ],
          "on_entry": [
            "/tag @s add is_ground"
          ]
        },
        "walk":{
          "transitions":[
            {"default":"query.is_on_ground"}
          ],
          "on_entry":[
            "/tag @s remove is_ground"
          ]
        }
      }
    }
  }
}