{
  "format_version": "1.13.0",
  "minecraft:entity": {
    "description": {
      "identifier": "darkage:ghost",
      "is_spawnable": false,
      "is_summonable": true,
      "is_experimental": false
 },
    "component_groups": {
      "minecraft:ghost_diamond": {
        "minecraft:equipment": {
          "table": "loot_tables/entities/ghost_diamond.json"
          }
      },
      "minecraft:ghost_iron":{
        "minecraft:equipment": {
          "table": "loot_tables/entities/ghost_iron.json"
          }
       },
      "minecraft:ghost_gold":{
        "minecraft:equipment": {
          "table": "loot_tables/entities/ghost_gold.json"
          }
      },
      "minecraft:ghost_chain": {
        "minecraft:equipment": {
          "table": "loot_tables/entities/ghost_chain.json"
          }
      },
      "minecraft:ghost_leather": {
        "minecraft:equipment": {
          "table": "loot_tables/entities/ghost_leather.json"
          }
      },
      "minecraft:ghost_variant_one": {
        "minecraft:is_shaking": {
        },
        "minecraft:variant": { "value": 0 },
        "minecraft:attack": {
          "damage": 4
        },
        "minecraft:movement": {
          "value": 0.30
        },
        "minecraft:health": {
          "value": 30,
          "max": 30
        }
      },
      "minecraft:ghost_variant_two": {
        "minecraft:variant": { "value": 1 },
        "minecraft:attack": {
          "damage": 3
        },
        "minecraft:movement": {
          "value": 0.25
        },
        "minecraft:health": {
          "value": 20,
          "max": 20
        }
      }
    },
    "components": {
      "minecraft:type_family": {
        "family": [ "ghost", "undead", "monster" ]
      },
      "minecraft:collision_box": {
        "width": 0.6,
        "height": 1.9
      },
      "minecraft:experience_reward": {
        "on_death": "query.last_hit_by_player ? 5 + (query.equipment_count * Math.Random(1,2)) : 0"
      },
      "minecraft:behavior.melee_attack": {
        "priority": 4,
        "target_dist": 1.2,
        "speed_multiplier": 1.2,
        "track_target": true
        },
      "minecraft:movement.basic": {
      },
      "minecraft:burns_in_daylight": {
      },
      "minecraft:navigation.generic": {
        "is_amphibious": true,
        "can_path_over_water": false,
        "can_pass_doors": true,
        "can_open_doors": true,
        "can_swim": true,
        "can_walk": true,
        "avoid_damage_blocks": true
      },
      "minecraft:annotation.open_door": {
      },
      "minecraft:behavior.move_indoors": {
        "priority": 4,
        "speed_multiplier": 0.8
      },
      "minecraft:behavior.restrict_open_door": {
        "priority": 5
      },
      "minecraft:behavior.avoid_mob_type": {
        "priority": 1,
        "entity_types": [
          {
            "filters": { "test": "is_family", "subject": "other", "value": "owl" },
            "max_dist": 24,
            "walk_speed_multiplier": 2.0,
            "sprint_speed_multiplier": 1.5
          }
        ],
        "probability_per_strength": 0.14
      },
      "minecraft:behavior.open_door": {
        "priority": 6,
        "close_door_after": true
      },
      "minecraft:jump.static": {
      },
      "minecraft:can_climb": {
      },
      "minecraft:hurt_on_condition": {
        "damage_conditions": [
          {
            "filters": { "test": "in_lava", "subject": "self", "operator": "==", "value": true },
            "cause": "lava",
            "damage_per_tick": 4
          }
        ]
      },
      "minecraft:breathable": {
        "total_supply": 15,
        "suffocate_time": 0,
        "breathes_air": true,
        "breathes_water": true
      },
      "minecraft:loot": {
        "table": "loot_tables/entities/ghost.json"
      },
      "minecraft:behavior.move_towards_restriction": {
        "priority": 5,
        "speed_multiplier": 1
      },
      "minecraft:behavior.random_stroll": {
        "priority": 6,
        "speed_multiplier": 1
      },
      "minecraft:behavior.look_at_player": {
        "priority": 7,
        "look_distance": 6,
        "probability": 0.02
      },
      "minecraft:behavior.random_look_around": {
        "priority": 7
      },
      "minecraft:behavior.hurt_by_target": {
        "priority": 1
      },
      "minecraft:behavior.nearest_attackable_target": {
        "priority": 2,
        "scan_interval": 20,
        "within_radius": 40.0,
        "reselect_targets": true,
        "entity_types": [
          {
            "filters": {
              "any_of": [
                { "test": "is_family", "subject": "other", "value": "player" },
                { "test": "is_family", "subject": "other", "value": "snowgolem" },
                { "test": "is_family", "subject": "other", "value": "irongolem" }
              ]
            },
            "max_dist": 40
          },
          {
            "filters": {
              "any_of": [
                { "test": "is_family", "subject": "other", "value": "villager" },
                { "test": "is_family", "subject": "other", "value": "wandering_trader" }
              ]
            },
            "max_dist": 40,
            "must_see": false
          },
          {
            "filters": {
              "all_of": [
                { "test": "is_family", "subject": "other", "value": "baby_turtle" },
                { "test": "in_water", "subject": "other", "operator": "!=", "value": true }
              ]
            },
            "max_dist": 40
          }
        ],
        "must_see": true,
        "must_see_forget_duration": 0.5
      },
      "minecraft:physics": {
      },
      "minecraft:follow_range": {
        "value": 40
      },
      "minecraft:pushable": {
        "is_pushable": true,
        "is_pushable_by_piston": true
      }
    },

    "events": {
      "minecraft:entity_spawned": {
        "sequence": [
          {
            "randomize": [
              {
                "weight": 90,
                "add": {
                  "component_groups": [
                    "minecraft:ghost_leather"
                  ]
                }
              },
              {
                "weight": 85,
                "add": {
                  "component_groups": [
                    "minecraft:ghost_chain"
                  ]
                }
              },
              {
                "weight": 80,
                "add": {
                  "component_groups": [
                    "minecraft:ghost_gold"
                  ]
                }
              },
              {
                "weight": 40,
                "add": {
                  "component_groups": [
                    "minecraft:ghost_iron"
                  ]
                }
              },
              {
                "weight": 10,
                "add": {
                  "component_groups": [
                    "minecraft:ghost_diamond"
                  ]
                }
              }
            ]
          },
          {
            "randomize": [
              {
                "weight": 10,
                "add": {
                  "component_groups": ["minecraft:ghost_variant_one"]
                }
              },
              {
                "weight": 50,
                "add": {
                  "component_groups": ["minecraft:ghost_variant_two"]
                }
              }
            ]
          }
        ]
      }
    }
  }
}
