{
  "format_version": "1.13.0",
  "minecraft:entity": {
    "description": {
      "runtime_identifier": "turtle",
      "identifier": "darkage:mercenary",
      "is_spawnable": true,
      "is_summonable": true,
      "is_experimental": false,
      "scripts": {
     "animate": [
       "sit",
       "crisis",
       "scape",
       "remove"
     ]
   },
   "animations": {
     "sit": "controller.animation.mercenary.sit",
     "crisis": "controller.animation.mercenary.crisis",
     "scape": "controller.animation.mercenary.scape",
     "remove": "controller.animation.remove.structures"
    }
 },
    "component_groups": {
      "minecraft:mercenary_despawn":{
        "minecraft:despawn": { 
        }
      },
      "minecraft:tamed_mercenary":{
        "minecraft:health": {
          "value": 40,
          "max": 40
        },
        "minecraft:sittable": {
        },
        "minecraft:attack": {
          "damage": 6
        },
        "minecraft:healable": {
          "items": [
            {
              "item": "cooked_porkchop",
              "heal_amount": 8
            },     
            {
              "item": "cooked_beef",
              "heal_amount": 8
            },
            {
              "item": "cooked_chicken",
              "heal_amount": 6
            },
            {
              "item": "muttonCooked",
              "heal_amount": 6
            },
            {
              "item": "cooked_rabbit",
              "heal_amount": 5
            }
          ]
        },
        "minecraft:behavior.follow_owner": {
          "priority": 6,
          "speed_multiplier": 1.5,
          "start_distance": 10,
          "stop_distance": 2
        },
        "minecraft:behavior.owner_hurt_by_target": {
          "priority": 1
        },
        "minecraft:behavior.owner_hurt_target": {
          "priority": 2
        }
       },
      "minecraft:trading_1": {
        "minecraft:trade_table": {
          "display_name": "entity.mercenary.contrat",
          "table": "trading/mercenary.json",
          "convert_trades_economy": true
        },
        "minecraft:behavior.trade_with_player": {
          "priority": 1
        },
        "minecraft:behavior.look_at_trading_player": {
          "priority": 2
        },
        "minecraft:tameable": {
          "probability": 100,
          "tame_items": "darkage:contract",
          "tame_event": {
            "event": "minecraft:mercenary_tame",
            "target": "self"
          }
        }
      },
      "minecraft:trading_2": {
        "minecraft:trade_table": {
          "display_name": "entity.mercenary.contrat",
          "table": "trading/mercenary_g.json",
          "convert_trades_economy": true
        },
        "minecraft:behavior.trade_with_player": {
          "priority": 1
        },
        "minecraft:behavior.look_at_trading_player": {
          "priority": 2
        },
        "minecraft:tameable": {
          "probability": 100,
          "tame_items": "darkage:contract_g",
          "tame_event": {
            "event": "minecraft:mercenary_tame",
            "target": "self"
          }
        }
      },
      "minecraft:d_sword": {
        "minecraft:is_saddled": {
        },
        "minecraft:target_nearby_sensor": {
          "inside_range": 4.0,
          "outside_range": 5.0,
          "must_see": true,
          "on_inside_range": {
              "event": "minecraft:mercenary_d_sword",
              "target": "self"
          },
          "on_outside_range": {
              "event": "minecraft:mercenary_crossbow",
              "target": "self"
          }
      },
      "minecraft:behavior.melee_attack": {
        "priority": 4,
        "target_dist": 1.2,
        "speed_multiplier": 1.2,
        "track_target": true
        },
        "minecraft:equipment": {
          "table": "loot_tables/entities/mercenary_equipment_sword_diamond.json"
          }
      },
      "minecraft:i_sword": {
        "minecraft:target_nearby_sensor": {
          "inside_range": 4.0,
          "outside_range": 5.0,
          "must_see": true,
          "on_inside_range": {
              "event": "minecraft:mercenary_i_sword",
              "target": "self"
          },
          "on_outside_range": {
              "event": "minecraft:mercenary_bow",
              "target": "self"
          }
      },
      "minecraft:behavior.melee_attack": {
        "priority": 4,
        "target_dist": 1.2,
        "speed_multiplier": 1.2,
        "track_target": true
        },
        "minecraft:equipment": {
          "table": "loot_tables/entities/mercenary_equipment_sword.json"
          }
      },
      "minecraft:i_bow": {
        "minecraft:target_nearby_sensor": {
          "inside_range": 4.0,
          "outside_range": 5.0,
          "must_see": true,
          "on_inside_range": {
              "event": "minecraft:mercenary_i_sword",
              "target": "self"
          },
          "on_outside_range": {
              "event": "minecraft:mercenary_bow",
              "target": "self"
          }
      },
        "minecraft:behavior.ranged_attack": {
          "attack_interval_min": 1,
          "attack_interval_max": 3,
          "attack_radius": 64
        },
        "minecraft:shooter": {
          "type": "Arrow",
          "def": "minecraft:arrow"
        }
      },
      "minecraft:d_crossbow": {
        "minecraft:is_saddled": {
        },
        "minecraft:target_nearby_sensor": {
          "inside_range": 4.0,
          "outside_range": 5.0,
          "must_see": true,
          "on_inside_range": {
              "event": "minecraft:mercenary_d_sword",
              "target": "self"
          },
          "on_outside_range": {
              "event": "minecraft:mercenary_crossbow",
              "target": "self"
          }
      },
        "minecraft:behavior.ranged_attack": {
          "priority": 4,
          "attack_interval_min": 1,
          "attack_interval_max": 1,
          "attack_radius": 64,
          "burst_shots": 3
        },
        "minecraft:shooter": {
          "type": "Arrow",
          "def": "minecraft:arrow",
          "aux_val": 24
        },
        "minecraft:behavior.charge_held_item": {
          "priority": 3,
          "items": [
            "minecraft:arrow"
          ]
        }
      },
      "minecraft:move_free": {
        "minecraft:timer": {
          "looping": true,
		    	"time": [ 5, 5 ],
          "time_down_event": {
          "event": "minecraft:mercenary_home"
             }
          }
      },
      "minecraft:home_follow": {
        "minecraft:timer": {
          "looping": true,
		    	"time": [ 5, 5 ],
          "time_down_event": {
          "event": "minecraft:mercenary_move"
             }
          },
        "minecraft:behavior.go_home": {
          "priority": 1,
          "speed_multiplier": 1.5,
          "interval": 700,
          "goal_radius": 4.0,
          "on_home": {
            "event": "minecraft:mercenary_move",
            "target": "self"
          }
        }
      },
      "minecraft:mercenary_prepare_shield":{
        "minecraft:damage_sensor": {
          "triggers": [
              {
                "on_damage": { 
                  "cause": "block_explosion",
                  "event": "minecraft:unbound_elemental_welcome"
                        },
              "deals_damage": true
              },
              {
                "on_damage": { 
                  "cause": "entity_explosion",
                  "event": "minecraft:unbound_elemental_welcome"
                        },
                "deals_damage": true
                },
                {
                  "on_damage": { 
                  "event": "minecraft:unbound_elemental_welcome"
                        },
                     "deals_damage": true
               }
            ]
        }
      },
      "minecraft:mercenary_shield":{
        "minecraft:is_illager_captain": {
        },
        "minecraft:damage_sensor": {
          "triggers": [
              {
                "on_damage": { 
                  "cause": "block_explosion",
                  "event": "minecraft:unbound_elemental_welcome"
                        },
              "deals_damage": false
              },
              {
                "on_damage": { 
                  "cause": "entity_explosion",
                  "event": "minecraft:unbound_elemental_welcome"
                        },
                "deals_damage": false
                },
                {
                  "on_damage": { 
                  "event": "minecraft:unbound_elemental_welcome"
                        },
                     "deals_damage": false
                                     }
            ]
        }
      },
      "minecraft:mercenary_variant_one": {
        "minecraft:variant": { "value": 0 }
      },
      "minecraft:mercenary_variant_two": {
        "minecraft:variant": { "value": 1 }
      },
      "minecraft:mercenary_variant_three": {
        "minecraft:variant": { "value": 2 }
      },
      "minecraft:mercenary_variant_four": {
        "minecraft:variant": { "value": 3 }
      },
      "minecraft:mercenary_variant_five": {
        "minecraft:variant": { "value": 4 }
      },
      "minecraft:mercenary_variant_six": {
        "minecraft:variant": { "value": 5 }
      },
      "minecraft:mercenary_variant_seven": {
        "minecraft:variant": { "value": 6 }
      },
      "minecraft:mercenary_variant_eight": {
        "minecraft:variant": { "value": 7 }
      }
    },
    "components": {
      "minecraft:nameable": {
      },
      "minecraft:type_family": {
        "family": [ "mercenary", "player" ]
      },
      "minecraft:collision_box": {
        "width": 0.6,
        "height": 1.9
      },
      "minecraft:movement.basic": {
      },
      "minecraft:movement": {
        "value": 0.25
      },
      "minecraft:home": {
      },
      "minecraft:behavior.follow_parent": {
        "priority": 4,
        "speed_multiplier": 1.0
        },
      "minecraft:navigation.generic": {
        "is_amphibious": true,
        "can_path_over_water": true,
        "can_pass_doors": true,
        "can_open_doors": true,
        "can_swim": true,
        "can_walk": true,
        "avoid_damage_blocks": true
      },
      "minecraft:annotation.open_door": {
      },
      "minecraft:behavior.move_indoors": {
        "priority": 4,
        "speed_multiplier": 0.8
      },
      "minecraft:behavior.restrict_open_door": {
        "priority": 5
      },
      "minecraft:behavior.open_door": {
        "priority": 6,
        "close_door_after": true
      },
      "minecraft:jump.static": {
      },
      "minecraft:can_climb": {
      },
      "minecraft:health": {
        "value": 40,
        "max": 40
      },
      "minecraft:hurt_on_condition": {
        "damage_conditions": [
          {
            "filters": { "test": "in_lava", "subject": "self", "operator": "==", "value": true },
            "cause": "lava",
            "damage_per_tick": 4
          }
        ]
      },
      "minecraft:breathable": {
        "total_supply": 15,
        "suffocate_time": 0,
        "breathes_air": true,
        "breathes_water": true
      },
      "minecraft:attack": {
        "damage": 5
      },
      "minecraft:loot": {
        "table": "loot_tables/entities/mercenary.json"
      },
      "minecraft:angry": {
        "duration": 30,
        "broadcast_anger": true,
        "broadcast_anger_on_attack": true,
        "broadcast_anger_on_being_attacked": true,
        "broadcast_range": 30,
        "broadcast_targets": [ 
          "mercenary"
          ]
        },
      "minecraft:behavior.move_towards_restriction": {
        "priority": 5,
        "speed_multiplier": 1
      },
      "minecraft:behavior.random_stroll": {
        "priority": 6,
        "speed_multiplier": 1
      },
      "minecraft:behavior.look_at_player": {
        "priority": 7,
        "look_distance": 6,
        "probability": 0.02
      },
      "minecraft:behavior.random_look_around": {
        "priority": 7
      },
      "minecraft:behavior.hurt_by_target": {
        "priority": 1,
        "alert_same_type": true,
        "entity_types": {
          "filters": {
            "any_of": [
            {"test": "is_family",
            "subject": "other",
            "operator": "!=",
            "value": "mercenary"}
            ]
          },
          "max_dist": 64
        }
      },
      "minecraft:behavior.nearest_attackable_target": {
        "priority": 2,
        "within_radius": 25,
        "reselect_targets": true,
        "entity_types": [
          {
            "filters": {
              "any_of": [
                { "test": "is_family", "subject": "other", "value": "monster" },
                { "test": "is_family", "subject": "other", "value": "undead" },
                { "test": "is_family", "subject": "other", "value": "irongolem" }
              ]
            },
            "max_dist": 35
          },
          {
            "filters": {
              "any_of": [
                { "test": "is_family", "subject": "other", "value": "zombie" },
                { "test": "is_family", "subject": "other", "value": "skeleton" }
              ]
            },
            "max_dist": 35,
            "must_see": false
          },
          {
            "filters": {
              "all_of": [
                { "test": "is_family", "subject": "other", "value": "lilunboned" }
              ]
            },
            "max_dist": 35
          },
          {
            "filters": {
              "any_of": [
                {
                  "test": "has_container_open",
                  "subject": "other",
                  "operator": "==",
                  "value": true
                }
              ]
            },
            "max_dist": 35
          }
        ],
        "must_see": true,
        "must_see_forget_duration": 17.0
      },
      "minecraft:physics": {
      },
      "minecraft:follow_range": {
        "value": 64
      },
      "minecraft:pushable": {
        "is_pushable": true,
        "is_pushable_by_piston": true
      }
    },

    "events": {
      "minecraft:mercenary_despawn1":{
        "add": {
          "component_groups": [
            "minecraft:mercenary_despawn"
          ]
        },
        "run_command": {
					"command": [
            "playsound random.fuse @a[r=20]",
            "particle minecraft:huge_explosion_lab_misc_emitter ~ ~1 ~",
            "title @a[r=20] actionbar Mercenary Has Escaped"
					]
				}
      },
      "minecraft:mercenary_tame": {
        "remove": {
          "component_groups": [
            "minecraft:trading_1",
            "minecraft:trading_2",
            "minecraft:captain",
            "minecraft:move_free",
            "minecraft:home_follow"
          ]
        },
        "add": {
          "component_groups": [
            "minecraft:tamed_mercenary"
          ]
        }
      },
      "minecraft:mercenary_home": {
        "remove": {
          "component_groups": [
            "minecraft:move_free"
          ]
        },
        "add": {
          "component_groups": [
            "minecraft:home_follow"
          ]
        }
      },
      "minecraft:mercenary_move": {
        "remove": {
          "component_groups": [
            "minecraft:home_follow"
          ]
        },
        "add": {
          "component_groups": [
            "minecraft:move_free"
          ]
        }
      },
      "minecraft:mercenary_bow": {
        "run_command": {
					"command": [
            "replaceitem entity @s slot.weapon.mainhand 1 bow",
            "enchant @s punch 1",
            "enchant @s flame 1"
					]
				},
        "remove": {
          "component_groups": [
            "minecraft:i_sword"
          ]
        },
        "add": {
          "component_groups": [
            "minecraft:i_bow"
          ]
        }
      },
      "minecraft:mercenary_crossbow": {
        "run_command": {
					"command": [
            "replaceitem entity @s slot.weapon.mainhand 1 crossbow",
            "enchant @s multishot 1",
            "enchant @s quick_charge 3"
					]
				},
        "remove": {
          "component_groups": [
            "minecraft:d_sword"
          ]
        },
        "add": {
          "component_groups": [
            "minecraft:d_crossbow"
          ]
        }
      },
      "minecraft:mercenary_i_sword": {
        "run_command": {
					"command": [
            "replaceitem entity @s slot.weapon.mainhand 1 iron_sword"
					]
				},
        "remove": {
          "component_groups": [
            "minecraft:i_bow"
          ]
        },
        "add": {
          "component_groups": [
            "minecraft:i_sword"
          ]
        }
      },
      "minecraft:mercenary_d_sword": {
        "run_command": {
					"command": [
            "replaceitem entity @s slot.weapon.mainhand 1 diamond_sword"
					]
				},
        "remove": {
          "component_groups": [
            "minecraft:d_crossbow"
          ]
        },
        "add": {
          "component_groups": [
            "minecraft:d_sword"
          ]
        }
      },
      "minecraft:entity_spawned": {
        "sequence": [
          {
            "randomize": [
              {
                "weight": 90,
                "add": {
                  "component_groups": [
                    "minecraft:i_sword",
                    "minecraft:trading_1",
                    "minecraft:move_free"
                  ]
                }
              },
              {
                "weight": 85,
                "add": {
                  "component_groups": [
                    "minecraft:d_sword",
                    "minecraft:trading_2",
                    "minecraft:move_free"
                  ]
                }
              }
            ]
          },
          {
            "randomize": [
              {
                "weight": 1,
                "add": {
                  "component_groups": ["minecraft:mercenary_variant_one"]
                }
              },
              {
                "weight": 1,
                "add": {
                  "component_groups": ["minecraft:mercenary_variant_two"]
                }
              },
              {
                "weight": 1,
                "add": {
                  "component_groups": ["minecraft:mercenary_variant_three"]
                }
              },
              {
                "weight": 1,
                "add": {
                  "component_groups": ["minecraft:mercenary_variant_four"]
                }
              },
              {
                "weight": 1,
                "add": {
                  "component_groups": ["minecraft:mercenary_variant_five"]
                }
              },
              {
                "weight": 1,
                "add": {
                  "component_groups": ["minecraft:mercenary_variant_six"]
                }
              },
              {
                "weight": 1,
                "add": {
                  "component_groups": ["minecraft:mercenary_variant_seven"]
                }
              },
              {
                "weight": 1,
                "add": {
                  "component_groups": ["minecraft:mercenary_variant_eight"]
                }
              }
            ]
          }
        ]
      }
    }
  }
}
