{
  "format_version": "1.13.0",
  "minecraft:entity": {
    "description": {
      "identifier": "darkage:mini_scary_tree",
      "is_spawnable": false,
      "is_summonable": true,
      "is_experimental": false
    },
    "component_groups": {
      "minecraft:tree_baby": {
        "minecraft:is_baby": {
        },
        "minecraft:collision_box": {
          "width": 1.0,
          "height": 1.0
        },
        "minecraft:tameable": {
          "probability": 0.33,
          "tame_items": [
            "darkage:burned_wood"
          ],
          "tame_event": {
            "event": "minecraft:on_tame",
            "target": "self"
          }
        },
        "minecraft:health": {
          "value": 10,
          "max": 10
        },
        "minecraft:scale_by_age": {
          "start_scale": 1.0,
          "end_scale": 3.0
        },
        "minecraft:ageable": {
          "duration": 1200,
          "feed_items": [
            {
              "item": "darkage:burned_wood",
              "growth": 0.1
            }
          ],
          "grow_up": {
            "event": "minecraft:scary_tree_adult",
            "target": "self"
          }
        },
        "minecraft:behavior.melee_attack": {
          "priority": 1,
          "target_dist": 1.2,
          "speed_multiplier": 1.4,
          "track_target": true
          },
        "minecraft:attack": {
          "damage": 2
        }
      },
      "minecraft:tree_nearest_attack": {
        "minecraft:behavior.nearest_attackable_target": {
          "priority": 2,
          "scan_interval": 20,
          "within_radius": 40.0,
          "reselect_targets": true,
          "entity_types": [
            {
              "filters": {
                "any_of": [
                  { "test": "is_family", "subject": "other", "value": "player" },
                  { "test": "is_family", "subject": "other", "value": "snowgolem" },
                  { "test": "is_family", "subject": "other", "value": "irongolem" }
                ]
              },
              "max_dist": 40
            },
            {
              "filters": {
                "any_of": [
                  { "test": "is_family", "subject": "other", "value": "villager" },
                  { "test": "is_family", "subject": "other", "value": "wandering_trader" }
                ]
              },
              "max_dist": 40,
              "must_see": false
            },
            {
              "filters": {
                "all_of": [
                  { "test": "is_family", "subject": "other", "value": "baby_turtle" },
                  { "test": "in_water", "subject": "other", "operator": "!=", "value": true }
                ]
              },
              "max_dist": 40
            }
          ],
          "must_see": true,
          "must_see_forget_duration": 0.5
        }
      },
      "minecraft:tree_adult": {
        "minecraft:health": {
          "value": 90,
          "max": 90
        },
        "minecraft:collision_box": {
          "width": 1.4,
          "height": 2.9
        },
        "minecraft:attack": {
          "damage": 5
        },
        "minecraft:scale": {
          "value": 1.5
        },
        "minecraft:knockback_resistance": {
          "value": 1.0
        },
        "minecraft:tameable": {
          "probability": 0.33,
          "tame_items": [
            "darkage:burned_wood"
          ],
          "tame_event": {
            "event": "minecraft:on_tame",
            "target": "self"
          }
        }
      },

      "minecraft:attack_tree": {
        "minecraft:target_nearby_sensor": {
          "inside_range": 4.0,
          "outside_range": 5.0,
          "must_see": true,
          "on_inside_range": {
              "event": "minecraft:scary_tree_start_attack",
              "target": "self"
          },
          "on_outside_range": {
              "event": "minecraft:scary_tree_start_charged",
              "target": "self"
          }
      },
      "minecraft:behavior.melee_attack": {
        "priority": 1,
        "target_dist": 1.2,
        "speed_multiplier": 1.2,
        "track_target": true
        }
      },
      "minecraft:ranged": {
        "minecraft:target_nearby_sensor": {
          "inside_range": 4.0,
          "outside_range": 5.0,
          "must_see": true,
          "on_inside_range": {
              "event": "minecraft:scary_tree_start_attack",
              "target": "self"
          },
          "on_outside_range": {
              "event": "minecraft:scary_tree_start_charged",
              "target": "self"
          }
      },
      "minecraft:shooter": {
        "type": "smallfireball",
        "def": "minecraft:small_fireball"
      },
      "minecraft:behavior.ranged_attack": {
        "priority": 1,
        "attack_interval_min": 1,
        "attack_interval_max": 3,
        "charge_charged_trigger": 0.0,
        "charge_shoot_trigger": 0.5,
        "attack_radius": 45,
        "burst_shots": 1,
        "burst_interval": 0.3
          }
        },
        "minecraft:tree_tame": {
          "minecraft:type_family": {
            "family": [ "tree_tame", "tree", "mob" ]
          },
          "minecraft:is_tamed": {
          },
          "minecraft:healable": {
            "items": [
              {
                "item": "darkage:burned_wood",
                "heal_amount": 8
              },     
              {
                "item": "log",
                "heal_amount": 8
              },
              {
                "item": "charcoal",
                "heal_amount": 6
              }
            ]
          },
          "minecraft:behavior.follow_owner": {
            "priority": 2,
            "speed_multiplier": 1.0,
            "start_distance": 5,
            "stop_distance": 2
          },
          "minecraft:sittable": {
          },
          "minecraft:behavior.owner_hurt_by_target": {
            "priority": 1
          },
          "minecraft:behavior.owner_hurt_target": {
            "priority": 1
          },
          "minecraft:behavior.stay_while_sitting": {
            "priority": 1
          }
        }
    },
    "components": {
      "minecraft:breathable": {
        "total_supply": 15,
        "suffocate_time": 0
      },
      "minecraft:type_family": {
        "family": [ "tree", "mob" ]
      },
      "minecraft:movement.basic": {
      },
            "minecraft:navigation.walk": {
      "can_path_over_water": true,
        "can_float": true,
        "avoid_water": false,
        "avoid_damage_blocks": false
      },
      "minecraft:can_climb": {
      },
      "minecraft:jump.static": {
      },
      "minecraft:behavior.float": {
                "priority": 20
            },
            "minecraft:behavior.look_at_player": {
              "priority": 9,
              "look_distance": 6.0,
              "probability": 7.0
            },
            "minecraft:behavior.random_look_around": {
              "priority": 7
            },
            "minecraft:behavior.look_at_entity": {
              "priority": 9,
              "look_distance": 6.0,
              "probability": 7.0,
              "filters": { "test" :  "is_family", "subject" : "other", "value" :  "mob"}
            },
            "minecraft:behavior.move_towards_restriction": {
              "priority": 4,
              "speed_multiplier": 1
            },
            "minecraft:behavior.random_stroll": {
              "priority": 6,
              "speed_multiplier": 0.7
            },         
      "minecraft:nameable": {
      },
      "minecraft:hurt_on_condition": {
        "damage_conditions": [
          {
            "filters": { "test": "in_lava", "subject": "self", "operator": "==", "value": true },
            "cause": "lava",
            "damage_per_tick": 4
          }
        ]
      },
      "minecraft:movement": {
        "value": 0.2
      },
      "minecraft:follow_range": {
        "value": 45
      },
      "minecraft:damage_sensor": {
        "triggers": {
          "cause": "fall",
          "deals_damage": false
        }
      },
      "minecraft:physics": {
      },
      "minecraft:behavior.hurt_by_target": {
        "priority": 3,
        "max_dist": 64
      },
      "minecraft:fire_immune": {
      },
      "minecraft:pushable": {
        "is_pushable": true,
        "is_pushable_by_piston": true
      },
      "minecraft:despawn": {
        "despawn_from_distance": {}
      },
      "minecraft:leashable": {
        "soft_distance": 4.0,
        "hard_distance": 6.0,
        "max_distance": 10.0
      }
    },

    "events": {
      "minecraft:entity_spawned": {
        "randomize": [
          {
            "weight": 280,
            "remove": {},
            "add": {
              "component_groups": [
                "minecraft:tree_baby",
                "minecraft:tree_nearest_attack"
              ]
            }
          }
        ]
      },
      "minecraft:scary_tree_adult": {
        "remove": {
          "component_groups": [
            "minecraft:tree_baby"
          ]
        },
        "add": {
          "component_groups": [
            "minecraft:attack_tree",
            "minecraft:tree_adult"
          ]
        }
      },
      "minecraft:scary_tree_start_charged": {
        "remove": {
          "component_groups": [
            "minecraft:attack_tree"
          ]
        },
        "add": {
          "component_groups": [
            "minecraft:ranged"
          ]
        }
      },
      "minecraft:scary_tree_start_attack": {
        "remove": {
          "component_groups": [
            "minecraft:ranged"
          ]
        },
        "add": {
          "component_groups": [
            "minecraft:attack_tree"
          ]
        }
      },
      "minecraft:on_tame": {
        "remove": {
          "component_groups": [
            "minecraft:tree_nearest_attack"
          ]
        },
        "add": {
          "component_groups": [
            "minecraft:tree_tame"
          ]
        }
      }
    }
  }
}
