{
	"format_version": "1.18.0",
	"minecraft:entity": {
		"description": {
			"identifier": "zk:fireblaste",
			"is_spawnable": false,
			"is_summonable": true,
			"is_experimental": false
		},
		"component_groups": {
			"explode": {
				"minecraft:explode": {
					"fuse_lit": true,
					"power": 10,
					"causes_fire": true,
					"breaks_blocks": true,
					"fire_affected_by_griefing": true,
					"destroy_affected_by_griefing": true
				}
			}
		},
		"components": {
			"minecraft:collision_box": {
				"width": 0.5,
				"height": 0.5
			},
			"minecraft:damage_sensor": {
				"triggers": [
					{
						"cause": "all",
						"deals_damage": false
					}
				]
			},
			"minecraft:physics": {
				"has_collision": true,
				"has_gravity": false
			},
			"minecraft:timer": {
				"time": 2.9,
				"time_down_event": {
					"event": "explode"
				}
			},
			"minecraft:scale": {
				"value": 1.5
			},
			"minecraft:projectile": {
				"power": 2,
				"on_hit": {
					"impact_damage": {
						"damage": 2,
						"knockback": false,
						"destroy_on_hit": false
					},
					"catch_fire": {
						"on_fire_time": 2
					}
				},
				"gravity": 0,
				"catch_fire": true
			},
			"minecraft:type_family": {
				"family": [
					"none"
				]
			}
		},
		"events": {
			"explode": {
				"sequence": [
					{
						"run_command": {
							"command": [
								"particle zk:fireblast",
								"effect @p[tag=fire] resistance 1 255 true"
							]
						}
					},
					{
						"add": {
							"component_groups": [
								"explode"
							]
						}
					}
				]
			}
		}
	}
}