{
	"format_version": "1.16.0",
	"minecraft:entity": {
		"description": {
			"identifier": "zk:firewallr",
			"is_spawnable": false,
			"is_summonable": true,
			"is_experimental": false
		},
		"component_groups": {
			"despawn": {
				"minecraft:instant_despawn": {}
			},
			"explode": {
				"minecraft:explode": {
					"fuse_lit": true,
					"power": 5,
					"breaks_blocks": true,
					"causes_fire": true
				}
			}
		},
		"components": {
			"minecraft:collision_box": {
				"width": 0,
				"height": 0
			},
			"minecraft:damage_sensor": {
				"triggers": [
					{
						"cause": "all",
						"deals_damage": false
					}
				]
			},
			"minecraft:physics": {
				"has_collision": true,
				"has_gravity": false
			},
			"minecraft:timer": {
				"time": 2.9,
				"time_down_event": {
					"event": "despawn"
				}
			},
			"minecraft:area_attack": {
				"damage_range": 1,
				"cause": "magic",
				"damage_per_tick": 1,
				"entity_filter": {
					"none_of": [
						{
							"test": "has_tag",
							"subject": "other",
							"value": "fire"
						},
						{
							"test": "has_tag",
							"subject": "other",
							"value": "ally"
						}
					]
				}
			},
			"minecraft:type_family": {
				"family": [
					"none"
				]
			}
		},
		"events": {
			"despawn": {
				"add": {
					"component_groups": [
						"despawn",
						"explode"
					]
				}
			}
		}
	}
}