{
	"format_version": "1.18.0",
	"minecraft:entity": {
		"description": {
			"identifier": "zk:firedummye",
			"is_spawnable": false,
			"is_summonable": true,
			"is_experimental": false
		},
		"component_groups": {
			"despawn": {
				"minecraft:instant_despawn": {}
			},
			"explode": {
				"minecraft:explode": {
					"fuse_lit": true,
					"power": 7,
					"breaks_blocks": false
				}
			}
		},
		"components": {
			"minecraft:damage_sensor": {
				"triggers": [
					{
						"cause": "all",
						"deals_damage": false
					}
				]
			},
			"minecraft:collision_box": {
				"width": 0,
				"height": 0
			},
			"minecraft:timer": {
				"time": 10,
				"time_down_event": {
					"event": "despawn"
				}
			},
			"minecraft:type_family": {
				"family": [
					"none"
				]
			}
		},
		"events": {
			"despawn": {
				"sequence": [
					{
						"add": {
							"component_groups": [
								"despawn",
								"explode"
							]
						}
					},
					{
						"run_command": {
							"command": [
								"particle zk:smallfireblast"
							]
						}
					}
				]
			}
		}
	}
}