{
	"format_version": "1.16.0",
	"minecraft:entity": {
		"description": {
			"identifier": "zk:fireballe",
			"is_spawnable": false,
			"is_summonable": true,
			"is_experimental": false,
			"runtime_identifier": "minecraft:snowball"
		},
		"component_groups": {
			"despawn": {
				"minecraft:instant_despawn": {}
			}
		},
		"components": {
			"minecraft:projectile": {
				"power": 1.2,
				"is_dangerous": true,
				"gravity": 0,
				"liquid_inertia": 0,
				"destroy_on_hurt": false,
				"semi_random_diff_damage": true,
				"catch_fire": true,
				"shoot_target": true,
				"on_hit": {
					"impact_damage": {
						"damage": 9,
						"knockback": false,
						"destroy_on_hit": true,
						"max_critical_damage": 9,
						"min_critical_damage": 8
					},
					"stick_in_ground": {
						"shake_time": 0.1
					},
					"catch_fire": {
						"on_fire_time": 5
					},
					"particle_on_hit": {
						"particle_type": "mobflame"
					},
					"definition_event": {
						"event_trigger": {
							"event": "zk:onhit"
						}
					}
				}
			},
			"minecraft:collision_box": {
				"width": 0.3,
				"height": 0.3
			},
			"minecraft:damage_sensor": {
				"triggers": [
					{
						"cause": "all",
						"deals_damage": false
					}
				]
			},
			"minecraft:physics": {
				"has_collision": true,
				"has_gravity": true
			},
			"minecraft:timer": {
				"time": 5,
				"time_down_event": {
					"event": "despawn"
				}
			},
			"minecraft:scale": {
				"value": 2
			},
			"minecraft:type_family": {
				"family": [
					"none",
					"proj"
				]
			}
		},
		"events": {
			"despawn": {
				"add": {
					"component_groups": [
						"despawn"
					]
				}
			},
			"zk:onhit": {
				"run_command": {
					"command": [
						"execute @s ~~~ particle zk:fireballhit",
						"playsound extinguish.candle @p"
					]
				}
			}
		}
	}
}