{
	"format_version": "1.16.0",
	"minecraft:entity": {
		"description": {
			"identifier": "zk:willowispe",
			"is_spawnable": false,
			"is_summonable": true,
			"is_experimental": false
		},
		"component_groups": {
			"despawn": {
				"minecraft:instant_despawn": {}
			}
		},
		"components": {
			"minecraft:projectile": {
				"power": 1.5,
				"liquid_inertia": 0,
				"gravity": 0,
				"multiple_targets": true,
				"destroy_on_hurt": false,
				"catch_fire": true,
				"reflect_on_hurt": false,
				"on_hit": {
					"impact_damage": {
						"damage": 5,
						"knockback": false,
						"destroy_on_hit": false,
						"power_multiplier": 1.2
					},
					"catch_fire": {
						"on_fire_time": 8
					}
				},
				"hit_sound": "extinguish.candle",
				"hit_ground_sound": "extinguish.candle"
			},
			"minecraft:physics": {
				"has_collision": true,
				"has_gravity": false
			},
			"minecraft:damage_sensor": {
				"triggers": [
					{
						"cause": "all",
						"deals_damage": false
					}
				]
			},
			"minecraft:timer": {
				"time": 8,
				"time_down_event": {
					"event": "despawn"
				}
			},
			"minecraft:scale": {
				"value": 2
			},
			"minecraft:type_family": {
				"family": [
					"none"
				]
			}
		},
		"events": {
			"despawn": {
				"add": {
					"component_groups": [
						"despawn"
					]
				}
			}
		}
	}
}