{
  "format_version": "1.11",
  "minecraft:entity": {
    "description": {
      "identifier": "minecraft:player",
      "is_spawnable": false,
      "is_summonable": false,
      "is_experimental": false,
      "scripts": {
        "animate": [
          "walk"
        ]
      },
      "animations": {
        "walk": "controller.animation.walk"
      }
    },
    "component_groups": {
      "pamobile:respawn": {
        "minecraft:mark_variant": {
          "value": 99999
        },
        "minecraft:health": {
          "value": 50,
          "max": 50
        },
        "minecraft:movement": {
          "value": 0.1
        },
        "minecraft:attack": {
          "damage": 1
        },
        "minecraft:spell_effects": {
          "remove_effects": []
        }
      },
      "ammo:1": {
        "minecraft:mark_variant": {
          "value": 1
        }
      },
      "xyz:iron_blade": {
        "minecraft:health": {
          "value": 20,
          "max": 20
        },
        "minecraft:movement": {
          "value": 0.1
        },
        "minecraft:spell_effects": {
          "add_effects": []
        }
      },
      "xyz:lightning_hammer": {
        "minecraft:health": {
          "value": 20,
          "max": 20
        },
        "minecraft:movement": {
          "value": 0.1
        },
        "minecraft:spell_effects": {
          "add_effects": []
        }
      },
      "xyz:blade_of_convergence_green": {
        "minecraft:health": {
          "value": 20,
          "max": 20
        },
        "minecraft:movement": {
          "value": 0.2
        },
        "minecraft:spell_effects": {
          "add_effects": []
        }
      },
      "xyz:blade_of_convergence_red": {
        "minecraft:health": {
          "value": 20,
          "max": 20
        },
        "minecraft:movement": {
          "value": 0.2
        },
        "minecraft:spell_effects": {
          "add_effects": []
        }
      },
      "xyz:glaive": {
        "minecraft:health": {
          "value": 10,
          "max": 10
        },
        "minecraft:movement": {
          "value": 0.1
        },
        "minecraft:spell_effects": {
          "add_effects": []
        }
      },
      "xyz:katana": {
        "minecraft:health": {
          "value": 20,
          "max": 20
        },
        "minecraft:movement": {
          "value": 0.1
        },
        "minecraft:spell_effects": {
          "add_effects": []
        }
      },
      "xyz:hammer_of_destruction": {
        "minecraft:health": {
          "value": 20,
          "max": 20
        },
        "minecraft:movement": {
          "value": 0.1
        },
        "minecraft:spell_effects": {
          "add_effects": []
        }
      },
      "xyz:obsidian_trident": {
        "minecraft:health": {
          "value": 20,
          "max": 20
        },
        "minecraft:movement": {
          "value": 0.1
        },
        "minecraft:spell_effects": {
          "add_effects": []
        }
      },
      "xyz:broad_sword": {
        "minecraft:health": {
          "value": 20,
          "max": 20
        },
        "minecraft:movement": {
          "value": 0.1
        },
        "minecraft:spell_effects": {
          "add_effects": []
        }
      },
      "xyz:lightning_glovesr": {
        "minecraft:health": {
          "value": 20,
          "max": 20
        },
        "minecraft:movement": {
          "value": 0.1
        },
        "minecraft:spell_effects": {
          "add_effects": []
        }
      },
      "xyz:corrupted_nether_obsidian_gauntlet": {
        "minecraft:health": {
          "value": 20,
          "max": 20
        },
        "minecraft:movement": {
          "value": 0.1
        },
        "minecraft:spell_effects": {
          "add_effects": []
        }
      },
      "xyz:sword_of_undying": {
        "minecraft:health": {
          "value": 20,
          "max": 20
        },
        "minecraft:movement": {
          "value": 0.1
        },
        "minecraft:spell_effects": {
          "add_effects": []
        }
      },
      "xyz:sword_of_herobrines_knight": {
        "minecraft:health": {
          "value": 20,
          "max": 20
        },
        "minecraft:movement": {
          "value": 0.1
        },
        "minecraft:spell_effects": {
          "add_effects": []
        }
      },
      "xyz:toy_sword": {
        "minecraft:health": {
          "value": 20,
          "max": 20
        },
        "minecraft:movement": {
          "value": 0.1
        },
        "minecraft:spell_effects": {
          "add_effects": []
        }
      },
      "xyz:scythe": {
        "minecraft:health": {
          "value": 20,
          "max": 20
        },
        "minecraft:movement": {
          "value": 0.1
        },
        "minecraft:spell_effects": {
          "add_effects": []
        }
      },
      "xyz:axe_of_thousand_diamonds": {
        "minecraft:health": {
          "value": 20,
          "max": 20
        },
        "minecraft:movement": {
          "value": 0.1
        },
        "minecraft:spell_effects": {
          "add_effects": []
        }
      },
      "xyz:black_hole_staff": {
        "minecraft:health": {
          "value": 20,
          "max": 20
        },
        "minecraft:movement": {
          "value": 0.1
        },
        "minecraft:spell_effects": {
          "add_effects": []
        }
      },
      "xyz:double_blade": {
        "minecraft:health": {
          "value": 20,
          "max": 20
        },
        "minecraft:movement": {
          "value": 0.1
        },
        "minecraft:spell_effects": {
          "add_effects": []
        }
      },
      "xyz:hammer_of_duality": {
        "minecraft:health": {
          "value": 20,
          "max": 20
        },
        "minecraft:movement": {
          "value": 0.1
        },
        "minecraft:spell_effects": {
          "add_effects": []
        }
      },
      "xyz:sword_of_justice": {
        "minecraft:health": {
          "value": 20,
          "max": 20
        },
        "minecraft:movement": {
          "value": 0.1
        },
        "minecraft:spell_effects": {
          "add_effects": []
        }
      },
      "xyz:ancient_diamond_sword": {
        "minecraft:health": {
          "value": 20,
          "max": 20
        },
        "minecraft:movement": {
          "value": 0.1
        },
        "minecraft:spell_effects": {
          "add_effects": []
        }
      }
    },
    "components": {
      "minecraft:type_family": {
        "family": [
          "player"
        ]
      },
      "minecraft:loot": {
        "table": "loot_tables/empty.json"
      },
      "minecraft:collision_box": {
        "width": 0.6,
        "height": 1.8
      },
      "minecraft:can_climb": {},
      "minecraft:movement": {
        "value": 0.1
      },
      "minecraft:environment_sensor": [
        {
          "on_environment": {
            "filters": {
              "any_of": [
                {
                  "test": "is_family",
                  "subject": "self",
                  "value": "player"
                }
              ]
            },
            "event": "pamobile:refresh_player"
          }
        },
        {
          "on_environment": {
            "filters": {
              "all_of": [
                {
                  "test": "has_equipment",
                  "subject": "self",
                  "domain": "hand",
                  "value": "xyz:iron_blade"
                }
              ]
            },
            "event": "xyz:iron_blade_event"
          }
        },
        {
          "on_environment": {
            "filters": {
              "all_of": [
                {
                  "test": "has_equipment",
                  "subject": "self",
                  "domain": "hand",
                  "value": "xyz:lightning_hammer"
                }
              ]
            },
            "event": "xyz:lightning_hammer_event"
          }
        },
        {
          "on_environment": {
            "filters": {
              "all_of": [
                {
                  "test": "has_equipment",
                  "subject": "self",
                  "domain": "hand",
                  "value": "xyz:blade_of_convergence_green"
                }
              ]
            },
            "event": "xyz:blade_of_convergence_green_event"
          }
        },
        {
          "on_environment": {
            "filters": {
              "all_of": [
                {
                  "test": "has_equipment",
                  "subject": "self",
                  "domain": "hand",
                  "value": "xyz:blade_of_convergence_red"
                }
              ]
            },
            "event": "xyz:blade_of_convergence_red_event"
          }
        },
        {
          "on_environment": {
            "filters": {
              "all_of": [
                {
                  "test": "has_equipment",
                  "subject": "self",
                  "domain": "hand",
                  "value": "xyz:glaive"
                }
              ]
            },
            "event": "xyz:glaive_event"
          }
        },
        {
          "on_environment": {
            "filters": {
              "all_of": [
                {
                  "test": "has_equipment",
                  "subject": "self",
                  "domain": "hand",
                  "value": "xyz:katana"
                }
              ]
            },
            "event": "xyz:katana_event"
          }
        },
        {
          "on_environment": {
            "filters": {
              "all_of": [
                {
                  "test": "has_equipment",
                  "subject": "self",
                  "domain": "hand",
                  "value": "xyz:hammer_of_destruction"
                }
              ]
            },
            "event": "xyz:hammer_of_destruction_event"
          }
        },
        {
          "on_environment": {
            "filters": {
              "all_of": [
                {
                  "test": "has_equipment",
                  "subject": "self",
                  "domain": "hand",
                  "value": "xyz:obsidian_trident"
                }
              ]
            },
            "event": "xyz:obsidian_trident_event"
          }
        },
        {
          "on_environment": {
            "filters": {
              "all_of": [
                {
                  "test": "has_equipment",
                  "subject": "self",
                  "domain": "hand",
                  "value": "xyz:broad_sword"
                }
              ]
            },
            "event": "xyz:broad_sword_event"
          }
        },
        {
          "on_environment": {
            "filters": {
              "all_of": [
                {
                  "test": "has_equipment",
                  "subject": "self",
                  "domain": "hand",
                  "value": "xyz:lightning_glovesr"
                }
              ]
            },
            "event": "xyz:lightning_glovesr_event"
          }
        },
        {
          "on_environment": {
            "filters": {
              "all_of": [
                {
                  "test": "has_equipment",
                  "subject": "self",
                  "domain": "hand",
                  "value": "xyz:corrupted_nether_obsidian_gauntlet"
                }
              ]
            },
            "event": "xyz:corrupted_nether_obsidian_gauntlet_event"
          }
        },
        {
          "on_environment": {
            "filters": {
              "all_of": [
                {
                  "test": "has_equipment",
                  "subject": "self",
                  "domain": "hand",
                  "value": "xyz:sword_of_undying"
                }
              ]
            },
            "event": "xyz:sword_of_undying_event"
          }
        },
        {
          "on_environment": {
            "filters": {
              "all_of": [
                {
                  "test": "has_equipment",
                  "subject": "self",
                  "domain": "hand",
                  "value": "xyz:sword_of_herobrines_knight"
                }
              ]
            },
            "event": "xyz:sword_of_herobrines_knight_event"
          }
        },
        {
          "on_environment": {
            "filters": {
              "all_of": [
                {
                  "test": "has_equipment",
                  "subject": "self",
                  "domain": "hand",
                  "value": "xyz:toy_sword"
                }
              ]
            },
            "event": "xyz:toy_sword_event"
          }
        },
        {
          "on_environment": {
            "filters": {
              "all_of": [
                {
                  "test": "has_equipment",
                  "subject": "self",
                  "domain": "hand",
                  "value": "xyz:scythe"
                }
              ]
            },
            "event": "xyz:scythe_event"
          }
        },
        {
          "on_environment": {
            "filters": {
              "all_of": [
                {
                  "test": "has_equipment",
                  "subject": "self",
                  "domain": "hand",
                  "value": "xyz:axe_of_thousand_diamonds"
                }
              ]
            },
            "event": "xyz:axe_of_thousand_diamonds_event"
          }
        },
        {
          "on_environment": {
            "filters": {
              "all_of": [
                {
                  "test": "has_equipment",
                  "subject": "self",
                  "domain": "hand",
                  "value": "xyz:black_hole_staff"
                }
              ]
            },
            "event": "xyz:black_hole_staff_event"
          }
        },
        {
          "on_environment": {
            "filters": {
              "all_of": [
                {
                  "test": "has_equipment",
                  "subject": "self",
                  "domain": "hand",
                  "value": "xyz:double_blade"
                }
              ]
            },
            "event": "xyz:double_blade_event"
          }
        },
        {
          "on_environment": {
            "filters": {
              "all_of": [
                {
                  "test": "has_equipment",
                  "subject": "self",
                  "domain": "hand",
                  "value": "xyz:hammer_of_duality"
                }
              ]
            },
            "event": "xyz:hammer_of_duality_event"
          }
        },
        {
          "on_environment": {
            "filters": {
              "all_of": [
                {
                  "test": "has_equipment",
                  "subject": "self",
                  "domain": "hand",
                  "value": "xyz:sword_of_justice"
                }
              ]
            },
            "event": "xyz:sword_of_justice_event"
          }
        },
        {
          "on_environment": {
            "filters": {
              "all_of": [
                {
                  "test": "has_equipment",
                  "subject": "self",
                  "domain": "hand",
                  "value": "xyz:ancient_diamond_sword"
                }
              ]
            },
            "event": "xyz:ancient_diamond_sword_event"
          }
        }
      ],
      "minecraft:player.saturation": {
        "value": 20
      },
      "minecraft:player.exhaustion": {
        "value": 0,
        "max": 4
      },
      "minecraft:player.level": {
        "value": 0,
        "max": 24791
      },
      "minecraft:player.experience": {
        "value": 0,
        "max": 1
      },
      "minecraft:breathable": {
        "totalSupply": 15,
        "suffocateTime": -1,
        "inhaleTime": 3.75,
        "generatesBubbles": false
      },
      "minecraft:nameable": {
        "alwaysShow": true,
        "allowNameTagRenaming": false
      },
      "minecraft:physics": {},
      "minecraft:insomnia": {
        "days_until_insomnia": 3
      },
      "minecraft:rideable": {
        "seat_count": 2,
        "family_types": [
          "parrot_tame"
        ],
        "pull_in_entities": true,
        "seats": [
          {
            "position": [
              0.4,
              -0.15,
              0.04
            ],
            "min_rider_count": 0,
            "max_rider_count": 0,
            "lock_rider_rotation": 0
          },
          {
            "position": [
              -0.4,
              -0.15,
              0.04
            ],
            "min_rider_count": 1,
            "max_rider_count": 2,
            "lock_rider_rotation": 0
          }
        ]
      },
      "minecraft:scaffolding_climber": {}
    },
    "events": {
      "pamobile:refresh_player": {
        "add": {
          "component_groups": [
            "pamobile:respawn"
          ]
        },
        "remove": {
          "component_groups": [
            "xyz:iron_blade",
            "xyz:lightning_hammer",
            "xyz:blade_of_convergence_green",
            "xyz:blade_of_convergence_red",
            "xyz:glaive",
            "xyz:katana",
            "xyz:hammer_of_destruction",
            "xyz:obsidian_trident",
            "xyz:broad_sword",
            "xyz:lightning_glovesr",
            "xyz:corrupted_nether_obsidian_gauntlet",
            "xyz:sword_of_undying",
            "xyz:sword_of_herobrines_knight",
            "xyz:toy_sword",
            "xyz:scythe",
            "xyz:axe_of_thousand_diamonds",
            "xyz:black_hole_staff",
            "xyz:double_blade",
            "xyz:hammer_of_duality",
            "xyz:sword_of_justice",
            "xyz:ancient_diamond_sword"
          ]
        }
      },
      "minecraft:entity_spawned": {
        "add": {
          "component_groups": [
            "pamobile:respawn"
          ]
        },
        "remove": {}
      },
      "ammo:1": {
        "remove": {
          "component_groups": [
            "ammo:1"
          ]
        },
        "add": {
          "component_groups": [
            "ammo:1"
          ]
        }
      },
      "ammo:2": {
        "remove": {
          "component_groups": [
            "ammo:2"
          ]
        },
        "add": {
          "component_groups": [
            "ammo:2"
          ]
        }
      },
      "xyz:iron_blade_event": {
        "add": {
          "component_groups": [
            "xyz:iron_blade"
          ]
        }
      },
      "xyz:lightning_hammer_event": {
        "add": {
          "component_groups": [
            "xyz:lightning_hammer"
          ]
        }
      },
      "xyz:blade_of_convergence_green_event": {
        "add": {
          "component_groups": [
            "xyz:blade_of_convergence_green"
          ]
        }
      },
      "xyz:blade_of_convergence_red_event": {
        "add": {
          "component_groups": [
            "xyz:blade_of_convergence_red"
          ]
        }
      },
      "xyz:glaive_event": {
        "add": {
          "component_groups": [
            "xyz:glaive"
          ]
        }
      },
      "xyz:katana_event": {
        "add": {
          "component_groups": [
            "xyz:katana"
          ]
        }
      },
      "xyz:hammer_of_destruction_event": {
        "add": {
          "component_groups": [
            "xyz:hammer_of_destruction"
          ]
        }
      },
      "xyz:obsidian_trident_event": {
        "add": {
          "component_groups": [
            "xyz:obsidian_trident"
          ]
        }
      },
      "xyz:broad_sword_event": {
        "add": {
          "component_groups": [
            "xyz:broad_sword"
          ]
        }
      },
      "xyz:lightning_glovesr_event": {
        "add": {
          "component_groups": [
            "xyz:lightning_glovesr"
          ]
        }
      },
      "xyz:corrupted_nether_obsidian_gauntlet_event": {
        "add": {
          "component_groups": [
            "xyz:corrupted_nether_obsidian_gauntlet"
          ]
        }
      },
      "xyz:sword_of_undying_event": {
        "add": {
          "component_groups": [
            "xyz:sword_of_undying"
          ]
        }
      },
      "xyz:sword_of_herobrines_knight_event": {
        "add": {
          "component_groups": [
            "xyz:sword_of_herobrines_knight"
          ]
        }
      },
      "xyz:toy_sword_event": {
        "add": {
          "component_groups": [
            "xyz:toy_sword"
          ]
        }
      },
      "xyz:scythe_event": {
        "add": {
          "component_groups": [
            "xyz:scythe"
          ]
        }
      },
      "xyz:axe_of_thousand_diamonds_event": {
        "add": {
          "component_groups": [
            "xyz:axe_of_thousand_diamonds"
          ]
        }
      },
      "xyz:black_hole_staff_event": {
        "add": {
          "component_groups": [
            "xyz:black_hole_staff"
          ]
        }
      },
      "xyz:double_blade_event": {
        "add": {
          "component_groups": [
            "xyz:double_blade"
          ]
        }
      },
      "xyz:hammer_of_duality_event": {
        "add": {
          "component_groups": [
            "xyz:hammer_of_duality"
          ]
        }
      },
      "xyz:sword_of_justice_event": {
        "add": {
          "component_groups": [
            "xyz:sword_of_justice"
          ]
        }
      },
      "xyz:ancient_diamond_sword_event": {
        "add": {
          "component_groups": [
            "xyz:ancient_diamond_sword"
          ]
        }
      }
    }
  }
}