{
  "format_version": "1.13.0",
  "minecraft:entity": {
    "description": {
      "identifier": "darkage:nagars",
      "is_spawnable": true,
      "is_summonable": true,
      "is_experimental": false,
         "scripts": {
				"animate": [
					"attack",
          "cast",
          "spawn_raiz",
          "roar",
          "remove"
				]
			},
			"animations": {
				"attack": "controller.animation.nagars.attack",
        "cast": "controller.animation.nagars.cast",
        "spawn_raiz": "controller.animation.nagars.spawn_raiz",
        "spawn_raiz1": "animation.nagars.spawn_raiz",
        "roar": "controller.animation.nagars.roar",
        "remove": "controller.animation.remove.structures"
			}
		},
    "component_groups": {
      "minecraft:spawn_bee_nagars": {
        "minecraft:spawn_entity": [
          { 
           "min_wait_time": 0,
           "max_wait_time": 0,
           "spawn_entity": "darkage:bee_nagars",
           "spawn_event": "minecraft:bee_nagars",
           "single_use": true,
           "num_to_spawn": 6,
           "should_leash": false
          }
         ]
        },
    "minecraft:nagars_attack1": {
    "minecraft:attack": {
           "damage": 10
           },
        "minecraft:behavior.delayed_attack": {
          "priority": 2,
          "reach_multiplier": 2.0,
          "speed_multiplier": 1.0,
          "attack_duration": 1.24,
          "hit_delay_pct": 0.84,
          "track_target": true
        },
        "minecraft:mark_variant": {
          "value": 1
        }
    },
    "minecraft:nagars_attack2": {
      "minecraft:attack": {
             "damage": 12
             },
          "minecraft:behavior.delayed_attack": {
            "priority": 2,
            "reach_multiplier": 2.0,
            "speed_multiplier": 1.0,
            "attack_duration": 1.64,
            "hit_delay_pct": 0.74,
            "track_target": true
          },
          "minecraft:mark_variant": {
            "value": 2
          }
      },
      "minecraft:nagars_attack3": {
        "minecraft:attack": {
               "damage": 15
               },
            "minecraft:behavior.delayed_attack": {
              "priority": 2,
              "reach_multiplier": 3.0,
              "speed_multiplier": 1.0,
              "attack_duration": 1.64,
              "hit_delay_pct": 0.94,
              "track_target": true
            },
            "minecraft:mark_variant": {
              "value": 3
            }
        },
        "minecraft:death": {
          "minecraft:transformation": {
                "into": "darkage:nagars_death",
                "delay": 0
          }
       },
    "minecraft:nagars_roar": {
      "minecraft:attack": {
             "damage": 10
             },
             "minecraft:behavior.knockback_roar": {
              "priority": 1,
              "duration": 1.0,
              "attack_time": 0.5,
              "knockback_damage": 8,
              "knockback_strength": 6,
              "knockback_range": 6,
              "knockback_filters": {
                "test": "is_family",
                "subject": "other",
                "operator": "!=",
                "value": "nagars"
              },
              "damage_filters": {
                "test": "is_family",
                "subject": "other",
                "operator": "!=",
                "value": "nagars"
              },
              "on_roar_end": {
                "event": "minecraft:nagars_attacks"
              },
              "cooldown_time": 0.01
            }
      },
    "minecraft:nagars_casting": {
      "minecraft:behavior.summon_entity": {
          "priority": 1,
          "probability": 100.0,
          "summon_choices": [
            {
              "weight": 8,
              "cooldown_time": 6.0,
              "cast_duration": 1.00,
              "do_casting":true,
              "start_sound_event": "cast.spell",
              "sequence": [
                {
                  "shape": "circle",
                  "target": "self",
                  "base_delay": 1.00,
                  "delay_per_summon": 0.0,
                  "num_entities_spawned": 4,
                  "entity_type": "darkage:flower_nagars",
                  "size": 2.5,
                  "sound_event": "prepare.summon"
                }
              ]
            }
          ]
        }
     },
     "minecraft:nagars_casting2": {
      "minecraft:is_sheared": {
      },
      "minecraft:behavior.summon_entity": {
          "priority": 1,
          "probability": 100.0,
          "summon_choices": [
            {
              "weight": 8,
              "cooldown_time": 5.0,
              "cast_duration": 1.05,
              "do_casting":true,
              "start_sound_event": "cast.spell",
              "sequence": [
                {
                  "shape": "circle",
                  "target": "self",
                  "base_delay": 0.15,
                  "delay_per_summon": 0.0,
                  "num_entities_spawned": 10,
                  "entity_type": "darkage:nagars_spikes",
                  "size": 3.5,
                  "entity_lifespan": 2.06,
                  "sound_event": "prepare.summon"
                },
                {
                  "shape": "circle",
                  "target": "self",
                  "base_delay": 0.15,
                  "delay_per_summon": 0.0,
                  "num_entities_spawned": 15,
                  "entity_type": "darkage:nagars_spikes",
                  "size": 5.5,
                  "entity_lifespan": 2.06,
                  "sound_event": "prepare.summon"
                },
                {
                  "shape": "circle",
                  "target": "self",
                  "base_delay": 0.15,
                  "delay_per_summon": 0.0,
                  "num_entities_spawned": 20,
                  "entity_type": "darkage:nagars_spikes",
                  "size": 7.5,
                  "entity_lifespan": 2.06,
                  "sound_event": "prepare.summon"
                }
              ]
            }
          ]
        }
     },
     "minecraft:nagars_casting_raiz": {
      "minecraft:behavior.summon_entity": {
        "priority": 1,
        "probability": 100.0,
        "summon_choices": [
          {
            "weight": 8,
            "cooldown_time": 6.0,
            "cast_duration": 1.0,
            "start_sound_event": "cast.spell",
            "sequence": [
              {
                "shape": "circle",
                "target": "self",
                "base_delay": 1.00,
                "delay_per_summon": 0.0,
                "num_entities_spawned": 2,
                "entity_type": "darkage:nagars_raiz",
                "size": 10,
                "entity_lifespan": 10.0
              }
            ]
          }
        ]
      }
    }
  },
    "components": {
      "minecraft:experience_reward": {
        "on_death": "query.last_hit_by_player ? 5 + (query.equipment_count * Math.Random(1,2)) : 0"
      },
      "minecraft:equipment": {
        "table": "loot_tables/entities/nagars_follow.json"
        },
      "minecraft:type_family": {
        "family": [ "nagars", "monster" ]
      },
      "minecraft:health": {
        "value": 650,
        "max": 650
      },
      "minecraft:collision_box": {
        "width": 3.5,
        "height": 5
      },
            "minecraft:movement": {
        "value": 0.26
      },
      "minecraft:movement.basic": {

      },
            "minecraft:navigation.walk": {
      "can_path_over_water": true,
        "can_float": true,
        "avoid_water": false,
        "avoid_damage_blocks": false
      },
      "minecraft:can_climb": {
      },
      "minecraft:jump.static": {
      },
      "minecraft:behavior.float": {
                "priority": 20
            },         
      "minecraft:behavior.nearest_attackable_target": {
        "priority": 2,
        "scan_interval": 20,
        "within_radius": 40.0,
        "reselect_targets": true,
        "entity_types": [
          {
            "filters": {
              "any_of": [
                { "test": "is_family", "subject": "other", "value": "player" },
                { "test": "is_family", "subject": "other", "value": "snowgolem" },
                { "test": "is_family", "subject": "other", "value": "irongolem" },
                { "test": "is_family", "subject": "other", "value": "stinky_medical" },
                { "test": "is_family", "subject": "other", "value": "plague" },
                { "test": "is_family", "subject": "other", "value": "unbound_elemental" }
              ]
            },
            "max_dist": 40
          },
          {
            "filters": {
              "any_of": [
                { "test": "is_family", "subject": "other", "value": "villager" },
                { "test": "is_family", "subject": "other", "value": "wandering_trader" }
              ]
            },
            "max_dist": 40,
            "must_see": false
          },
          {
            "filters": {
              "all_of": [
                { "test": "is_family", "subject": "other", "value": "baby_turtle" },
                { "test": "in_water", "subject": "other", "operator": "!=", "value": true }
              ]
            },
            "max_dist": 40
          }
        ],
        "must_see": true,
        "must_see_forget_duration": 0.5
      },
      "minecraft:behavior.look_at_player": {
        "priority": 9,
        "look_distance": 6.0,
        "probability": 7.0
      },
      "minecraft:follow_range": {
        "value": 40,
        "max": 40
      },
      "minecraft:damage_sensor": {
        "triggers": [
            {
            "cause": "block_explosion",
            "deals_damage": false
            },
            {
              "cause": "entity_explosion",
              "deals_damage": false
              },
              {
                "on_damage": { 
                  "filters": { 
                    "with_damage_fatal": true
                },
                 "event": "minecraft:death_event"
                },
                 "deals_damage": false
               }
          ]
      },
      "minecraft:behavior.random_look_around": {
        "priority": 7
      },
      "minecraft:behavior.look_at_entity": {
        "priority": 9,
        "look_distance": 6.0,
        "probability": 7.0,
        "filters": { "test" :  "is_family", "subject" : "other", "value" :  "mob"}
      },
      "minecraft:behavior.move_towards_restriction": {
        "priority": 4,
        "speed_multiplier": 1
      },
      "minecraft:behavior.random_stroll": {
        "priority": 6,
        "speed_multiplier": 0.7
      },
      "minecraft:knockback_resistance": {
        "value": 1.0
      },
            "minecraft:hurt_on_condition": {
        "damage_conditions": [
          {
            "filters": { "test": "in_lava", "subject": "self", "operator": "==", "value": true },
            "cause": "lava",
            "damage_per_tick": 4
          }
        ]
      },
      "minecraft:behavior.hurt_by_target": {
        "priority": 1
      },
      "minecraft:physics": {
      },
      "minecraft:pushable": {
                "is_pushable": false,
                "is_pushable_by_piston": true
              }
           },
           
       "events": {
       "minecraft:entity_spawned": {
        "randomize": [
          {
            "weight": 280,
            "remove": {},
            "add": {
              "component_groups": [
                "minecraft:nagars_attack1",
                "minecraft:spawn_bee_nagars"
              ]
            }
          }
        ]
      },
      "minecraft:bee_nagars": {
        "add": { 
          "component_groups": [ 
            "minecraft:spawn_bee_nagars" 
          ]
        }
      },
      "minecraft:death_event": {
        "add": { 
          "component_groups": [ 
            "minecraft:death" 
          ]
        }
      },
      "minecraft:nagars_regeneration": {
        "remove": {
          "component_groups": [
            "minecraft:nagars_attack1",
            "minecraft:nagars_casting2",
            "minecraft:nagars_roar",
            "minecraft:nagars_casting",
            "minecraft:nagars_attack3",
            "minecraft:nagars_attack2",
            "minecraft:nagars_attack1"
          ]
        },
        "add": {
          "component_groups": [
            "minecraft:nagars_casting_raiz"
          ]
        }
      },
       "minecraft:nagars_attacks": {
        "randomize": [
          {
            "weight": 60,
            "remove": {
            "component_groups": [
            "minecraft:nagars_roar",
           "minecraft:nagars_casting2",
           "minecraft:nagars_casting",
           "minecraft:nagars_casting_raiz",
           "minecraft:nagars_attack3",
           "minecraft:nagars_attack2"
              ]
            },
            "add": {
              "component_groups": [
             "minecraft:nagars_attack1"
              ]
            }
          },
          {
            "weight": 60,
            "remove": {
            "component_groups": [
            "minecraft:nagars_roar",
           "minecraft:nagars_casting2",
           "minecraft:nagars_casting",
           "minecraft:nagars_casting_raiz",
           "minecraft:nagars_attack3",
           "minecraft:nagars_attack1"
              ]
            },
            "add": {
              "component_groups": [
             "minecraft:nagars_attack2"
              ]
            }
          },
          {
            "weight": 60,
            "remove": {
            "component_groups": [
            "minecraft:nagars_roar",
           "minecraft:nagars_casting2",
           "minecraft:nagars_casting",
           "minecraft:nagars_casting_raiz",
           "minecraft:nagars_attack3",
           "minecraft:nagars_attack1"
              ]
            },
            "add": {
              "component_groups": [
             "minecraft:nagars_attack3"
              ]
            }
          },
          {
            "weight": 40,
            "remove": {
            "component_groups": [
            "minecraft:nagars_attack1",
           "minecraft:nagars_roar",
           "minecraft:nagars_casting2",
           "minecraft:nagars_casting_raiz",
           "minecraft:nagars_attack3",
           "minecraft:nagars_attack2",
           "minecraft:nagars_attack1"
              ]
            },
            "add": {
              "component_groups": [
             "minecraft:nagars_casting"
              ]
            }
          },
          {
            "weight": 40,
            "remove": {
            "component_groups": [
            "minecraft:nagars_attack1",
           "minecraft:nagars_roar",
           "minecraft:nagars_casting",
           "minecraft:nagars_casting_raiz",
           "minecraft:nagars_attack3",
           "minecraft:nagars_attack2",
           "minecraft:nagars_attack1"
              ]
            },
            "add": {
              "component_groups": [
             "minecraft:nagars_casting2"
              ]
            }
          },
          {
            "weight": 20,
            "remove": {
            "component_groups": [
            "minecraft:nagars_attack1",
           "minecraft:nagars_casting",
           "minecraft:nagars_casting2",
           "minecraft:nagars_casting_raiz",
           "minecraft:nagars_attack3",
           "minecraft:nagars_attack2",
           "minecraft:nagars_attack1"
              ]
            },
            "add": {
              "component_groups": [
             "minecraft:nagars_roar"
              ]
            }
          }
        ]
      }
      
    }
  }
}
