{
  "format_version": "1.16.0",
  "minecraft:entity": {
    "description": {
      "identifier": "wesl3y:decay_long",
      "is_spawnable": false,
      "is_summonable": true,
      "is_experimental": false,
      "runtime_identifier": "minecraft:snowball"
    },
	"component_groups": {
	  "wesl3y:despawn": {
        "minecraft:instant_despawn": {}
      },
	  "wesl3y:decay": {
	    "minecraft:variant": {
	      "value": 1
	    },
        "minecraft:type_family": {
          "family": [ "decay", "projectile", "attack" ]
        },
        "minecraft:scale": {
          "value": 1.0
        },
        "minecraft:transformation": {
          "into": "wesl3y:despawn",
          "delay": 2.0
        },
        "minecraft:projectile": {
          "on_hit": {
            "impact_damage": {
              "damage": 0,
              "destroy_on_hit": false
            },
            "definition_event": {}
          },
          "power": 0.9,
          "gravity": 0,
          "inertia": 1,
          "liquid_inertia": 1,
          "offset": [0, -0.5, 0]
        }
	  }
	},
    "components": {
      "minecraft:transformation": {
        "into": "wesl3y:despawn",
        "delay": 5.0
      },
      "minecraft:despawn": {
        "filters": {
          "any_of": [
            { "test": "distance_to_nearest_player", "operator": ">", "value": 32}
          ]
        }
      },
      "minecraft:damage_sensor": {
        "triggers":[
          {
            "cause": "all",
            "deals_damage": false
          }
        ]
      },
      "minecraft:timer": {
        "time": 0.1,
        "looping": true,
        "time_down_event": {
          "event": "wesl3y:command"
        }
      },
      "minecraft:physics": {},
      "minecraft:pushable": {
        "is_pushable": false,
        "is_pushable_by_piston": true
      },
      "minecraft:conditional_bandwidth_optimization": {
        "default_values": {
          "max_optimized_distance": 80,
          "max_dropped_ticks": 10,
          "use_motion_prediction_hints": true
        }
      }
    },
	
	"events": {
      "wesl3y:command": {
        "sequence": [
          {
            "filters": {
              "test": "is_family",
              "value": "decay"
            },
            "run_command": {
              "command": [
                "particle wesl3y:decay ~~~",
                "fill ~-2~-1~-2 ~2~2~2 wesl3y:decay [] replace cobblestone",
                "fill ~-2~-1~-2 ~2~2~2 wesl3y:decay [] replace concrete",
                "fill ~-2~-1~-2 ~2~2~2 wesl3y:decay [] replace dirt",
                "fill ~-2~-1~-2 ~2~2~2 wesl3y:decay [] replace grass",
                "fill ~-2~-1~-2 ~2~2~2 wesl3y:decay [] replace leaves",
                "fill ~-2~-1~-2 ~2~2~2 wesl3y:decay [] replace leaves2",
                "fill ~-2~-1~-2 ~2~2~2 wesl3y:decay [] replace log",
                "fill ~-2~-1~-2 ~2~2~2 wesl3y:decay [] replace log2",
                "fill ~-2~-1~-2 ~2~2~2 wesl3y:decay [] replace planks",
                "fill ~-2~-1~-2 ~2~2~2 wesl3y:decay [] replace stonebrick"
              ]
            }
          }
        ]
      },
	  "wesl3y:despawn": {
	    "add": {
	      "component_groups": [
	        "wesl3y:despawn"
	      ]
	    }
	  },
	  "wesl3y:entity_spawned": {
        "sequence": [
          {
            "filters": {
              "test": "has_tag",
              "subject": "other",
              "value": "decay"
            },
            "add": {
              "component_groups": [
                "wesl3y:decay"
              ]
            }
          }
        ]
	  }
	}
  }
}