{
  "format_version": "1.16.0",
  "minecraft:entity": {
    "description": {
      "identifier": "wesl3y:decay_short",
      "is_spawnable": false,
      "is_summonable": true,
      "is_experimental": false
    },
	"component_groups": {
	  "wesl3y:despawn": {
        "minecraft:instant_despawn": {}
	  },
	  "wesl3y:decay_other": {
        "minecraft:type_family": {
          "family": [ "decay_other", "decay", "attack" ]
        },
        "minecraft:scale": {
          "value": 0.0
        },
        "minecraft:transformation": {
          "into": "wesl3y:despawn",
          "delay": 1.75
        }
      }
	},
    "components": {
      "minecraft:transformation": {
        "into": "wesl3y:despawn",
        "delay": 5.0
      },
      "minecraft:despawn": {
        "filters": {
          "any_of": [
            { "test": "distance_to_nearest_player", "operator": ">", "value": 32}
          ]
        }
      },
      "minecraft:damage_sensor": {
        "triggers":[
          {
            "cause": "all",
            "deals_damage": false
          }
        ]
      },
      "minecraft:timer": {
        "time": 0.2,
        "looping": true,
        "time_down_event": {
          "event": "wesl3y:command"
        }
      },
      "minecraft:physics": {},
      "minecraft:pushable": {
        "is_pushable": false,
        "is_pushable_by_piston": true
      },
      "minecraft:conditional_bandwidth_optimization": {
        "default_values": {
          "max_optimized_distance": 80,
          "max_dropped_ticks": 10,
          "use_motion_prediction_hints": true
        }
      }
    },
	
	"events": {
      "wesl3y:command": {
        "sequence": [
          {
            "filters": {
              "test": "is_family",
              "value": "decay_other"
            },
            "run_command": {
              "command": [
                "particle wesl3y:decay ~~~",
                "tp @s @e[c=1,r=3,family=!attack,tag=!quirk_decay]",
                "damage @e[c=1,r=1,family=!attack,tag=!quirk_decay] 4 suicide entity @p[tag=quirk_decay]"
              ]
            }
          }
        ]
      },
	  "wesl3y:decay_other": {
	    "add": {
	      "component_groups": [
	        "wesl3y:decay_other"
	      ]
	    }
	  },
	  "wesl3y:despawn": {
	    "add": {
	      "component_groups": [
	        "wesl3y:despawn"
	      ]
	    }
	  }
	}
  }
}