{
	"format_version": "1.13.0",
	"minecraft:structure_template_feature": {
		"description": {
			"identifier": "zk:nekroaltar"
		},
		"structure_name": "mystructure:nekroaltar",
		"adjustment_radius": 16,
		"facing_direction": "random",
		"constraints": {
			"grounded": {},
			"unburied": {},
			"block_intersection": {
				"block_allowlist": [
					"minecraft:wither_rose",
					"minecraft:soul_sand",
					"minecraft:air",
					"minecraft:blackstone",
					"minecraft:tallgrass",
					"minecraft:grass",
					"minecraft:snow",
					"minecraft:snow_layer"
				]
			}
		}
	}
}