{
	"format_version": "1.13.0",
	"minecraft:vegetation_patch_feature": {
		"description": {
			"identifier": "zk:soulfield"
		},
		"replaceable_blocks": [
			"minecraft:grass",
			"minecraft:dirt",
			"minecraft:stone",
			"minecraft:sand",
			"minecraft:sandstone"
		],
		"ground_block": "minecraft:soul_sand",
		"vegetation_feature": "zk:witherflower",
		"surface": "floor",
		"depth": 20,
		"extra_deep_block_chance": 0.8,
		"vertical_range": 10,
		"vegetation_chance": 0.1,
		"horizontal_radius": 40,
		"extra_edge_column_chance": 0.1
	}
}