{
  "format_version": "1.17.0",
  "minecraft:entity": {
    "description": {
      "identifier": "darkage:executioner_sentinel",
      "is_spawnable": true,
      "is_summonable": true,
      "is_experimental": false,
      "scripts": {
     "animate": [
       "attack",
       "defense"
     ]
   },
   "animations": {
     "attack": "controller.animation.sentinel.attack",
     "defense": "controller.animation.executioner_sentinel.defense"
      }
		},
    "component_groups": {
      "minecraft:sentinel_attack1": {
        "minecraft:attack": {
               "damage": 6
               },
            "minecraft:behavior.delayed_attack": {
              "priority": 1,
              "reach_multiplier": 3.5,
              "speed_multiplier": 1.2,
              "attack_duration": 0.72,
              "hit_delay_pct": 0.64,
              "track_target": true
            },
            "minecraft:mark_variant": {
              "value": 1
            }
        },
        "minecraft:sentinel_attack2": {
        "minecraft:attack": {
               "damage": 3
               },
                 "minecraft:behavior.delayed_attack": {
              "priority": 1,
              "reach_multiplier": 2.5,
              "speed_multiplier": 1.2,
              "attack_duration": 0.48,
              "hit_delay_pct": 0.36,
              "track_target": true
            },
            "minecraft:mark_variant": {
              "value": 2
            }
        },
        "minecraft:sentinel_roar": {
                 "minecraft:behavior.knockback_roar": {
                  "priority": 1,
                  "duration": 0.36,
                  "attack_time": 0.36,
                  "knockback_damage": 14,
                  "knockback_strength": 2,
                  "knockback_range": 5,
                  "knockback_filters": {
                    "test": "is_family",
                    "subject": "other",
                    "operator": "!=",
                    "value": "sentinel"
                  },
                  "damage_filters": {
                    "test": "is_family",
                    "subject": "other",
                    "operator": "!=",
                    "value": "sentinel"
                  },
                  "on_roar_end": {
                    "event": "minecraft:sentinel_attacks"
                  },
                  "cooldown_time": 0.01
                }
          }
    },
    "components": {
      "minecraft:experience_reward": {
        "on_death": "query.last_hit_by_player ? 20 + (query.equipment_count * Math.Random(1,6)) : 0"
      },
      "minecraft:loot": {
        "table": "loot_tables/entities/sentinel_soldier.json"
      },
      "minecraft:type_family": {
        "family": [ "sentinel", "monster" ]
      },
      "minecraft:scale": {
        "value": 1.2
      },
      "minecraft:health": {
        "value": 150,
        "max": 150
      },
      "minecraft:knockback_resistance": {
        "value": 1.0
      },
      "minecraft:collision_box": {
        "width": 0.55,
        "height": 1.85
      },
      "minecraft:behavior.look_at_player": {
        "priority": 9,
        "look_distance": 6.0,
        "probability": 7.0
      },
      "minecraft:follow_range": {
        "value": 40,
        "max": 40
      },
      "minecraft:behavior.look_at_entity": {
        "priority": 9,
        "look_distance": 6.0,
        "probability": 7.0,
        "filters": { "test" :  "is_family", "subject" : "other", "value" :  "mob"}
      },
      "minecraft:behavior.nearest_attackable_target": {
        "priority": 2,
        "scan_interval": 20,
        "within_radius": 40.0,
        "reselect_targets": true,
        "entity_types": [
          {
            "filters": {
              "any_of": [
                { "test": "is_family", "subject": "other", "value": "player" },
                { "test": "is_family", "subject": "other", "value": "snowgolem" },
                { "test": "is_family", "subject": "other", "value": "irongolem" },
                { "test": "is_family", "subject": "other", "value": "stinky_medical" },
                { "test": "is_family", "subject": "other", "value": "plague" },
                { "test": "is_family", "subject": "other", "value": "nagars" },
                { "test": "is_family", "subject": "other", "value": "unbound_elemental" },
                { "test": "is_family", "subject": "other", "value": "devourer" },
                { "test": "is_family", "subject": "other", "value": "ice_golem" }
              ]
            },
            "max_dist": 40
          },
          {
            "filters": {
              "any_of": [
                { "test": "is_family", "subject": "other", "value": "villager" },
                { "test": "is_family", "subject": "other", "value": "wandering_trader" }
              ]
            },
            "max_dist": 40,
            "must_see": false
          },
          {
            "filters": {
              "all_of": [
                { "test": "is_family", "subject": "other", "value": "baby_turtle" },
                { "test": "in_water", "subject": "other", "operator": "!=", "value": true }
              ]
            },
            "max_dist": 40
          }
        ],
        "must_see": true,
        "must_see_forget_duration": 0.5
      },
      "minecraft:equipment": {
        "table": "loot_tables/entities/sentinel_executioner_equipment_sword.json"
        },
        "minecraft:movement": {
          "value": 0.20
        },
        "minecraft:movement.basic": {
        },
              "minecraft:navigation.walk": {
        "can_path_over_water": true,
          "can_float": true,
          "avoid_water": false,
          "avoid_damage_blocks": false
        },
        "minecraft:can_climb": {
        },
        "minecraft:jump.static": {
        },
        "minecraft:behavior.float": {
                  "priority": 20
              },         
      "minecraft:behavior.hurt_by_target": {
        "priority": 1,
        "alert_same_type": true,
        "entity_types": {
          "filters": {
            "any_of": [
            {"test": "is_family",
            "subject": "other",
            "operator": "!=",
            "value": "sentinel"}
            ]
          },
          "max_dist": 64
        }
      },
      "minecraft:physics": {
      },
      "minecraft:pushable": {
                "is_pushable": false,
                "is_pushable_by_piston": true
              }
           },
           
       "events": {
       "minecraft:entity_spawned": {
        "randomize": [
          {
            "weight": 280,
            "remove": {},
            "add": {
              "component_groups": [
                "minecraft:sentinel_attack1"
              ]
            }
          }
        ]
      },
      "minecraft:sentinel_attacks": {
        "randomize": [
          {
            "weight": 80,
            "remove": {
            "component_groups": [
            "minecraft:sentinel_attack2",
           "minecraft:sentinel_roar"
              ]
            },
            "add": {
              "component_groups": [
             "minecraft:sentinel_attack1"
              ]
            }
          },
          {
            "weight": 60,
            "remove": {
            "component_groups": [
            "minecraft:sentinel_attack1",
           "minecraft:sentinel_attack2"
              ]
            },
            "add": {
              "component_groups": [
             "minecraft:sentinel_roar"
              ]
            }
          },
          {
            "weight": 40,
            "remove": {
            "component_groups": [
            "minecraft:sentinel_attack1",
           "minecraft:sentinel_roar"
              ]
            },
            "add": {
              "component_groups": [
             "minecraft:sentinel_attack2"
              ]
            }
          }
        ]
      }

    }
  }
}
