{
  "format_version": "1.18.0",
  "minecraft:recipe_shaped": {
    "description": {
      "identifier": "a:empty_cup_recipe"
    },
    "tags": [
      "crafting_table"
    ],
    "pattern": [
      "abc",
      "def",
      "ghi"
    ],
    "key": {
      "a": {
        "item": "minecraft:stick"
      },
      "c": {
        "item": "minecraft:stick"
      },
      "d": {
        "item": "minecraft:stick"
      },
      "f": {
        "item": "minecraft:stick"
      },
      "g": {
        "item": "minecraft:stick"
      },
      "h": {
        "item": "minecraft:stick"
      },
      "i": {
        "item": "minecraft:stick"
      }
    },
    "result": {
      "item": "a:empty_cup",
      "count": "1"
    }
  }
}