{
	"format_version": "1.19.10",
	"minecraft:recipe_shapeless": {
		"description": {
			"identifier": "a:white_lotus_tea_recipe"
		},
		"tags": [
			"crafting_table"
		],
		"ingredients": [
            {
				"item": "minecraft:red_flower",
				"data": 7
			},
            {
				"item": "minecraft:red_flower",
				"data": 10
			},
            {
				"item": "minecraft:blaze_powder"
			},
			{
				"item": "a:water_cup"
			}
		],
		"result": [
			{
				"item": "a:white_lotus_tea"
			}
		]
	}
}