{
	"format_version": "1.16.100",
	"minecraft:item": {
		"description": {
			"identifier": "zk:acquiremagic"
		},
		"components": {
			"minecraft:max_stack_size": 1,
			"minecraft:foil": true,
			"minecraft:icon": {
				"texture": "zk_selector"
			},
			"minecraft:creative_category": {
				"parent": "equipment"
			},
			"minecraft:on_use": {
				"on_use": {
					"event": "zk:randomize"
				}
			},
			"minecraft:display_name": {
				"value": "§3Acquire Magic"
			}
		},
		"events": {
			"zk:randomize": {
				"sequence": [
					{
						"randomize": [
							{
								"weight": 1,
								"run_command": {
									"command": [
										"function soulmagic",
										"tell @s §4Soul"
									]
								}
							},
							{
								"weight": 1,
								"run_command": {
									"command": [
										"function frostmagic",
										"tell @s §3Frost"
									]
								}
							},
							{
								"weight": 1,
								"run_command": {
									"command": [
										"function demolitionmagic",
										"tell @s §0Demolition"
									]
								}
							},
							{
								"weight": 1,
								"run_command": {
									"command": [
										"function endmagic",
										"tell @s §9End"
									]
								}
							},
							{
								"weight": 1,
								"run_command": {
									"command": [
										"function firecursemagic",
										"tell @s §cFire Curse"
									]
								}
							},
							{
								"weight": 1,
								"run_command": {
									"command": [
										"function firetrickstermagic",
										"tell @s §c Fire Trickster"
									]
								}
							},
							{
								"weight": 1,
								"run_command": {
									"command": [
										"function lighthindrancemagic",
										"tell @s §eLight Hindrance"
									]
								}
							},
							{
								"weight": 1,
								"run_command": {
									"command": [
										"function lighthealmagic",
										"tell @s §eLight Healing"
									]
								}
							},
							{
								"weight": 1,
								"run_command": {
									"command": [
										"function shadowmagic",
										"tell @s §8Shadow"
									]
								}
							},
							{
								"weight": 1,
								"run_command": {
									"command": [
										"function darkswordmastermagic",
										"tell @s §0Dark Swordmaster"
									]
								}
							},
							{
								"weight": 1,
								"run_command": {
									"command": [
										"function darksummonermagic",
										"tell @s §0Dark Summoner"
									]
								}
							},
							{
								"weight": 1,
								"run_command": {
									"command": [
										"function moonblademagic",
										"tell @s §bMoonblade"
									]
								}
							}
						]
					},
					{
						"run_command": {
							"command": [
								"clear @s zk:acquiremagic",
								"tag @s add mage"
							]
						}
					}
				]
			}
		}
	}
}