{
	"format_version": "1.16.100",
	"minecraft:item": {
		"description": {
			"identifier": "zk:concoction",
			"category": "equipment"
		},
		"components": {
			"minecraft:icon": {
				"texture": "concoction"
			},
			"minecraft:can_destroy_in_creative": false,
			"minecraft:cooldown": {
				"category": "concoction",
				"duration": 15
			},
			"minecraft:potion": {
				"type": "regular"
			},
			"minecraft:use_duration": 2,
			"minecraft:max_stack_size": 10,
			"minecraft:display_name": {
				"value": "§aC§eo§4n§7c§1o§5c§bt§2i§6o§8n\nDrink to find out!"
			},
			"minecraft:creative_category": {
				"parent": "itemGroup.name.potion"
			},
			"minecraft:use_animation": "drink",
			"minecraft:foil": true,
			"minecraft:food": {
				"can_always_eat": true,
				"nutrition": 1,
				"saturation_modifier": "normal",
				"on_consume": {
					"event": "zk:concoct"
				}
			}
		},
		"events": {
			"zk:concoct": {
				"randomize": [
					{
						"weight": 8,
						"run_command": {
							"command": [
								"effect @s fire_resistance 20 10 true"
							]
						}
					},
					{
						"weight": 5,
						"run_command": {
							"command": [
								"effect @s strength 15 1 true"
							]
						}
					},
					{
						"weight": 8,
						"run_command": {
							"command": [
								"effect @s jump_boost 15 2 true"
							]
						}
					},
					{
						"weight": 7,
						"run_command": {
							"command": [
								"effect @s speed 20 2 true"
							]
						}
					},
					{
						"weight": 2,
						"run_command": {
							"command": [
								"effect @s fire_resistance 12 12 true",
								"effect @s speed 10 1 true",
								"effect @s strength 10 1 true"
							]
						}
					},
					{
						"weight": 3,
						"run_command": {
							"command": [
								"effect @s poison 5 1 true"
							]
						}
					},
					{
						"weight": 2,
						"run_command": {
							"command": [
								"effect @s wither 2 5 true"
							]
						}
					},
					{
						"weight": 2,
						"run_command": {
							"command": [
								"tp @s ~~10~10"
							]
						}
					},
					{
						"weight": 3,
						"run_command": {
							"command": [
								"scoreboard players add @s mana 30"
							]
						}
					}
				]
			}
		}
	}
}