{
	"format_version": "1.16.100",
	"minecraft:item": {
		"description": {
			"identifier": "zk:cursedpact",
			"category": "equipment"
		},
		"components": {
			"minecraft:icon": {
				"texture": "cursedpact"
			},
			"minecraft:can_destroy_in_creative": false,
			"minecraft:max_stack_size": 1,
			"minecraft:creative_category": {
				"parent": "equipment"
			},
			"minecraft:foil": true,
			"minecraft:on_use": {
				"on_use": {
					"event": "zk:cursed"
				}
			},
			"minecraft:display_name": {
				"value": "§cCursed Pact\n §cRemoves allience with nearby allies"
			}
		},
		"events": {
			"zk:cursed": {
				"sequence": [
					{
						"run_command": {
							"command": [
								"tell @s §cContract undone you are no longer allies with @e[rm=1,r=5,tag=ally]",
								"tag @e[rm=1,r=5,tag=ally] remove ally",
								"clear @s zk:cursedpact 0 1"
							]
						}
					}
				]
			}
		}
	}
}