{
  "format_version": "1.16.100",
  "minecraft:block": {
    "description": {
      "identifier": "darkage:sapling_scary_tree",
      "category": "Nature",
      "register_to_creative_menu": true,
      "properties": {
        "block:rotation": [
          0,
          1,
          2,
          3,
          4,
          5,
          6
        ]
      }
    },
    "components": {
      "minecraft:loot": "loot_tables/blocks/sapling_scary_tree.json",
      "minecraft:destroy_time": 1.0,
      "minecraft:explosion_resistance": 1.0,
      "minecraft:block_light_absorption": 0.0,
      "minecraft:block_light_emission": 0.0,
      "minecraft:material_instances": {
        "*": {
          "texture": "sapling_scary_tree",
          "render_method": "alpha_test"
        }
      },
      "minecraft:placement_filter": {
				"conditions": [
					{
						"allowed_faces": [
							"up"
						],
						"block_filter": [
							"darkage:grass_ash"
						]
					}
				]
			},
      "minecraft:entity_collision": false,
      "minecraft:display_name": "Sapling Scary Tree",
			"minecraft:breakonpush": true,
      "minecraft:on_interact": {
        "event": "interact"
      },
      "minecraft:on_player_placing": {
        "event": "update_rotation"
      },
			"minecraft:pick_collision": {
				"origin": [
					-8,
					0,
					-8
				],
				"size": [
					16,
					16,
					16
				]
			},
      "minecraft:geometry": "geometry.sapling_scary_tree"
    },
		  "events": {
        "update_rotation": {
          "set_block_property": {
            "block:rotation": "query.cardinal_facing_2d"
          }
        },
		    "interact": {
        "sequence": [
          {
            "condition": "query.get_equipped_item_name == 'syringe_with_suspicious_blood'",
            "run_command": {
              "command": [ 
                "summon darkage:mini_scary_tree ~~~",
                "clear @a[c=1] darkage:syringe_with_suspicious_blood 1 1",
                "playsound random.fuse @a[r=15]",
                "particle minecraft:death_explosion_emitter ~ ~1 ~",
                "setblock ~~~ air"
              ]
            }
          }
        ]
      }
    },
    "permutations": [
      {
        "condition": "query.block_property('block:rotation') == 2",
        "components": {
          "minecraft:rotation": [
            0,
            0,
            0
          ]
        }
      },
      {
        "condition": "query.block_property('block:rotation') == 3",
        "components": {
          "minecraft:rotation": [
            0,
            -180,
            0
          ]
        }
      },
      {
        "condition": "query.block_property('block:rotation') == 4",
        "components": {
          "minecraft:rotation": [
            0,
            90,
            0
          ]
        }
      },
      {
        "condition": "query.block_property('block:rotation') == 5",
        "components": {
          "minecraft:rotation": [
            0,
            -90,
            0
          ]
        }
      }
    ]
  }
}
