{"format_version":"1.16.100","minecraft:item":{"description":{"category":"equipment","identifier":"pa:d_s"},"components":{"minecraft:icon":{"texture":"pa_d_s"},"minecraft:creative_category":{"parent":"itemGroup.name.sword"},"minecraft:max_stack_size":1,"minecraft:hand_equipped":true,"minecraft:allow_off_hand":true,"minecraft:foil":false,"minecraft:durability":{"max_durability":100,"damage_chance":{"min":60,"max":100}},"minecraft:repairable":{"repair_items":[{"items":["minecraft:netherstar"],"repair_amount":5000},{"items":["pa:d_s"],"repair_amount":"context.other->query.remaining_durability + 0.2 * context.other->query.max_durability"}]},"minecraft:mining_speed":1,"minecraft:damage":30,"minecraft:enchantable":{"value":15,"slot":"sword"},"minecraft:can_destroy_in_creative":true,"minecraft:weapon":{"on_hurt_entity":{"event":"hurt"},"on_not_hurt_entity":{"event":"hurt"},"on_hit_block":{"event":"hurt"}},"minecraft:render_offsets":{"main_hand":{"third_person":{"scale":[0.025,0.025,0.025]},"first_person":{"scale":[0.009499999999994301,0.009499999999994301,0.009499999999994301]}},"off_hand":{"third_person":{"scale":[0.025,0.025,0.025]},"first_person":{"scale":[0.009499999999994301,0.009499999999994301,0.009499999999994301]}}},"tag:minecraft:is_sword":{},"minecraft:display_name":{"value":"§gDivine Sword"}},"events":{"on_use_event":{"sequence":[{"damage":{"type":"magic","amount":1,"target":"self"}}]},"hurt":{"damage":{"type":"magic","amount":1,"target":"self"}}}}}