{
  "format_version": "1.13.0",
  "minecraft:biome": {
    "description": {
      "identifier": "birch_forest_hills"
    },
    "components": {
      "minecraft:climate": {
        "downfall": 0.0,
        "snow_accumulation": [ 0.0, 0.0 ],
        "temperature": 2.0
      },
      "minecraft:overworld_height": {
        "noise_type": "mountains"
      },
      "minecraft:surface_parameters": {
        "sea_floor_depth": 7,
        "sea_floor_material": "minecraft:gravel",
        "foundation_material": "minecraft:stone",
        "mid_material": "minecraft:dirt",
        "top_material": "darkage:grass_ash",
        "sea_material": "minecraft:water"
      },
      "minecraft:overworld_generation_rules": {
        "mutate_transformation": "birch_forest_hills_mutated"
      },

      "animal": {},
      "hills": {},
      "monster": {},
      "overworld": {},
      "silvervalley": {},
    "silvervalley_hills": {}
    }
  }
}
