{
  "format_version": "1.13.0",
  "minecraft:entity": {
    "description": {
      "identifier": "darkage:headless_horseman",
      "is_spawnable": true,
      "is_summonable": true,
      "is_experimental": false
 },
    "component_groups": {
      "minecraft:horseman_jockey": {
        "minecraft:spawn_entity": [
          { 
           "min_wait_time": 0,
           "max_wait_time": 0,
           "spawn_entity": "darkage:horseman",
           "spawn_event": "minecraft:horseman_spawn",
           "single_use": true,
           "num_to_spawn": 1,
           "should_leash": false
          }
         ]
      },
      "minecraft:attack_sword": {
        "minecraft:target_nearby_sensor": {
          "inside_range": 4.0,
          "outside_range": 5.0,
          "must_see": true,
          "on_inside_range": {
              "event": "minecraft:headless_horseman_i_sword",
              "target": "self"
          },
          "on_outside_range": {
              "event": "minecraft:headless_horseman_bow",
              "target": "self"
          }
      },
      "minecraft:behavior.melee_attack": {
        "priority": 4,
        "target_dist": 1.2,
        "speed_multiplier": 1.2,
        "track_target": true
        },
        "minecraft:equipment": {
          "table": "loot_tables/entities/headless_horseman_equipment_sword.json"
          }
      },
      "minecraft:ranged": {
        "minecraft:target_nearby_sensor": {
          "inside_range": 4.0,
          "outside_range": 5.0,
          "must_see": true,
          "on_inside_range": {
              "event": "minecraft:headless_horseman_i_sword",
              "target": "self"
          },
          "on_outside_range": {
              "event": "minecraft:headless_horseman_bow",
              "target": "self"
          }
      },
      "minecraft:shooter": {
        "type": "smallfireball",
        "def": "minecraft:small_fireball"
      },
      "minecraft:behavior.ranged_attack": {
        "priority": 1,
        "attack_interval_min": 1,
        "attack_interval_max": 3,
        "charge_charged_trigger": 0.0,
        "charge_shoot_trigger": 1.0,
        "attack_radius": 40,
        "burst_shots": 1,
        "burst_interval": 0.3
        }
      },
      "minecraft:headless_horseman_variant_one": {
        "minecraft:variant": { "value": 0 }
      },
      "minecraft:headless_horseman_variant_two": {
        "minecraft:variant": { "value": 1 }
      },
      "minecraft:headless_horseman_variant_three": {
        "minecraft:variant": { "value": 2 }
      },
      "minecraft:headless_horseman_variant_four": {
        "minecraft:variant": { "value": 3 }
      },
      "minecraft:headless_horseman_variant_five": {
        "minecraft:variant": { "value": 4 }
      }
    },
    "components": {
      "minecraft:nameable": {
      },
      "minecraft:type_family": {
        "family": [ "headless_horseman", "undead", "monster" ]
      },
      "minecraft:loot": {
        "table": "loot_tables/entities/zombie.json"
      },
      "minecraft:collision_box": {
        "width": 0.6,
        "height": 1.9
      },
      "minecraft:movement.basic": {
      },
      "minecraft:movement": {
        "value": 0.26
      },
      "minecraft:navigation.generic": {
        "is_amphibious": true,
        "can_path_over_water": true,
        "can_pass_doors": true,
        "can_open_doors": true,
        "can_swim": true,
        "can_walk": true,
        "avoid_damage_blocks": true
      },
      "minecraft:annotation.open_door": {
      },
      "minecraft:behavior.move_indoors": {
        "priority": 4,
        "speed_multiplier": 0.8
      },
      "minecraft:behavior.restrict_open_door": {
        "priority": 5
      },
      "minecraft:behavior.open_door": {
        "priority": 6,
        "close_door_after": true
      },
      "minecraft:jump.static": {
      },
      "minecraft:can_climb": {
      },
      "minecraft:health": {
        "value": 30,
        "max": 30
      },
      "minecraft:hurt_on_condition": {
        "damage_conditions": [
          {
            "filters": { "test": "in_lava", "subject": "self", "operator": "==", "value": true },
            "cause": "lava",
            "damage_per_tick": 4
          }
        ]
      },
      "minecraft:breathable": {
        "total_supply": 15,
        "suffocate_time": 0,
        "breathes_air": true,
        "breathes_water": true
      },
      "minecraft:attack": {
        "damage": 5
      },
      "minecraft:behavior.move_towards_restriction": {
        "priority": 5,
        "speed_multiplier": 1
      },
      "minecraft:behavior.random_stroll": {
        "priority": 6,
        "speed_multiplier": 1
      },
      "minecraft:behavior.look_at_player": {
        "priority": 7,
        "look_distance": 6,
        "probability": 0.02
      },
      "minecraft:behavior.random_look_around": {
        "priority": 7
      },
      "minecraft:behavior.hurt_by_target": {
        "priority": 1,
        "alert_same_type": true,
        "entity_types": {
          "filters": {
            "any_of": [
            {"test": "is_family",
            "subject": "other",
            "operator": "!=",
            "value": "headless_horseman"}
            ]
          },
          "max_dist": 64
        }
      },
      "minecraft:behavior.nearest_attackable_target": {
        "priority": 2,
        "scan_interval": 20,
        "within_radius": 40.0,
        "reselect_targets": true,
        "entity_types": [
          {
            "filters": {
              "any_of": [
                { "test": "is_family", "subject": "other", "value": "player" },
                { "test": "is_family", "subject": "other", "value": "snowgolem" },
                { "test": "is_family", "subject": "other", "value": "irongolem" },
                { "test": "is_family", "subject": "other", "value": "nagars" }
              ]
            },
            "max_dist": 40
          },
          {
            "filters": {
              "any_of": [
                { "test": "is_family", "subject": "other", "value": "villager" },
                { "test": "is_family", "subject": "other", "value": "wandering_trader" }
              ]
            },
            "max_dist": 40,
            "must_see": false
          },
          {
            "filters": {
              "all_of": [
                { "test": "is_family", "subject": "other", "value": "baby_turtle" },
                { "test": "in_water", "subject": "other", "operator": "!=", "value": true }
              ]
            },
            "max_dist": 40
          }
        ],
        "must_see": true,
        "must_see_forget_duration": 0.5
      },
      "minecraft:physics": {
      },
      "minecraft:follow_range": {
        "value": 40
      },
      "minecraft:behavior.find_mount": {
        "priority": 1,
        "within_radius": 16,
        "start_delay": 5,
        "max_failed_attempts": 20
      },
      "minecraft:pushable": {
        "is_pushable": true,
        "is_pushable_by_piston": true
      }
    },

    "events": {
      "minecraft:headless_horseman_bow": {
        "remove": {
          "component_groups": [
            "minecraft:attack_sword"
          ]
        },
        "add": {
          "component_groups": [
            "minecraft:ranged"
          ]
        }
      },
      "minecraft:horseman_jockey": {
        "add": {
          "component_groups": [
            "minecraft:horseman_jockey"
          ]
        }
      },
      "minecraft:headless_horseman_i_sword": {
        "run_command": {
					"command": [
            "replaceitem entity @s slot.weapon.mainhand 1 iron_sword"
					]
				},
        "remove": {
          "component_groups": [
            "minecraft:ranged"
          ]
        },
        "add": {
          "component_groups": [
            "minecraft:attack_sword"
          ]
        }
      },
      "minecraft:entity_spawned": {
        "sequence": [
          {
            "randomize": [
              {
                "weight": 90,
                "add": {
                  "component_groups": [
                    "minecraft:attack_sword",
                    "minecraft:horseman_jockey"
                  ]
                }
              }
            ]
          },
          {
            "randomize": [
              {
                "weight": 1,
                "add": {
                  "component_groups": ["minecraft:headless_horseman_variant_one"]
                }
              },
              {
                "weight": 1,
                "add": {
                  "component_groups": ["minecraft:headless_horseman_variant_two"]
                }
              },
              {
                "weight": 1,
                "add": {
                  "component_groups": ["minecraft:headless_horseman_variant_three"]
                }
              },
              {
                "weight": 1,
                "add": {
                  "component_groups": ["minecraft:headless_horseman_variant_four"]
                }
              },
              {
                "weight": 1,
                "add": {
                  "component_groups": ["minecraft:headless_horseman_variant_five"]
                }
              }
            ]
          }
        ]
      }
    }
  }
}
