{
  "format_version": "1.8.0",
  "minecraft:entity": {
	"description": {
      "identifier": "darkage:saddlebag",
         "is_spawnable":false,
         "is_summonable":true,
         "is_experimental":false
    },
    "component_groups": {
    "minecraft:des": {
    "minecraft:despawn": { 
                  }
             },
    "minecraft:drops1": {
      "minecraft:timer": {
        "time": 1.0,
        "time_down_event": {
          "event": "minecraft:despawning"
        }
      },
    "minecraft:spawn_entity": [
         { 
          "min_wait_time": 0,
          "max_wait_time": 0,
          "spawn_item": "iron_ingot",
          "spawn_event": "minecraft:drops",
          "single_use": true,
          "num_to_spawn": 3,
          "should_leash": false
         },
         { 
          "min_wait_time": 0.0,
          "max_wait_time": 0.0,
          "spawn_item": "emerald",
          "spawn_event": "minecraft:drops",
          "single_use": true,
          "num_to_spawn": 1,
          "should_leash": false
         },
         { 
          "min_wait_time": 0.0,
          "max_wait_time": 0.0,
          "spawn_item": "leather",
          "spawn_event": "minecraft:drops",
          "single_use": true,
          "num_to_spawn": 4,
          "should_leash": false
         },
         { 
          "min_wait_time": 0.0,
          "max_wait_time": 0.0,
          "spawn_item": "melon_seeds",
          "spawn_event": "minecraft:drops",
          "single_use": true,
          "num_to_spawn": 2,
          "should_leash": false
         }
       ]
     },
        "minecraft:drops2": {
          "minecraft:timer": {
            "time": 1.0,
            "time_down_event": {
              "event": "minecraft:despawning"
            }
          },
         "minecraft:spawn_entity": [
         { 
          "min_wait_time": 0.0,
          "max_wait_time": 0.0,
          "spawn_item": "gold_ingot",
          "spawn_event": "minecraft:drops",
          "single_use": true,
          "num_to_spawn": 3,
          "should_leash": false
         },
         { 
          "min_wait_time": 0.0,
          "max_wait_time": 0.0,
          "spawn_item": "iron_ingot",
          "spawn_event": "minecraft:drops",
          "single_use": true,
          "num_to_spawn": 2,
          "should_leash": false
         },
         { 
          "min_wait_time": 0.0,
          "max_wait_time": 0.0,
          "spawn_item": "book",
          "spawn_event": "minecraft:drops",
          "single_use": true,
          "num_to_spawn": 3,
          "should_leash": false
         },
         { 
          "min_wait_time": 0.0,
          "max_wait_time": 0.0,
          "spawn_item": "rotten_flesh",
          "spawn_event": "minecraft:drops",
          "single_use": true,
          "num_to_spawn": 4,
          "should_leash": false
         },
         { 
          "min_wait_time": 0.0,
          "max_wait_time": 0.0,
          "spawn_item": "carrot",
          "spawn_event": "minecraft:drops",
          "single_use": true,
          "num_to_spawn": 3,
          "should_leash": false
         }
       ]
     },
     "minecraft:drops3": {
      "minecraft:timer": {
        "time": 1.0,
        "time_down_event": {
          "event": "minecraft:despawning"
        }
      },
         "minecraft:spawn_entity": [
         { 
          "min_wait_time": 0.0,
          "max_wait_time": 0.0,
          "spawn_item": "gold_ingot",
          "spawn_event": "minecraft:drops",
          "single_use": true,
          "num_to_spawn": 4,
          "should_leash": false
         },
         { 
          "min_wait_time": 0.0,
          "max_wait_time": 0.0,
          "spawn_item": "diamond",
          "spawn_event": "minecraft:drops",
          "single_use": true,
          "num_to_spawn": 1,
          "should_leash": false
         },
         { 
          "min_wait_time": 0.0,
          "max_wait_time": 0.0,
          "spawn_item": "emerald",
          "spawn_event": "minecraft:drops",
          "single_use": true,
          "num_to_spawn": 2,
          "should_leash": false
         },
         { 
          "min_wait_time": 0.0,
          "max_wait_time": 0.0,
          "spawn_item": "leather",
          "spawn_event": "minecraft:drops",
          "single_use": true,
          "num_to_spawn": 6,
          "should_leash": false
         },
         { 
          "min_wait_time": 0.0,
          "max_wait_time": 0.0,
          "spawn_item": "potato",
          "spawn_event": "minecraft:drops",
          "single_use": true,
          "num_to_spawn": 3,
          "should_leash": false
         }
        ]
      }
     },
    "components": {
      "minecraft:type_family": {
        "family": [ "block",  "chest", "zooglin"]
      },
      "minecraft:pushable": {
        "is_pushable": false,
        "is_pushable_by_piston": true
      },
	    "minecraft:physics": {
      },
      "minecraft:collision_box": {
        "width": 0.5,
        "height": 0.5
      },
      "minecraft:damage_sensor": {
          "triggers": {
   "on_damage": { 
   },
    "deals_damage": false
    }
  }
 },

    "events": {
    "minecraft:despawning": {
        "add": {
          "component_groups": [
            "minecraft:des"
          ]
        }
      },
          "minecraft:entity_spawned": {
        "randomize": [
          {
            "weight": 100,
            "remove": {
            },
            "add": {
              "component_groups": [
                "minecraft:drops1"
              ]
            }
          },
          {
            "weight": 40,
            "remove": {
            },
            "add": {
              "component_groups": [
                "minecraft:drops2"
              ]
            }
          },
          {
            "weight": 5,
            "remove": {
            },
            "add": {
              "component_groups": [
                "minecraft:drops3"
                 ]
               }
             }
           ]
        },
        "minecraft:drops": {
        "randomize": [
          {
            "weight": 100,
            "remove": {
            },
            "add": {
              "component_groups": [
                "minecraft:drops1"
              ]
            }
          },
          {
            "weight": 40,
            "remove": {
            },
            "add": {
              "component_groups": [
                "minecraft:drops2"
              ]
            }
          },
          {
            "weight": 5,
            "remove": {
            },
            "add": {
              "component_groups": [
                "minecraft:drops3"
              ]
            }
          }
        ]
      }
    }
  }
}