{
  "format_version": "1.10.0",
  "animations": {
    "animation.fly": {
      "loop": true,
      "animation_length": 1.28,
      "timeline": {
        "0.0": [
          "/effect @s levitation 1 0 true",
          "/effect @s slow_falling 5 3 true"
        ]
      }
    },
    "animation.fly2": {
      "loop": true,
      "animation_length": 0.2,
      "timeline": {
        "0.0": [
          "/effect @s[rx=-35,rxm=-90] levitation 1 10 true",
          "/effect @s[rx=-20,rxm=-35] levitation 1 5 true",
          "/effect @s[rx=10,rxm=-20] levitation 1 0 true",
          "/effect @s[rx=10,rxm=-20,type=wesl3y:explosive_speed_ride] speed 1 1 true",
          "/effect @s[rx=10,rxm=-20,type=wesl3y:fierce_wings_ride] speed 1 3 true",
          "/effect @s[rx=10,rxm=-20,type=wesl3y:float_ride] speed 1 1 true",
          "/effect @s[rx=10,rxm=-20,type=wesl3y:hell_flame_wings_ride] speed 1 2 true",
          "/effect @s slow_falling 5 0 true"
        ]
      }
    },
    "animation.particle": {
      "loop": true,
      "animation_length": 0.25,
      "timeline": {
        "0.0": [
          "/effect @s[tag=dark_shadow] regeneration 2 0 true",
          "/effect @s[tag=black_ankh] regeneration 2 0 true",
          "/effect @s[tag=ragnarok_shadow] regeneration 2 1 true",
          "/effect @s[tag=quirk_hell_flame,scores={stamina=200..}] fire_resistance 2 0 true",
          "/effect @s[tag=quirk_halfcold_halfhot,scores={stamina=200..}] fire_resistance 2 0 true",
          "/effect @s[scores={body_strength=10..19}] resistance 2 0 true",
          "/effect @s[scores={body_strength=20..}] resistance 2 1 true",

          "/execute at @s[tag=ofa] run particle wesl3y:thunder ~~1~",
          "/scoreboard players remove @s[scores={cooldown1=1..}] cooldown1 1",
          "/scoreboard players remove @s[scores={cooldown2=1..}] cooldown2 1",
          "/scoreboard players remove @s[scores={cooldown3=1..}] cooldown3 1",
          "/scoreboard players remove @s[scores={cooldown4=1..}] cooldown4 1",
          "/scoreboard players remove @s[scores={cooldown5=1..}] cooldown5 1",
          "/execute as @e[family=!quirk_decay,family=!attack,type=!item,type=!xp_orb,family=!inanimate] at @s if block ~~-1~ wesl3y:decay2 run damage @s 2 suicide",
          "/execute as @e[tag=!quirk_decay,family=!attack,type=!item,type=!xp_orb,family=!inanimate] at @s if block ~~-1~ wesl3y:decay run damage @s 2 suicide",
          "/execute as @e[type=wesl3y:electrification_short,family=100_volt] at @s run tp @s ^^^1.8 facing @e[type=!item,family=!attack,rm=0.01,r=25,c=1,hasitem={item=wesl3y:quirk_electrification,quantity=!1..}]",
          "/tag @s[tag=danger_sensor,scores={danger_sensor=..0}] remove danger_sensor"
        ]
      }
    },
    "animation.tick.2_0": {
      "loop": true,
      "animation_length": 4.0,
      "timeline": {
        "0.0": [
          "/scoreboard players add @s[tag=!danger_sensor,scores={danger_sensor=..2,quirk=..10}] danger_sensor 1",
          "/scoreboard players add @s[tag=!danger_sensor,scores={danger_sensor=..4,quirk=11..20}] danger_sensor 1",
          "/scoreboard players add @s[tag=!danger_sensor,scores={danger_sensor=..6,quirk=21..30}] danger_sensor 1",
          "/scoreboard players add @s[tag=!danger_sensor,scores={danger_sensor=..10,quirk=31..40}] danger_sensor 1",
          "/scoreboard players add @s[tag=!danger_sensor,scores={danger_sensor=..12,quirk=31..45}] danger_sensor 1",
          "/scoreboard players add @s[tag=!danger_sensor,scores={danger_sensor=..14,quirk=46..}] danger_sensor 1"
        ]
      }
    },
    "animation.timer.0_25": {
      "loop": false,
      "animation_length": 0.25
    },
    "animation.timer.0_3": {
      "loop": false,
      "animation_length": 0.3
    },
    "animation.timer.0_5": {
      "loop": false,
      "animation_length": 0.5
    },
    "animation.timer.0_75": {
      "loop": false,
      "animation_length": 0.75
    },
    "animation.timer.1_0": {
      "loop": false,
      "animation_length": 1.0
    },
    "animation.timer.2_0": {
      "loop": false,
      "animation_length": 7.0
    },
    "animation.add_stamina": {
      "loop": true,
      "animation_length": 0.25,
      "timeline": {
        "0.0": [
          "/scoreboard players add @s[scores={stamina=..999}] stamina 6"
        ]
      }
    },
    "animation.remove_stamina": {
      "loop": true,
      "animation_length": 0.5,
      "timeline": {
        "0.0": [
          "/scoreboard players remove @s stamina 2"
        ]
      }
    }
  }
}