{
  "format_version": "1.10.0",
  "animations": {
    "animation.explosion.ap_machine_gun.loop": {
      "loop": true,
      "animation_length": 0.25,
      "timeline": {
        "0.0": [
          "/playanimation @s animation.explosion.ap_machine_gun.loop wesl3y"
        ]
      }
    },
    "animation.explosion.ap_machine_gun": {
      "loop": false,
      "animation_length": 0.5,
      "timeline": {
        "0.0": [
          "/playanimation @s animation.explosion.ap_machine_gun.start wesl3y"
        ],
        "0.1": [
          "/tag @s add ap_machine_gun",
          "/event entity @s wesl3y:explosion_long2"
        ],
        "0.2": [
          "/event entity @s wesl3y:explosion_long2"
        ],
        "0.3": [
          "/event entity @s wesl3y:explosion_long2"
        ],
        "0.4": [
          "/tag @s remove ap_machine_gun"
        ]
      }
    },
    "animation.explosion.howitzer_impact": {
      "loop": false,
      "animation_length": 2.1,
      "timeline": {
        "0.0": [
          "/execute unless block ~~-2~ air 0 run effect @s levitation 1 12 true",
          "/effect @s slow_falling 7 255 true",
          "/playanimation @s animation.explosion.howitzer_impact.start wesl3y"
        ],
        "0.7": [
          "/effect @s levitation 5 0 true",
          "/particle wesl3y:howitzer_impact.start ~~2~",
          "/playanimation @s animation.explosion.howitzer_impact.middle wesl3y",
          "/summon wesl3y:explosion_short ^^^-2 ~ ~ wesl3y:howitzer_impact"
        ],
        "1.6": [
          "/playanimation @s animation.explosion.howitzer_impact.end wesl3y"
        ],
        "1.7": [
          "/particle wesl3y:howitzer_impact_explosion ^^^2",
          "/summon wesl3y:explosion_short ^^^4 ~ ~ wesl3y:howitzer_impact2"
        ],
        "1.8": [
          "/particle wesl3y:howitzer_impact_explosion ^^^4",
          "/summon wesl3y:explosion_short ^^^6 ~ ~ wesl3y:howitzer_impact2"
        ],
        "1.9": [
          "/particle wesl3y:howitzer_impact_explosion ^^^6",
          "/summon wesl3y:explosion_short ^^^8 ~ ~ wesl3y:howitzer_impact2"
        ]
      }
    }
  }
}