{
  "format_version": "1.10.0",
  "animations": {
    "animation.halfcold_halfhot.flashfire_fist": {
      "loop": false,
      "animation_length": 1.6,
      "timeline": {
        "0.0": [
          "/particle wesl3y:flashfire_fist",
          "/event entity @s wesl3y:skill.1"
        ],
        "0.1": [
          "/function damage/halfcold_halfhot/flashfire_fist"
        ],
        "0.2": [
          "/particle wesl3y:flashfire_fist2",
          "/function damage/halfcold_halfhot/flashfire_fist"
        ],
        "0.3": [
          "/function damage/halfcold_halfhot/flashfire_fist2"
        ],
        "0.4": [
          "/particle wesl3y:flashfire_fist3",
          "/function damage/halfcold_halfhot/flashfire_fist2"
        ],
        "0.5": [
          "/function damage/halfcold_halfhot/flashfire_fist3"
        ],
        "0.6": [
          "/particle wesl3y:flashfire_fist4",
          "/function damage/halfcold_halfhot/flashfire_fist4"
        ],
        "0.7": [
          "/function damage/halfcold_halfhot/flashfire_fist4"
        ],
        "0.8": [
          "/function damage/halfcold_halfhot/flashfire_fist4"
        ],
        "0.9": [
          "/function damage/halfcold_halfhot/flashfire_fist4"
        ],
        "1.0": [
          "/function damage/halfcold_halfhot/flashfire_fist4"
        ],
        "1.1": [
          "/function damage/halfcold_halfhot/flashfire_fist4"
        ],
        "1.2": [
          "/function damage/halfcold_halfhot/flashfire_fist4"
        ],
        "1.3": [
          "/function damage/halfcold_halfhot/flashfire_fist4"
        ],
        "1.4": [
          "/function damage/halfcold_halfhot/flashfire_fist4"
        ],
        "1.5": [
          "/function damage/halfcold_halfhot/flashfire_fist4"
        ]
      }
    },
    "animation.halfcold_halfhot.jet_burn": {
      "loop": false,
      "animation_length": 1.2,
      "timeline": {
        "0.0": [
          "/event entity @s wesl3y:skill.5",
          "/playanimation @s animation.hell_flame.jet_burn.start wesl3y"
        ],
        "0.1": [
          "/tag @s add jet_burnHALF",
          "/summon wesl3y:halfcold_halfhot_short ^^^-2 ~ ~ wesl3y:jet_burnHALF"
        ],
        "0.9": [
          "/event entity @s wesl3y:halfcold_halfhot_long"
        ],
        "1.1": [
          "/tag @s remove jet_burnHALF"
        ]
      }
    },
    "animation.halfcold_halfhot.ice_world": {
      "loop": false,
      "animation_length": 2.0,
      "timeline": {
        "0.0": [
          "/tp @s ~~~",
          "/fill ~13~13~13 ~-13 ~-1 ~-13 air 0 replace fire",
          "/fill ~4~4~4 ~-4 ~-1 ~-4 wesl3y:ice_block [\"wesl3y:block\": 0] replace grass",
          "/fill ~4~4~4 ~-4 ~-1 ~-4 wesl3y:ice_block [\"wesl3y:block\": 1] replace stone",
          "/fill ~4~4~4 ~-4 ~-1 ~-4 wesl3y:ice_block [\"wesl3y:block\": 1] replace cobblestone",
          "/fill ~4~4~4 ~-4 ~-1 ~-4 wesl3y:ice_block [\"wesl3y:block\": 2] replace sand",
          "/fill ~4~4~4 ~-4 ~-1 ~-4 wesl3y:ice_block [\"wesl3y:block\": 3] replace planks"
        ],
        "0.1": [
          "/tp @s ~~~"
        ],
        "0.2": [
          "/tp @s ~~~"
        ],
        "0.3": [
          "/tp @s ~~~",
          "/fill ~7~7~7 ~-7 ~-1 ~-7 wesl3y:ice_block [\"wesl3y:block\": 0] replace grass",
          "/fill ~7~7~7 ~-7 ~-1 ~-7 wesl3y:ice_block [\"wesl3y:block\": 1] replace stone",
          "/fill ~7~7~7 ~-7 ~-1 ~-7 wesl3y:ice_block [\"wesl3y:block\": 1] replace cobblestone",
          "/fill ~7~7~7 ~-7 ~-1 ~-7 wesl3y:ice_block [\"wesl3y:block\": 2] replace sand",
          "/fill ~7~7~7 ~-7 ~-1 ~-7 wesl3y:ice_block [\"wesl3y:block\": 3] replace planks",
          "/playanimation @s animation.ice.world.loop wesl3y"
        ],
        "0.4": [
          "/tp @s ~~~"
        ],
        "0.5": [
          "/tp @s ~~~"
        ],
        "0.6": [
          "/tp @s ~~~",
          "/playanimation @s animation.ice.world.loop wesl3y"
        ],
        "0.7": [
          "/tp @s ~~~",
          "/fill ~10~10~10 ~-10 ~-1 ~-10 wesl3y:ice_block [\"wesl3y:block\": 0] replace grass",
          "/fill ~10~10~20 ~-20 ~-1 ~-20 wesl3y:ice_block [\"wesl3y:block\": 1] replace stone",
          "/fill ~10~10~10 ~-10 ~-1 ~-10 wesl3y:ice_block [\"wesl3y:block\": 1] replace cobblestone",
          "/fill ~10~10~10 ~-10 ~-1 ~-10 wesl3y:ice_block [\"wesl3y:block\": 2] replace sand",
          "/fill ~10~10~10 ~-10 ~-1 ~-10 wesl3y:ice_block [\"wesl3y:block\": 3] replace planks",
          "/tag @s add ice_world",
          "/execute at @e[rm=1,r=10,c=5,family=!attack,family=!inanimate,type=!item,type=!xp_orb] run summon wesl3y:halfcold_halfhot_short ~~~ ~ ~ wesl3y:ice_worldHALF"
        ],
        "0.8": [
          "/tp @s ~~~"
        ],
        "0.9": [
          "/tp @s ~~~",
          "/fill ~13~13~13 ~-13 ~-1 ~-13 wesl3y:ice_block [\"wesl3y:block\": 0] replace grass",
          "/fill ~13~13~13 ~-13 ~-1 ~-13 wesl3y:ice_block [\"wesl3y:block\": 1] replace stone",
          "/fill ~13~13~13 ~-13 ~-1 ~-13 wesl3y:ice_block [\"wesl3y:block\": 1] replace cobblestone",
          "/fill ~13~13~13 ~-13 ~-1 ~-13 wesl3y:ice_block [\"wesl3y:block\": 2] replace sand",
          "/fill ~13~13~13 ~-13 ~-1 ~-13 wesl3y:ice_block [\"wesl3y:block\": 3] replace planks",
          "/playanimation @s animation.ice.world.loop wesl3y"
        ]
      }
    }
  }
}