{
  "format_version": "1.10.0",
  "animations": {
    "animation.hell_flame.flashfire_fist": {
      "loop": false,
      "animation_length": 1.6,
      "timeline": {
        "0.0": [
          "/particle wesl3y:flashfire_fist",
          "/event entity @s wesl3y:skill.1"
        ],
        "0.1": [
          "/function damage/hell_flame/flashfire_fist"
        ],
        "0.2": [
          "/particle wesl3y:flashfire_fist2",
          "/function damage/hell_flame/flashfire_fist"
        ],
        "0.3": [
          "/function damage/hell_flame/flashfire_fist2"
        ],
        "0.4": [
          "/particle wesl3y:flashfire_fist3",
          "/function damage/hell_flame/flashfire_fist2"
        ],
        "0.5": [
          "/function damage/hell_flame/flashfire_fist3"
        ],
        "0.6": [
          "/particle wesl3y:flashfire_fist4",
          "/function damage/hell_flame/flashfire_fist4"
        ],
        "0.7": [
          "/function damage/hell_flame/flashfire_fist4"
        ],
        "0.8": [
          "/function damage/hell_flame/flashfire_fist4"
        ],
        "0.9": [
          "/function damage/hell_flame/flashfire_fist4"
        ],
        "1.0": [
          "/function damage/hell_flame/flashfire_fist4"
        ],
        "1.1": [
          "/function damage/hell_flame/flashfire_fist4"
        ],
        "1.2": [
          "/function damage/hell_flame/flashfire_fist4"
        ],
        "1.3": [
          "/function damage/hell_flame/flashfire_fist4"
        ],
        "1.4": [
          "/function damage/hell_flame/flashfire_fist4"
        ],
        "1.5": [
          "/function damage/hell_flame/flashfire_fist4"
        ]
      }
    },
    "animation.hell_flame.ignited_arrow.loop": {
      "loop": true,
      "animation_length": 0.25,
      "timeline": {
        "0.0": [
          "/playanimation @s animation.hell_flame.ignited_arrow.loop wesl3y"
        ]
      }
    },
    "animation.hell_flame.jet_burn.loop": {
      "loop": true,
      "animation_length": 0.25,
      "timeline": {
        "0.0": [
          "/playanimation @s[hasitem={item=wesl3y:quirk_cremation,location=slot.weapon.mainhand,quantity=!1..}] animation.hell_flame.jet_burn.loop wesl3y",
          "/playanimation @s[hasitem={item=wesl3y:quirk_cremation,location=slot.weapon.mainhand,quantity=1..}] animation.cremation.jet_burn.loop wesl3y"
        ]
      }
    }
  }
}