{
    "format_version": "1.16.0",
    "minecraft:entity": {
        "description": {
            "identifier": "darkage:bee_nagars",
            "is_spawnable": false,
            "is_summonable": true,
            "is_experimental": false
        },
        "component_groups": {
        },
        "components": {
            "minecraft:is_baby": {},
            "minecraft:scale": {
                "value": 1.2
            },
            "minecraft:behavior.follow_parent": {
                "priority": 1,
                "speed_multiplier": 1.1
            },
            "minecraft:behavior.melee_attack": {
                "priority": 4,
                "target_dist": 1.2,
                "speed_multiplier": 1.2,
                "track_target": true
                },
                "minecraft:attack": {
                    "damage": 2,
                    "effect_name": "poison",
                    "effect_duration": 18
                    },
            "minecraft:behavior.hurt_by_target": {
                "priority": 1
            },
            "minecraft:behavior.nearest_attackable_target": {
                "priority": 2,
                "scan_interval": 20,
                "within_radius": 40.0,
                "reselect_targets": true,
                "entity_types": [
                  {
                    "filters": {
                      "any_of": [
                        { "test": "is_family", "subject": "other", "value": "player" },
                        { "test": "is_family", "subject": "other", "value": "snowgolem" },
                        { "test": "is_family", "subject": "other", "value": "irongolem" },
                        { "test": "is_family", "subject": "other", "value": "stinky_medical" },
                        { "test": "is_family", "subject": "other", "value": "plague" },
                        { "test": "is_family", "subject": "other", "value": "unbound_elemental" }
                      ]
                    },
                    "max_dist": 40
                  },
                  {
                    "filters": {
                      "any_of": [
                        { "test": "is_family", "subject": "other", "value": "villager" },
                        { "test": "is_family", "subject": "other", "value": "wandering_trader" }
                      ]
                    },
                    "max_dist": 40,
                    "must_see": false
                  },
                  {
                    "filters": {
                      "all_of": [
                        { "test": "is_family", "subject": "other", "value": "baby_turtle" },
                        { "test": "in_water", "subject": "other", "operator": "!=", "value": true }
                      ]
                    },
                    "max_dist": 40
                  }
                ],
                "must_see": true,
                "must_see_forget_duration": 0.5
              },
            "minecraft:behavior.random_hover": {
                "priority": 12,
                "xz_dist": 8,
                "y_dist": 8,
                "y_offset": -1,
                "interval": 1,
                "hover_height": [1, 4]
            },
            "minecraft:leashable": {
                "soft_distance": 4.0,
                "hard_distance": 6.0,
                "max_distance": 10.0
            },
            "minecraft:behavior.float": {
                "priority": 19
            },
            "minecraft:type_family": {
                "family": [ "nagars" ]
            },
            "minecraft:breathable": {
                "totalSupply": 15,
                "suffocateTime": 0
            },
            "minecraft:collision_box": {
                "width": 0.55,
                "height": 0.5
            },
            "minecraft:follow_range": {
                "value": 1024
            },
            "minecraft:damage_sensor": {
                "triggers": {
                    "cause": "fall",
                    "deals_damage": false
                }
            },
            "minecraft:hurt_on_condition": {
                "damage_conditions": [
                    {
                        "filters": {
                            "test": "in_lava",
                            "subject": "self",
                            "operator": "==",
                            "value": true
                        },
                        "cause": "lava",
                        "damage_per_tick": 4
                    }
                ]
            },
            "minecraft:movement": {
                "value": 0.3
            },
            "minecraft:flying_speed": {
                "value": 0.15
            },
            "minecraft:navigation.hover": {
                "can_path_over_water": true,
                "can_sink": false,
                "can_pass_doors": false,
                "can_path_from_air": true,
                "avoid_water": true,
                "avoid_damage_blocks": true,
                "avoid_sun": false
            },
            "minecraft:movement.hover": {},
            "minecraft:jump.static": {},
            "minecraft:can_fly": {},
            "minecraft:health": {
                "value": 15,
                "max": 15
            },
            "minecraft:physics": {},
            "minecraft:pushable": {
                "is_pushable": true,
                "is_pushable_by_piston": true
              }
        },
        "events": {
        }
    }
}
