{
  "format_version": "1.13.0",
 "minecraft:entity": {
  "description": {
    "identifier": "darkage:flower_nagars",
    "is_spawnable": false,
    "is_summonable": true,
    "is_experimental": false,
    "scripts": {
   "animate": [
     "levitation"
   ]
 },
 "animations": {
   "levitation": "controller.animation.flower_nagars.levitation"
  }
},
  "component_groups": {
    "minecraft:welcome_minion": {
      "minecraft:spawn_entity": [
           { 
            "min_wait_time": 0,
            "max_wait_time": 0,
            "spawn_entity": "darkage:minion_nagars",
            "spawn_event": "minecraft:minion_nagars_welcome",
            "single_use": true,
            "num_to_spawn": 1,
            "should_leash": false
           }
          ],
          "minecraft:timer": {
            "looping": false,
            "time": 0.5,
            "time_down_event": {
            "event": "despawneo"
            }
            }
        },
    "minecraft:despawn_spawn": {
      "minecraft:despawn": { 
                }
            },
    "minecraft:minion_time": {
      "minecraft:timer": {
					"time": 4.0,
					"time_down_event": {
						"event": "minecraft:minion_nagars_welcome"
					}
				}
    }
  },
  "components": {
   "minecraft:collision_box": {
    "width": 1.0,
    "height": 1.0
   },
   "minecraft:type_family": {
    "family": [ "nagars", "monster" ]
  },
   "minecraft:health": {
    "value": 10,
    "max": 10
  },
   "minecraft:knockback_resistance": {
    "value": 2.0
  },
   "minecraft:scale": {
    "value": 1.0
  },
   "minecraft:physics": {
   },
   "minecraft:pushable": {
    "is_pushable": false,
    "is_pushable_by_piston": true
   }
  },
  "events": {
    "minecraft:entity_spawned": {
      "randomize": [
        {
          "weight": 9,
          "remove": {
          },
          "add": {
            "component_groups": [
              "minecraft:minion_time"
            ]
          }
        }
      ]
    },
    "minecraft:entity_born": {
      "remove": {
      },
      "add": {
        "component_groups": [
          "minecraft:minion_time"
        ]
      }
    },
    "despawneo": {
      "add": {
        "component_groups": [
          "minecraft:despawn_spawn"
        ]
      }
    },
    "minecraft:minion_nagars_welcome": {
      "remove": {
        "component_groups": [
            "minecraft:minion_time"
             ]
          },
      "add": {
        "component_groups": [
          "minecraft:welcome_minion"
        ]
      }
    }
  }
 }
}
