{
	"format_version": "1.16.100",
	"minecraft:item": {
		"description": {
			"identifier": "zk:bomb",
			"category": "equipment"
		},
		"components": {
			"minecraft:creative_category": {
				"parent": "equipment"
			},
			"minecraft:icon": {
				"texture": "zk_bomb"
			},
			"minecraft:foil": false,
			"minecraft:cooldown": {
				"duration": 3,
				"category": "basic"
			},
			"minecraft:on_use": {
				"on_use": {
					"event": "shoot",
					"condition": "query.scoreboard('mana')>=2"
				}
			},
			"minecraft:max_stack_size": 1,
			"minecraft:display_name": {
				"value": "§4Basic Atk \n§b2 Mana \n§4§lBomb Lvl.1"
			}
		},
		"events": {
			"shoot": {
				"sequence": [
					{
						"shoot": {
							"projectile": "zk:bombproj",
							"launch_power": 1
						}
					},
					{
						"run_command": {
							"command": [
								"playsound zk.bomblv1 @a[r=40] ~~~",
								"scoreboard players remove @s[scores={mana=2..}] mana 2",
								"title @s[scores={mana=..1}] actionbar §cInsufficient Mana!",
								"playanimation @s animation.demolition.bomb"
							]
						}
					}
				]
			}
		}
	}
}