{
	"format_version": "1.16.100",
	"minecraft:item": {
		"description": {
			"identifier": "zk:bomb2",
			"category": "equipment"
		},
		"components": {
			"minecraft:creative_category": {
				"parent": "Equ"
			},
			"minecraft:icon": {
				"texture": "zk_bomb"
			},
			"minecraft:foil": true,
			"minecraft:cooldown": {
				"duration": 5,
				"category": "skill 1"
			},
			"minecraft:on_use": {
				"on_use": {
					"event": "shoot",
					"condition": "query.scoreboard('mana')>=13"
				}
			},
			"minecraft:max_stack_size": 1,
			"minecraft:display_name": {
				"value": "§4Skill 1 \n§b13 Mana \n§4§lBomb Lvl.2"
			}
		},
		"events": {
			"shoot": {
				"sequence": [
					{
						"shoot": {
							"projectile": "zk:bombbig",
							"launch_power": 1
						}
					},
					{
						"run_command": {
							"command": [
								"playsound zk.bomblv2 @a[r=40] ~~~",
								"scoreboard players remove @s[scores={mana=13..}] mana 13",
								"title @s[scores={mana=..7}] actionbar §cInsufficient Mana!",
								"playanimation @s animation.demolition.bomb"
							]
						}
					}
				]
			}
		}
	}
}