{
	"format_version": "1.16.100",
	"minecraft:item": {
		"description": {
			"identifier": "zk:explodingfirework",
			"category": "equipment"
		},
		"components": {
			"minecraft:creative_category": {
				"parent": "equipment"
			},
			"minecraft:icon": {
				"texture": "zk_fireworks"
			},
			"minecraft:foil": true,
			"minecraft:cooldown": {
				"category": "skill2",
				"duration": 16
			},
			"minecraft:on_use": {
				"on_use": {
					"event": "shoot",
					"condition": "query.scoreboard('mana')>=18"
				}
			},
			"minecraft:max_stack_size": 1,
			"minecraft:display_name": {
				"value": "§4Skill 2 \n§b18 Mana \n§4§lFirework Rain"
			}
		},
		"events": {
			"shoot": {
				"sequence": [
					{
						"run_command": {
							"command": [
								"tag @s add frain",
								"scoreboard players remove @s[scores={mana=18..}] mana 18",
								"title @s[scores={mana=..17}] actionbar §cInsufficient Mana!",
								"playanimation @s animation.demolition.fireworks"
							]
						}
					}
				]
			}
		}
	}
}