{
	"format_version": "1.16.0",
	"minecraft:entity": {
		"description": {
			"identifier": "zk:illuminate",
			"is_spawnable": false,
			"is_summonable": true,
			"is_experimental": false
		},
		"component_groups": {},
		"components": {
			"minecraft:damage_sensor": {
				"triggers": [
					{
						"cause": "all",
						"deals_damage": false
					}
				]
			},
			"minecraft:collision_box": {
				"height": 0,
				"width": 0
			},
			"minecraft:type_family": {
				"family": [
					"none"
				]
			}
		},
		"events": {}
	}
}