{
	"format_version": "1.16.0",
	"minecraft:entity": {
		"description": {
			"identifier": "zk:lightshieldre",
			"is_spawnable": false,
			"is_summonable": true,
			"is_experimental": false
		},
		"component_groups": {
			"despawn": {
				"minecraft:instant_despawn": {}
			},
			"knockback": {
				"minecraft:behavior.knockback_roar": {
					"knockback_strength": 7,
					"duration": 2,
					"knockback_damage": 30,
					"damage_filters": {
						"none_of": [
							{
								"test": "has_tag",
								"subject": "other",
								"value": "light"
							},
							{
								"test": "has_tag",
								"subject": "other",
								"value": "ally"
							}
						]
					},
					"attack_time": 2,
					"knockback_range": 8,
					"priority": 1,
					"knockback_filters": {
						"none_of": [
							{
								"test": "has_tag",
								"subject": "other",
								"value": "light"
							},
							{
								"test": "has_tag",
								"subject": "other",
								"value": "light"
							}
						]
					},
					"on_roar_end": {
						"event": "despawn"
					},
					"cooldown_time": 0
				}
			}
		},
		"components": {
			"minecraft:area_attack": {
				"damage_range": 1,
				"damage_per_tick": 7,
				"cause": "contact",
				"entity_filter": {
					"none_of": [
						{
							"test": "has_tag",
							"subject": "other",
							"value": "light"
						},
						{
							"test": "has_tag",
							"subject": "other",
							"value": "ally"
						},
						{
							"test": "is_family",
							"subject": "other",
							"value": "light"
						}
					]
				}
			},
			"minecraft:health": {
				"value": 25,
				"max": 25
			},
			"minecraft:collision_box": {
				"width": 1,
				"height": 1
			},
			"minecraft:timer": {
				"time": 15,
				"time_down_event": {
					"event": "despawn"
				}
			},
			"minecraft:type_family": {
				"family": [
					"light"
				]
			},
			"minecraft:on_hurt": {
				"event": "knockback"
			},
			"minecraft:behavior.nearest_attackable_target": {
				"priority": 0,
				"must_reach": true,
				"must_see": true,
				"entity_types": {
					"filters": {
						"none_of": [
							{
								"test": "has_tag",
								"subject": "other",
								"value": "light"
							},
							{
								"test": "is_family",
								"subject": "other",
								"value": "light"
							}
						]
					}
				}
			},
			"minecraft:damage_sensor": {
				"triggers": {
					"cause": "all",
					"deals_damage": false
				}
			},
			"minecraft:behavior.melee_attack": {
				"priority": 0,
				"on_attack": {
					"event": "knockback"
				},
				"attack_once": true
			},
			"minecraft:attack_damage": {
				"value": 4
			},
			"minecraft:navigation.walk": {
				"can_walk": true
			},
			"minecraft:behavior.knockback_roar": {
				"priority": 1,
				"attack_time": 2,
				"cooldown_time": 0,
				"knockback_damage": 15,
				"duration": 2,
				"knockback_strength": 7,
				"knockback_range": 8,
				"on_roar_end": {
					"event": "despawn"
				},
				"knockback_filters": {
					"none_of": [
						{
							"test": "has_tag",
							"subject": "other",
							"value": "light"
						},
						{
							"test": "has_tag",
							"subject": "other",
							"value": "ally"
						}
					]
				},
				"damage_filters": {
					"none_of": [
						{
							"test": "has_tag",
							"subject": "other",
							"value": "light"
						},
						{
							"test": "has_tag",
							"subject": "other",
							"value": "ally"
						}
					]
				}
			}
		},
		"events": {
			"despawn": {
				"sequence": [
					{
						"run_command": {
							"command": [
								"playsound zk.lightshieldknock @a[r=50]",
								"execute @a[c=1,tag=light] ~~~ particle zk:brightknock ~~~"
							]
						}
					},
					{
						"add": {
							"component_groups": [
								"despawn"
							]
						}
					}
				]
			},
			"knockback": {
				"add": {
					"component_groups": [
						"knockback"
					]
				}
			}
		}
	}
}