{
	"format_version": "1.16.0",
	"minecraft:entity": {
		"description": {
			"identifier": "zk:entitylightrayr",
			"is_spawnable": false,
			"is_summonable": true,
			"is_experimental": false
		},
		"component_groups": {
			"despawn": {
				"minecraft:instant_despawn": {}
			}
		},
		"components": {
			"minecraft:timer": {
				"time": 1.7,
				"time_down_event": {
					"event": "despawn"
				}
			},
			"minecraft:damage_sensor": {
				"triggers": [
					{
						"cause": "all",
						"deals_damage": false
					}
				]
			},
			"minecraft:area_attack": {
				"damage_range": 1,
				"damage_per_tick": 10,
				"cause": "magic",
				"entity_filter": {
					"none_of": [
						{
							"test": "has_tag",
							"subject": "other",
							"value": "light"
						},
						{
							"test": "has_tag",
							"subject": "other",
							"value": "ally"
						}
					]
				}
			},
			"minecraft:type_family": {
				"family": [
					"light",
					"none"
				]
			}
		},
		"events": {
			"despawn": {
				"add": {
					"component_groups": [
						"despawn"
					]
				}
			}
		}
	}
}