{
	"format_version": "1.16.0",
	"minecraft:entity": {
		"description": {
			"identifier": "zk:lightshielde",
			"is_spawnable": false,
			"is_summonable": true,
			"is_experimental": false
		},
		"component_groups": {
			"despawn": {
				"minecraft:instant_despawn": {}
			}
		},
		"components": {
			"minecraft:area_attack": {
				"damage_range": 1,
				"damage_per_tick": 2,
				"cause": "contact",
				"entity_filter": {
					"none_of": [
						{
							"test": "has_tag",
							"subject": "other",
							"value": "light"
						},
						{
							"test": "has_tag",
							"subject": "other",
							"value": "ally"
						},
						{
							"test": "is_family",
							"subject": "other",
							"value": "light"
						}
					]
				}
			},
			"minecraft:health": {
				"value": 25,
				"max": 25
			},
			"minecraft:damage_sensor": {
				"triggers": {
					"cause": "all",
					"deals_damage": false
				}
			},
			"minecraft:collision_box": {
				"width": 1,
				"height": 1
			},
			"minecraft:timer": {
				"time": 15,
				"time_down_event": {
					"event": "despawn"
				}
			},
			"minecraft:type_family": {
				"family": [
					"light"
				]
			}
		},
		"events": {
			"despawn": {
				"add": {
					"component_groups": [
						"despawn"
					]
				}
			}
		}
	}
}