{
	"format_version": "1.16.0",
	"minecraft:entity": {
		"description": {
			"identifier": "zk:luminousr",
			"is_spawnable": false,
			"is_summonable": true,
			"is_experimental": false
		},
		"component_groups": {
			"despawn": {
				"minecraft:instant_despawn": {}
			}
		},
		"components": {
			"minecraft:scale": {
				"value": 4
			},
			"minecraft:damage_sensor": {
				"triggers": [
					{
						"cause": "all",
						"deals_damage": false
					}
				]
			},
			"minecraft:timer": {
				"time": 6,
				"time_down_event": {
					"event": "despawn"
				}
			},
			"minecraft:area_attack": {
				"damage_range": 8,
				"damage_per_tick": 5,
				"cause": "magic",
				"entity_filter": {
					"none_of": [
						{
							"test": "has_tag",
							"subject": "other",
							"operator": "==",
							"value": "light"
						},
						{
							"test": "has_tag",
							"subject": "other",
							"operator": "==",
							"value": "ally"
						}
					]
				}
			},
			"minecraft:type_family": {
				"family": [
					"light",
					"luminous",
					"none"
				]
			},
			"minecraft:mob_effect": {
				"effect_range": 8,
				"mob_effect": "blindness",
				"effect_time": 3,
				"entity_filter": {
					"any_of": [
						{
							"test": "has_tag",
							"subject": "other",
							"operator": "!=",
							"value": "light"
						}
					]
				}
			}
		},
		"events": {
			"despawn": {
				"add": {
					"component_groups": [
						"despawn"
					]
				}
			},
			"zk:hurt": {
				"run_command": {
					"command": [
						"playsound zk.luminoushit @a[r=10]"
					]
				}
			}
		}
	}
}